Date,Open,High,Low,Close
1/4/2010,15.24,15.75,15.12,15.69
1/5/2010,15.74,16.21,15.7,16.2
1/6/2010,16.21,16.54,16.03,16.39
1/7/2010,16.68,17.185,16.51,16.93
1/8/2010,16.98,17.1,16.63,16.78
1/11/2010,16.99,17.14,16.72,16.93
1/12/2010,16.72,16.75,16.17,16.36
1/13/2010,16.43,16.78,16.149,16.62
1/14/2010,16.63,16.92,16.605,16.82
1/15/2010,16.64,16.65,16.23,16.26
1/19/2010,16.059,16.47,15.84,16.32
1/20/2010,16.219,16.63,16.18,16.49
1/21/2010,16.46,16.66,15.2,15.47
1/22/2010,15.26,15.52,14.71,14.9
1/25/2010,15.16,15.27,14.77,14.98
1/26/2010,14.94,15.17,14.72,14.77
1/27/2010,14.71,15.29,14.68,15.19
1/28/2010,15.4,15.59,15.01,15.37
1/29/2010,15.49,15.55,15.09,15.18
2/1/2010,15.26,15.44,15.13,15.42
2/2/2010,15.45,15.68,15.31,15.6
2/3/2010,15.57,15.8,15.52,15.53
2/4/2010,15.35,15.43,14.73,14.75
2/5/2010,14.84,15.06,14.31,15
2/8/2010,14.94,14.96,14.45,14.48
2/9/2010,14.67,14.78,14.25,14.47
2/10/2010,14.51,14.91,14.46,14.67
2/11/2010,14.67,14.8,14.54,14.63
2/12/2010,14.47,14.54,14.28,14.45
2/16/2010,14.66,15.31,14.62,15.16
2/17/2010,15.35,15.88,15.25,15.66
2/18/2010,15.52,16,15.5,15.88
2/19/2010,15.73,16.04,15.71,15.88
2/22/2010,15.96,16.4,15.96,16.21
2/23/2010,16.12,16.379,15.79,15.94
2/24/2010,15.98,16.36,15.96,16.329
2/25/2010,16.05,16.57,15.95,16.55
2/26/2010,16.57,16.84,16.41,16.66
3/1/2010,16.66,16.86,16.57,16.71
3/2/2010,16.7,16.8,16.39,16.45
3/3/2010,16.47,16.62,16.329,16.37
3/4/2010,16.37,16.5,16.03,16.4
3/5/2010,16.52,16.75,16.45,16.7
3/8/2010,16.75,16.91,16.69,16.74
3/9/2010,16.63,16.99,16.54,16.8
3/10/2010,17.01,17.35,16.985,17.11
3/11/2010,17.18,17.28,17.06,17.12
3/12/2010,17.26,17.3,16.68,16.85
3/15/2010,16.74,16.91,16.59,16.85
3/16/2010,16.97,17.07,16.9,17.03
3/17/2010,17.17,17.3,17.025,17.27
3/18/2010,17.29,17.32,16.98,17.08
3/19/2010,17.16,17.23,16.74,16.82
3/22/2010,16.62,16.97,16.6,16.96
3/23/2010,17.08,17.22,16.94,17.13
3/24/2010,17.12,17.73,17.1,17.57
3/25/2010,17.84,18.35,17.7,17.74
3/26/2010,17.98,18.23,17.75,17.9
3/29/2010,18.17,18.2,17.77,18.04
3/30/2010,18.06,18.12,17.67,17.76
3/31/2010,17.69,17.98,17.67,17.85
4/1/2010,18.02,18.1,17.89,18.04
4/5/2010,18.16,18.25,18.02,18.13
4/6/2010,18.16,18.54,18.1,18.49
4/7/2010,18.58,18.86,18.53,18.62
4/8/2010,18.59,18.84,18.31,18.65
4/9/2010,18.82,18.85,18.5,18.59
4/12/2010,18.68,18.82,18.6,18.66
4/13/2010,18.61,18.72,18.49,18.67
4/14/2010,18.98,19.42,18.92,19.4
4/15/2010,19.63,19.864,19.36,19.48
4/16/2010,19.47,19.48,18.05,18.41
4/19/2010,18.41,18.65,17.87,18.39
4/20/2010,18.79,18.83,18.44,18.61
4/21/2010,18.67,18.91,18.11,18.28
4/22/2010,18.03,18.6,17.95,18.54
4/23/2010,18.4,18.53,18.28,18.43
4/26/2010,18.41,18.44,18.025,18.05
4/27/2010,17.91,18.18,17.41,17.47
4/28/2010,17.65,17.96,17.51,17.78
4/29/2010,18.04,18.4,17.99,18.3
4/30/2010,18.28,18.3,17.61,17.83
5/3/2010,17.88,18.15,17.78,18.06
5/4/2010,17.77,17.91,17.48,17.56
5/5/2010,17.2,17.84,16.89,17.53
5/6/2010,17.48,17.61,15.5,16.28
5/7/2010,16.48,16.79,15.95,16.18
5/10/2010,17.225,17.39,17.01,17.3
5/11/2010,17.08,17.49,16.97,17.16
5/12/2010,17.27,17.33,16.99,17.07
5/13/2010,17.03,17.18,16.85,16.87
5/14/2010,16.71,16.72,16.12,16.34
5/17/2010,16.39,16.45,15.85,16.35
5/18/2010,16.71,16.75,15.67,15.95
5/19/2010,15.8,16.46,15.8,16.309
5/20/2010,15.96,16.05,15.28,15.3
5/21/2010,14.96,16,14.95,15.99
5/24/2010,15.98,16.079,15.39,15.4
5/25/2010,14.91,15.54,14.8,15.49
5/26/2010,15.91,16.1,15.38,15.47
5/27/2010,15.81,16.2,15.59,16.18
5/28/2010,16.17,16.18,15.71,15.74
6/1/2010,15.58,15.98,15.4,15.44
6/2/2010,15.58,15.92,15.35,15.89
6/3/2010,15.96,16.07,15.69,15.81
6/4/2010,15.5,15.73,15.25,15.35
6/7/2010,15.36,15.4,14.77,14.83
6/8/2010,14.88,15.35,14.79,15.33
6/9/2010,15.43,15.49,14.94,15.01
6/10/2010,15.27,15.48,15.11,15.46
6/11/2010,15.33,15.7,15.305,15.6
6/14/2010,15.7,15.79,15.39,15.41
6/15/2010,15.555,15.84,15.31,15.799
6/16/2010,15.695,15.97,15.65,15.87
6/17/2010,15.96,16.07,15.59,15.82
6/18/2010,15.88,15.91,15.74,15.82
6/21/2010,16.03,16.1,15.75,15.79
6/22/2010,15.775,15.905,15.56,15.58
6/23/2010,15.6,15.71,15.29,15.43
6/24/2010,15.27,15.31,14.98,15.02
6/25/2010,15.26,15.62,15.11,15.42
6/28/2010,15.5,15.55,15.21,15.24
6/29/2010,15.01,15.05,14.45,14.57
6/30/2010,14.62,14.8,14.3,14.37
7/1/2010,14.32,14.35,13.5,14.02
7/2/2010,14.1,14.1,13.68,13.84
7/6/2010,14.125,14.31,13.83,14.06
7/7/2010,14.12,14.73,14.1,14.71
7/8/2010,14.88,14.94,14.6,14.86
7/9/2010,14.86,15.13,14.75,15.11
7/12/2010,15.07,15.25,14.97,15.21
7/13/2010,15.48,15.72,15.4,15.67
7/14/2010,15.6,15.72,15.42,15.67
7/15/2010,15.66,15.69,15.06,15.39
7/16/2010,14.63,14.67,13.96,13.98
7/19/2010,13.97,14.02,13.3,13.61
7/20/2010,13.36,13.85,13.3,13.77
7/21/2010,13.96,13.97,13.33,13.36
7/22/2010,13.55,13.89,13.54,13.66
7/23/2010,13.68,13.8,13.47,13.74
7/26/2010,13.85,14.21,13.71,14.15
7/27/2010,14.52,14.65,14.18,14.19
7/28/2010,14.12,14.24,13.96,13.99
7/29/2010,14.15,14.21,13.9,14.03
7/30/2010,13.88,14.24,13.85,14.04
8/2/2010,14.38,14.47,14.23,14.44
8/3/2010,14.36,14.46,14.29,14.34
8/4/2010,14.36,14.39,14.12,14.19
8/5/2010,14.09,14.126,13.955,14.02
8/6/2010,13.91,14.04,13.75,13.96
8/9/2010,14.06,14.07,13.75,13.91
8/10/2010,13.77,13.82,13.61,13.63
8/11/2010,13.5,13.52,13.16,13.19
8/12/2010,13.05,13.35,13.02,13.062
8/13/2010,13.11,13.34,13.11,13.23
8/16/2010,13.13,13.29,13.09,13.19
8/17/2010,13.405,13.45,13.15,13.21
8/18/2010,13.25,13.5,13.24,13.32
8/19/2010,13.28,13.37,13.01,13.02
8/20/2010,12.98,12.99,12.75,12.87
8/23/2010,13.07,13.1,12.86,12.87
8/24/2010,12.75,12.83,12.59,12.64
8/25/2010,12.56,12.72,12.42,12.66
8/26/2010,12.735,12.9,12.47,12.47
8/27/2010,12.57,12.72,12.41,12.64
8/30/2010,12.54,12.6,12.27,12.32
8/31/2010,12.33,12.52,12.18,12.46
9/1/2010,12.64,13.21,12.6,13.207
9/2/2010,13.15,13.44,13.15,13.28
9/3/2010,13.5,13.69,13.33,13.5
9/7/2010,13.38,13.42,13.2,13.21
9/8/2010,13.26,13.49,13.23,13.37
9/9/2010,13.58,13.87,13.48,13.5
9/10/2010,13.6,13.66,13.51,13.55
9/13/2010,13.94,14.06,13.87,13.95
9/14/2010,13.96,13.97,13.64,13.68
9/15/2010,13.62,13.79,13.51,13.71
9/16/2010,13.62,13.66,13.51,13.55
9/17/2010,13.69,13.7,13.34,13.4
9/20/2010,13.46,13.81,13.37,13.74
9/21/2010,13.95,14,13.64,13.65
9/22/2010,13.63,13.77,13.41,13.42
9/23/2010,13.31,13.43,13.12,13.17
9/24/2010,13.37,13.6,13.3,13.6
9/27/2010,13.605,13.63,13.23,13.24
9/28/2010,13.31,13.32,13.15,13.27
9/29/2010,13.24,13.29,13.05,13.11
9/30/2010,13.21,13.39,13.05,13.102
10/1/2010,13.22,13.42,13.06,13.3
10/4/2010,13.27,13.45,13.13,13.15
10/5/2010,13.32,13.64,13.205,13.56
10/6/2010,13.63,13.66,13.32,13.39
10/7/2010,13.47,13.5,13.23,13.31
10/8/2010,13.335,13.49,13.1,13.18
10/11/2010,13.2,13.25,13.11,13.15
10/12/2010,13.1,13.53,13.09,13.52
10/13/2010,13.6,13.64,13.25,13.29
10/14/2010,13,13.03,12.42,12.6
10/15/2010,12.66,12.68,11.74,11.98
10/18/2010,11.96,12.37,11.83,12.34
10/19/2010,12.34,12.45,11.71,11.8
10/20/2010,11.6,11.88,11.17,11.75
10/21/2010,11.84,11.88,11.32,11.36
10/22/2010,11.47,11.58,11.37,11.44
10/25/2010,11.56,11.59,11.07,11.16
10/26/2010,11.08,11.48,11.03,11.3
10/27/2010,11.32,11.67,11.25,11.54
10/28/2010,11.72,11.72,11.41,11.53
10/29/2010,11.5,11.54,11.36,11.449
11/1/2010,11.5,11.58,11.36,11.5
11/2/2010,11.56,11.59,11.3,11.4
11/3/2010,11.46,11.55,11.31,11.52
11/4/2010,11.79,12.24,11.7,12.13
11/5/2010,12.17,12.71,12.16,12.36
11/8/2010,12.62,12.73,12.43,12.6
11/9/2010,12.73,12.74,12.23,12.27
11/10/2010,12.35,12.57,12.2,12.57
11/11/2010,12.5,12.56,12.31,12.37
11/12/2010,12.29,12.33,12.03,12.12
11/15/2010,12.22,12.29,12.07,12.1
11/16/2010,11.99,12.05,11.72,11.94
11/17/2010,11.9,11.99,11.6,11.62
11/18/2010,11.78,11.82,11.63,11.7
11/19/2010,11.64,11.66,11.53,11.66
11/22/2010,11.56,11.59,11.21,11.3
11/23/2010,11.18,11.39,11.06,11.09
11/24/2010,11.18,11.3,11.1,11.28
11/26/2010,11.17,11.21,11.1,11.12
11/29/2010,11.14,11.36,11.08,11.31
11/30/2010,11.2,11.3,10.91,10.95
12/1/2010,11.17,11.3,10.97,11.29
12/2/2010,11.37,11.74,11.35,11.68
12/3/2010,11.59,11.88,11.53,11.86
12/6/2010,11.78,11.86,11.63,11.64
12/7/2010,11.84,11.87,11.5,11.57
12/8/2010,11.61,12.07,11.6,12
12/9/2010,12.26,12.69,12.25,12.65
12/10/2010,12.65,12.85,12.47,12.8
12/13/2010,12.86,12.88,12.515,12.54
12/14/2010,12.57,12.71,12.33,12.4
12/15/2010,12.38,12.54,12.28,12.29
12/16/2010,12.47,12.77,12.38,12.52
12/17/2010,12.55,12.65,12.45,12.57
12/20/2010,12.59,12.75,12.57,12.62
12/21/2010,12.73,12.98,12.7,12.98
12/22/2010,13.01,13.45,13,13.38
12/23/2010,13.26,13.3,12.97,13.06
12/27/2010,12.98,13.4,12.96,13.27
12/28/2010,13.38,13.49,13.34,13.34
12/29/2010,13.39,13.42,13.31,13.31
12/30/2010,13.32,13.4,13.26,13.28
12/31/2010,13.23,13.38,13.22,13.34
1/3/2011,13.85,14.23,13.8,14.19
1/4/2011,14.23,14.25,14.02,14.24
1/5/2011,14.19,14.6,14.15,14.5
1/6/2011,14.54,14.69,14.34,14.44
1/7/2011,14.54,14.68,13.98,14.25
1/10/2011,14.17,14.43,14.09,14.4
1/11/2011,14.61,14.73,14.53,14.69
1/12/2011,14.89,14.99,14.85,14.99
1/13/2011,15.01,15.02,14.72,14.77
1/14/2011,14.735,15.31,14.68,15.25
1/18/2011,15.08,15.16,14.85,15
1/19/2011,14.85,14.95,14.35,14.37
1/20/2011,14.27,14.605,13.94,14.54
1/21/2011,14.41,14.71,14.22,14.25
1/24/2011,14.25,14.26,13.88,13.92
1/25/2011,13.78,13.84,13.4,13.63
1/26/2011,13.71,13.77,13.55,13.55
1/27/2011,13.58,13.67,13.48,13.67
1/28/2011,13.83,14.06,13.58,13.6
1/31/2011,13.71,13.79,13.64,13.73
2/1/2011,13.895,14.37,13.87,14.31
2/2/2011,14.33,14.35,14.13,14.24
2/3/2011,14.16,14.47,14.15,14.43
2/4/2011,14.43,14.47,14.11,14.29
2/7/2011,14.51,14.77,14.43,14.67
2/8/2011,14.64,14.76,14.5,14.61
2/9/2011,14.46,14.69,14.41,14.64
2/10/2011,14.505,14.64,14.47,14.49
2/11/2011,14.37,14.87,14.35,14.77
2/14/2011,14.775,14.95,14.71,14.89
2/15/2011,14.8,14.88,14.69,14.77
2/16/2011,14.81,14.88,14.7,14.84
2/17/2011,14.75,14.91,14.73,14.81
2/18/2011,14.84,14.89,14.67,14.75
2/22/2011,14.38,14.52,14.09,14.18
2/23/2011,14.17,14.44,13.92,14.17
2/24/2011,14.11,14.16,13.79,13.97
2/25/2011,14.16,14.32,14.12,14.2
2/28/2011,14.27,14.48,14.16,14.29
3/1/2011,14.315,14.35,13.91,13.93
3/2/2011,13.92,14.07,13.81,13.83
3/3/2011,14.05,14.29,14.05,14.27
3/4/2011,14.3,14.31,13.98,14.12
3/7/2011,14.18,14.27,13.92,14.03
3/8/2011,14.27,14.7,14.2,14.69
3/9/2011,14.66,14.69,14.48,14.59
3/10/2011,14.42,14.46,14.26,14.26
3/11/2011,14.11,14.43,14.1,14.38
3/14/2011,14.26,14.35,14.07,14.23
3/15/2011,13.77,14.06,13.71,13.96
3/16/2011,14.01,14.1,13.66,13.69
3/17/2011,13.89,14.04,13.75,13.98
3/18/2011,14.2,14.29,13.98,14.04
3/21/2011,14.2,14.22,13.9,14.05
3/22/2011,14.04,14.05,13.88,13.88
3/23/2011,13.72,13.74,13.37,13.65
3/24/2011,13.56,13.59,13.32,13.48
3/25/2011,13.49,13.53,13.32,13.34
3/28/2011,13.42,13.56,13.37,13.37
3/29/2011,13.41,13.41,13.16,13.35
3/30/2011,13.4,13.56,13.27,13.45
3/31/2011,13.35,13.39,13.29,13.33
4/1/2011,13.45,13.61,13.35,13.37
4/4/2011,13.4,13.59,13.4,13.44
4/5/2011,13.43,13.5,13.37,13.47
4/6/2011,13.6,13.78,13.53,13.72
4/7/2011,13.79,13.88,13.54,13.61
4/8/2011,13.63,13.72,13.45,13.48
4/11/2011,13.5,13.59,13.43,13.49
4/12/2011,13.4,13.58,13.31,13.47
4/13/2011,13.61,13.64,13.21,13.27
4/14/2011,13.16,13.26,13.07,13.13
4/15/2011,13.22,13.33,12.82,12.82
4/18/2011,12.59,12.6,12.24,12.42
4/19/2011,12.53,12.53,12.15,12.34
4/20/2011,12.43,12.48,12.21,12.27
4/21/2011,12.33,12.4,12.24,12.31
4/25/2011,12.325,12.6,12.32,12.44
4/26/2011,12.49,12.53,12.23,12.23
4/27/2011,12.24,12.4,12.23,12.33
4/28/2011,12.31,12.45,12.25,12.42
4/29/2011,12.39,12.42,12.28,12.28
5/2/2011,12.36,12.47,12.33,12.34
5/3/2011,12.35,12.71,12.33,12.6
5/4/2011,12.64,12.68,12.42,12.49
5/5/2011,12.41,12.47,12.2,12.3
5/6/2011,12.41,12.45,12.28,12.31
5/9/2011,12.28,12.315,12.11,12.18
5/10/2011,12.21,12.37,12.18,12.28
5/11/2011,12.275,12.43,12.23,12.25
5/12/2011,12.2,12.27,12.09,12.2
5/13/2011,12.195,12.21,11.91,11.93
5/16/2011,11.89,12.11,11.82,11.86
5/17/2011,11.81,11.94,11.8,11.9
5/18/2011,11.9,11.9,11.73,11.79
5/19/2011,11.88,11.89,11.68,11.69
5/20/2011,11.64,11.78,11.53,11.58
5/23/2011,11.47,11.52,11.38,11.42
5/24/2011,11.45,11.51,11.29,11.46
5/25/2011,11.35,11.58,11.35,11.38
5/26/2011,11.39,11.56,11.38,11.46
5/27/2011,11.57,11.78,11.54,11.69
5/31/2011,11.87,11.92,11.62,11.75
6/1/2011,11.71,11.74,11.23,11.24
6/2/2011,11.29,11.42,11.08,11.29
6/3/2011,11.2,11.45,11.16,11.28
6/6/2011,11.18,11.2,10.75,10.83
6/7/2011,10.96,11.05,10.6,10.65
6/8/2011,10.59,10.79,10.495,10.54
6/9/2011,10.58,10.75,10.5,10.65
6/10/2011,10.62,11.03,10.41,10.8
6/13/2011,10.89,11.02,10.64,10.97
6/14/2011,11.12,11.12,10.75,10.8
6/15/2011,10.6,10.67,10.41,10.5
6/16/2011,10.45,10.69,10.4,10.6
6/17/2011,10.75,10.77,10.58,10.68
6/20/2011,10.59,10.66,10.53,10.6
6/21/2011,10.68,10.87,10.53,10.83
6/22/2011,10.79,10.94,10.78,10.79
6/23/2011,10.65,10.77,10.56,10.71
6/24/2011,10.73,10.77,10.485,10.52
6/27/2011,10.52,10.95,10.52,10.85
6/28/2011,10.91,10.92,10.77,10.82
6/29/2011,11.17,11.25,11,11.14
6/30/2011,11.17,11.18,10.84,10.96
7/1/2011,10.98,11.14,10.92,11.09
7/5/2011,11.06,11.07,10.91,11
7/6/2011,10.83,10.85,10.66,10.74
7/7/2011,10.9,10.96,10.85,10.92
7/8/2011,10.75,10.8,10.61,10.7
7/11/2011,10.53,10.55,10.3,10.35
7/12/2011,10.27,10.4,10.2,10.21
7/13/2011,10.27,10.36,10.15,10.2
7/14/2011,10.3,10.33,10.06,10.07
7/15/2011,10.12,10.18,9.88,10
7/18/2011,9.88,9.93,9.53,9.72
7/19/2011,9.75,9.85,9.4,9.57
7/20/2011,9.66,10,9.63,9.85
7/21/2011,10.03,10.28,10,10.23
7/22/2011,10.26,10.27,10.05,10.13
7/25/2011,9.97,10.07,9.88,10.01
7/26/2011,9.97,10.09,9.91,10
7/27/2011,9.92,9.94,9.68,9.68
7/28/2011,9.72,9.85,9.69,9.79
7/29/2011,9.64,9.95,9.6,9.71
8/1/2011,10.04,10.05,9.7,9.81
8/2/2011,9.76,9.86,9.47,9.49
8/3/2011,9.49,9.59,9.32,9.54
8/4/2011,9.37,9.46,8.77,8.83
8/5/2011,8.97,9.05,8.029,8.17
8/8/2011,7.4,7.7,6.31,6.51
8/9/2011,7.02,7.66,6.68,7.6
8/10/2011,7.53,7.59,6.74,6.77
8/11/2011,7.1,7.42,6.96,7.25
8/12/2011,7.49,7.71,7.13,7.19
8/15/2011,7.46,7.84,7.35,7.76
8/16/2011,7.61,7.66,7.34,7.4
8/17/2011,7.46,7.59,7.4,7.46
8/18/2011,7.05,7.09,6.78,7.01
8/19/2011,6.8,7.12,6.75,6.97
8/22/2011,7.2,7.22,6.42,6.42
8/23/2011,6.37,6.44,6.01,6.3
8/24/2011,6.36,7.05,6.32,6.99
8/25/2011,8.29,8.8,7.38,7.65
8/26/2011,7.62,7.98,7.45,7.76
8/29/2011,8.1,8.41,7.96,8.39
8/30/2011,8.29,8.39,8.05,8.119
8/31/2011,8.28,8.29,8.109,8.17
9/1/2011,8.18,8.18,7.91,7.91
9/2/2011,7.31,7.45,7.17,7.25
9/6/2011,6.91,7.07,6.8,6.99
9/7/2011,7.23,7.52,7.1,7.48
9/8/2011,7.38,7.44,7.2,7.2
9/9/2011,7.11,7.21,6.96,6.98
9/12/2011,7,7.1,6.81,7.05
9/13/2011,7.09,7.18,6.97,7
9/14/2011,7.09,7.13,6.92,7.05
9/15/2011,7.18,7.34,7.13,7.33
9/16/2011,7.38,7.39,7.08,7.23
9/19/2011,7.06,7.07,6.935,6.99
9/20/2011,7.04,7.06,6.9,6.9
9/21/2011,6.95,6.97,6.36,6.38
9/22/2011,6.24,6.28,6,6.06
9/23/2011,6.09,6.39,6.07,6.31
9/26/2011,6.48,6.6,6.31,6.6
9/27/2011,6.84,6.85,6.41,6.48
9/28/2011,6.51,6.53,6.16,6.16
9/29/2011,6.4,6.45,6.15,6.35
9/30/2011,6.18,6.315,6.11,6.12
10/3/2011,6.08,6.18,5.52,5.53
10/4/2011,5.48,5.76,5.13,5.76
10/5/2011,5.71,5.83,5.51,5.77
10/6/2011,5.77,6.31,5.65,6.28
10/7/2011,6.32,6.33,5.88,5.9
10/10/2011,6.14,6.29,6.12,6.28
10/11/2011,6.18,6.47,6.13,6.37
10/12/2011,6.51,6.74,6.34,6.58
10/13/2011,6.44,6.44,6.17,6.22
10/14/2011,6.31,6.36,6.12,6.19
10/17/2011,6.18,6.28,6.03,6.03
10/18/2011,6.27,6.79,6.16,6.64
10/19/2011,6.68,6.86,6.37,6.4
10/20/2011,6.43,6.48,6.18,6.47
10/21/2011,6.59,6.65,6.38,6.46
10/24/2011,6.59,6.74,6.49,6.72
10/25/2011,6.65,6.67,6.46,6.46
10/26/2011,6.58,6.66,6.44,6.59
10/27/2011,7.11,7.23,6.9,7.05
10/28/2011,7.08,7.43,7.05,7.35
10/31/2011,7.09,7.16,6.82,6.83
11/1/2011,6.38,6.68,6.32,6.4
11/2/2011,6.72,6.74,6.57,6.72
11/3/2011,6.91,6.98,6.58,6.91
11/4/2011,6.73,6.75,6.45,6.49
11/7/2011,6.44,6.59,6.298,6.45
11/8/2011,6.54,6.59,6.4,6.53
11/9/2011,6.31,6.36,6.15,6.16
11/10/2011,6.32,6.33,6.01,6.03
11/11/2011,6.12,6.29,6.12,6.21
11/14/2011,6.16,6.19,6.02,6.05
11/15/2011,6.01,6.24,6,6.13
11/16/2011,6.09,6.09,5.9,5.9
11/17/2011,5.98,6.03,5.79,5.8
11/18/2011,5.86,5.89,5.75,5.78
11/21/2011,5.66,5.68,5.48,5.49
11/22/2011,5.52,5.585,5.32,5.37
11/23/2011,5.3,5.31,5.13,5.14
11/25/2011,5.16,5.33,5.12,5.17
11/28/2011,5.5,5.53,5.14,5.25
11/29/2011,5.19,5.28,5.03,5.08
11/30/2011,5.4,5.44,5.18,5.44
12/1/2011,5.37,5.63,5.29,5.53
12/2/2011,5.67,5.88,5.61,5.64
12/5/2011,5.86,5.95,5.73,5.79
12/6/2011,5.74,5.92,5.7,5.78
12/7/2011,5.73,5.92,5.7,5.89
12/8/2011,5.84,5.88,5.53,5.59
12/9/2011,5.67,5.85,5.63,5.72
12/12/2011,5.59,5.6,5.4,5.45
12/13/2011,5.56,5.6,5.22,5.32
12/14/2011,5.24,5.37,5.2,5.23
12/15/2011,5.33,5.37,5.213,5.26
12/16/2011,5.31,5.42,5.16,5.2
12/19/2011,5.2,5.22,4.92,4.985
12/20/2011,5.11,5.22,5.04,5.17
12/21/2011,5.18,5.25,5.1,5.23
12/22/2011,5.26,5.51,5.21,5.47
12/23/2011,5.54,5.63,5.47,5.6
12/27/2011,5.55,5.58,5.46,5.48
12/28/2011,5.45,5.46,5.27,5.285
12/29/2011,5.29,5.48,5.28,5.46
12/30/2011,5.39,5.58,5.37,5.56
1/3/2012,5.75,5.89,5.74,5.8
1/4/2012,5.71,5.88,5.62,5.81
1/5/2012,5.75,6.35,5.71,6.31
1/6/2012,6.21,6.3,6.06,6.18
1/9/2012,6.26,6.37,6.19,6.27
1/10/2012,6.44,6.66,6.44,6.63
1/11/2012,6.6,6.9,6.52,6.87
1/12/2012,6.99,7.02,6.66,6.79
1/13/2012,6.49,6.69,6.41,6.61
1/17/2012,6.63,6.82,6.44,6.48
1/18/2012,6.5,6.8,6.46,6.8
1/19/2012,7.21,7.29,6.745,6.96
1/20/2012,6.95,7.08,6.83,7.07
1/23/2012,7.13,7.37,7.11,7.25
1/24/2012,7.11,7.35,7.06,7.29
1/25/2012,7.2,7.37,7.15,7.35
1/26/2012,7.45,7.5,7.23,7.3
1/27/2012,7.21,7.35,7.2,7.29
1/30/2012,7.13,7.15,7.02,7.07
1/31/2012,7.17,7.19,7.05,7.13
2/1/2012,7.25,7.44,7.21,7.36
2/2/2012,7.43,7.49,7.33,7.45
2/3/2012,7.66,7.89,7.63,7.84
2/6/2012,7.785,7.97,7.77,7.97
2/7/2012,7.95,7.99,7.8,7.85
2/8/2012,7.96,8.15,7.93,8.13
2/9/2012,8.31,8.35,8.1,8.18
2/10/2012,8.05,8.119,7.98,8.07
2/13/2012,8.27,8.31,8.21,8.25
2/14/2012,8.15,8.17,7.95,7.98
2/15/2012,8.01,8.119,7.77,7.78
2/16/2012,7.71,8.13,7.66,8.09
2/17/2012,8.039,8.08,7.92,8.02
2/21/2012,8.025,8.2,8,8.109
2/22/2012,8.06,8.13,7.95,7.95
2/23/2012,7.97,8.05,7.9,8.02
2/24/2012,8.05,8.09,7.88,7.88
2/27/2012,7.79,8.05,7.67,8.039
2/28/2012,8.05,8.15,8,8.119
2/29/2012,8.16,8.24,7.97,7.97
3/1/2012,8.09,8.17,8.05,8.119
3/2/2012,8.109,8.21,8.095,8.13
3/5/2012,8.09,8.13,7.95,7.97
3/6/2012,7.78,7.79,7.66,7.71
3/7/2012,7.81,8.02,7.77,8.02
3/8/2012,8.07,8.119,8,8.06
3/9/2012,8.115,8.189,8.01,8.05
3/12/2012,8.01,8.06,7.91,7.99
3/13/2012,8.07,8.5,8.05,8.49
3/14/2012,8.66,8.9,8.56,8.84
3/15/2012,8.98,9.25,8.85,9.24
3/16/2012,9.41,9.8,9.33,9.8
3/19/2012,9.78,10.1,9.51,9.53
3/20/2012,9.63,9.97,9.59,9.81
3/21/2012,9.96,10.03,9.738,9.82
3/22/2012,9.66,9.77,9.52,9.6
3/23/2012,9.47,9.85,9.4,9.85
3/26/2012,10.01,10.04,9.85,9.93
3/27/2012,9.865,9.9,9.58,9.6
3/28/2012,9.62,9.78,9.58,9.75
3/29/2012,9.63,9.68,9.43,9.53
3/30/2012,9.61,9.64,9.35,9.57
4/2/2012,9.54,9.78,9.41,9.68
4/3/2012,9.67,9.67,9.41,9.49
4/4/2012,9.35,9.36,9.15,9.2
4/5/2012,9.14,9.4,9.11,9.23
4/9/2012,9.04,9.04,8.83,8.93
4/10/2012,8.97,9.09,8.5,8.54
4/11/2012,8.78,8.91,8.72,8.86
4/12/2012,8.93,9.18,8.91,9.17
4/13/2012,9.08,9.08,8.68,8.68
4/16/2012,8.87,8.93,8.62,8.79
4/17/2012,8.965,9,8.87,8.92
4/18/2012,8.88,9,8.84,8.92
4/19/2012,9.16,9.17,8.67,8.77
4/20/2012,8.78,8.78,8.33,8.36
4/23/2012,8.02,8.3,7.95,8.18
4/24/2012,8.25,8.27,8.1,8.21
4/25/2012,8.3,8.35,8.17,8.26
4/26/2012,8.189,8.4,8.17,8.27
4/27/2012,8.34,8.34,8.189,8.25
4/30/2012,8.22,8.24,8.039,8.109
5/1/2012,8.109,8.4,8.08,8.31
5/2/2012,8.21,8.23,8.119,8.16
5/3/2012,8.175,8.18,7.91,8
5/4/2012,7.9,7.92,7.7,7.74
5/7/2012,7.71,8,7.66,7.96
5/8/2012,7.87,7.9,7.69,7.79
5/9/2012,7.67,7.82,7.65,7.73
5/10/2012,7.91,7.94,7.67,7.7
5/11/2012,7.48,7.77,7.41,7.55
5/14/2012,7.37,7.52,7.35,7.35
5/15/2012,7.37,7.55,7.25,7.3
5/16/2012,7.4,7.47,7.08,7.11
5/17/2012,7.1,7.25,6.93,6.98
5/18/2012,7.01,7.03,6.89,7.02
5/21/2012,7.03,7.11,6.72,6.83
5/22/2012,6.92,7.15,6.86,6.98
5/23/2012,6.9,7.17,6.85,7.17
5/24/2012,7.26,7.33,7.01,7.14
5/25/2012,7.07,7.25,7.07,7.15
5/29/2012,7.28,7.45,7.22,7.44
5/30/2012,7.33,7.41,7.1,7.2
5/31/2012,7.21,7.37,7.04,7.35
6/1/2012,7.12,7.19,6.94,7.02
6/4/2012,7.1,7.1,6.85,6.9
6/5/2012,6.91,7.14,6.9,7.1
6/6/2012,7.24,7.77,7.18,7.64
6/7/2012,7.81,7.9,7.38,7.42
6/8/2012,7.35,7.58,7.2,7.56
6/11/2012,7.72,7.77,7.28,7.28
6/12/2012,7.32,7.5,7.22,7.49
6/13/2012,7.4,7.61,7.35,7.5
6/14/2012,7.52,7.69,7.446,7.66
6/15/2012,7.72,7.9,7.55,7.9
6/18/2012,7.77,7.91,7.73,7.76
6/19/2012,7.88,8.207,7.86,8.109
6/20/2012,8.16,8.22,8.02,8.14
6/21/2012,8.109,8.17,7.8,7.82
6/22/2012,7.965,8.01,7.79,7.94
6/25/2012,7.735,7.74,7.56,7.6
6/26/2012,7.65,7.68,7.48,7.615
6/27/2012,7.68,7.82,7.61,7.77
6/28/2012,7.62,7.75,7.53,7.74
6/29/2012,8,8.2,7.95,8.18
7/2/2012,8.2,8.21,7.87,8.05
7/3/2012,8.06,8.119,8.01,8.06
7/5/2012,8.029,8.06,7.82,7.82
7/6/2012,7.69,7.8,7.65,7.66
7/9/2012,7.63,7.7,7.53,7.56
7/10/2012,7.65,7.67,7.4,7.48
7/11/2012,7.49,7.69,7.45,7.63
7/12/2012,7.53,7.55,7.43,7.48
7/13/2012,7.56,7.83,7.55,7.82
7/16/2012,7.925,7.96,7.77,7.81
7/17/2012,7.92,7.93,7.75,7.92
7/18/2012,7.88,7.93,7.5,7.53
7/19/2012,7.56,7.65,7.12,7.26
7/20/2012,7.205,7.21,7.06,7.07
7/23/2012,6.94,7.15,6.9,7.09
7/24/2012,7.16,7.18,6.97,7.04
7/25/2012,7.11,7.161,7.01,7.07
7/26/2012,7.22,7.24,7.11,7.17
7/27/2012,7.2,7.4,7.14,7.31
7/30/2012,7.28,7.38,7.26,7.28
7/31/2012,7.28,7.34,7.21,7.34
8/1/2012,7.35,7.36,7.21,7.22
8/2/2012,7.12,7.26,7.1,7.18
8/3/2012,7.3,7.49,7.27,7.43
8/6/2012,7.45,7.68,7.44,7.64
8/7/2012,7.71,7.85,7.66,7.67
8/8/2012,7.58,7.77,7.57,7.67
8/9/2012,7.68,7.76,7.67,7.72
8/10/2012,7.66,7.76,7.63,7.74
8/13/2012,7.72,7.83,7.68,7.72
8/14/2012,7.78,7.9,7.74,7.78
8/15/2012,7.75,7.87,7.73,7.87
8/16/2012,7.89,7.96,7.83,7.93
8/17/2012,7.97,8.119,7.94,8
8/20/2012,7.98,8.189,7.98,8.15
8/21/2012,8.25,8.4,8.16,8.189
8/22/2012,8.14,8.32,8.119,8.22
8/23/2012,8.22,8.27,8.119,8.15
8/24/2012,8.119,8.21,8.029,8.16
8/27/2012,8.2,8.2,8.05,8.07
8/28/2012,8.039,8.109,7.95,7.96
8/29/2012,7.98,8.1,7.98,8
8/30/2012,7.95,7.95,7.83,7.91
8/31/2012,8,8.02,7.88,7.99
9/4/2012,8,8.109,7.95,8
9/5/2012,7.99,8.02,7.93,7.95
9/6/2012,8.035,8.35,8.029,8.35
9/7/2012,8.465,8.8,8.45,8.8
9/10/2012,8.835,8.92,8.53,8.58
9/11/2012,8.63,9.05,8.58,9.03
9/12/2012,9.15,9.19,8.87,8.97
9/13/2012,8.89,9.48,8.81,9.4
9/14/2012,9.6,9.79,9.45,9.55
9/17/2012,9.39,9.49,9.27,9.3
9/18/2012,9.16,9.29,9.09,9.23
9/19/2012,9.33,9.46,9.26,9.29
9/20/2012,9.14,9.25,9.08,9.19
9/21/2012,9.35,9.35,9.08,9.11
9/24/2012,8.99,9.2,8.95,9.1
9/25/2012,9.165,9.21,8.91,8.925
9/26/2012,8.855,8.91,8.7,8.815
9/27/2012,8.935,9.07,8.899,8.97
9/28/2012,8.89,8.93,8.79,8.83
10/1/2012,8.87,9.13,8.85,8.96
10/2/2012,9.1,9.105,8.88,8.93
10/3/2012,8.975,9.12,8.91,9.11
10/4/2012,9.2,9.42,9.15,9.41
10/5/2012,9.56,9.65,9.23,9.32
10/8/2012,9.16,9.38,9.13,9.28
10/9/2012,9.325,9.38,9.04,9.21
10/10/2012,9.19,9.27,9.06,9.21
10/11/2012,9.39,9.42,9.3,9.34
10/12/2012,9.16,9.28,9.05,9.12
10/15/2012,9.235,9.44,9.16,9.44
10/16/2012,9.53,9.6,9.38,9.46
10/17/2012,9.42,9.6,9.3,9.44
10/18/2012,9.38,9.57,9.37,9.47
10/19/2012,9.42,9.55,9.39,9.44
10/22/2012,9.47,9.56,9.41,9.55
10/23/2012,9.44,9.47,9.28,9.36
10/24/2012,9.45,9.49,9.3,9.31
10/25/2012,9.365,9.415,9.17,9.24
10/26/2012,9.165,9.27,9.047,9.12
10/31/2012,9.2,9.35,9.15,9.32
11/1/2012,9.34,9.75,9.272,9.74
11/2/2012,9.87,9.97,9.77,9.85
11/5/2012,9.83,9.925,9.62,9.75
11/6/2012,9.825,9.97,9.75,9.94
11/7/2012,9.63,9.67,9.22,9.23
11/8/2012,9.49,9.6,9.38,9.39
11/9/2012,9.295,9.59,9.27,9.43
11/12/2012,9.5,9.52,9.38,9.39
11/13/2012,9.31,9.55,9.28,9.33
11/14/2012,9.38,9.42,8.95,8.99
11/15/2012,9.03,9.2,9.02,9.09
11/16/2012,9.12,9.21,8.92,9.12
11/19/2012,9.36,9.533,9.32,9.49
11/20/2012,9.465,9.68,9.42,9.63
11/21/2012,9.67,9.78,9.63,9.77
11/23/2012,9.835,9.9,9.8,9.9
11/26/2012,9.82,9.87,9.75,9.835
11/27/2012,9.89,9.95,9.66,9.66
11/28/2012,9.56,9.76,9.38,9.76
11/29/2012,9.84,9.88,9.76,9.83
11/30/2012,9.78,9.87,9.755,9.86
12/3/2012,9.93,9.94,9.78,9.8
12/4/2012,9.79,9.91,9.77,9.91
12/5/2012,9.97,10.56,9.95,10.46
12/6/2012,10.51,10.58,10.29,10.455
12/7/2012,10.56,10.68,10.48,10.635
12/10/2012,10.6,10.63,10.46,10.57
12/11/2012,10.64,10.71,10.5,10.51
12/12/2012,10.59,10.7,10.51,10.61
12/13/2012,10.59,10.66,10.51,10.54
12/14/2012,10.545,10.6,10.52,10.58
12/17/2012,10.645,11,10.64,11
12/18/2012,11.24,11.36,11.05,11.36
12/19/2012,11.4,11.49,11.17,11.19
12/20/2012,11.1,11.52,11.08,11.52
12/21/2012,11.2,11.35,11.12,11.29
12/24/2012,11.27,11.29,11.21,11.25
12/26/2012,11.29,11.63,11.27,11.54
12/27/2012,11.66,11.69,11.23,11.47
12/28/2012,11.32,11.49,11.27,11.36
12/31/2012,11.37,11.65,11.3,11.61
1/2/2013,12.05,12.15,11.9,12.03
1/3/2013,12.01,12.05,11.88,11.96
1/4/2013,11.97,12.11,11.93,12.11
1/7/2013,12.15,12.2,12,12.09
1/8/2013,12.09,12.1,11.89,11.98
1/9/2013,11.87,12,11.33,11.43
1/10/2013,11.61,11.81,11.54,11.78
1/11/2013,11.7,11.72,11.51,11.63
1/14/2013,11.61,11.63,11.38,11.47
1/15/2013,11.38,11.62,11.3,11.55
1/16/2013,11.58,11.79,11.47,11.78
1/17/2013,11.69,11.7,11.17,11.28
1/18/2013,11.26,11.33,11.02,11.14
1/22/2013,11.12,11.36,11.09,11.35
1/23/2013,11.38,11.44,11.23,11.42
1/24/2013,11.45,11.67,11.42,11.53
1/25/2013,11.69,11.72,11.51,11.62
1/28/2013,11.64,11.67,11.43,11.48
1/29/2013,11.42,11.58,11.4,11.49
1/30/2013,11.49,11.54,11.35,11.38
1/31/2013,11.32,11.36,11.22,11.32
2/1/2013,11.41,11.73,11.37,11.71
2/4/2013,11.58,11.69,11.46,11.48
2/5/2013,11.59,11.98,11.56,11.88
2/6/2013,11.73,11.97,11.73,11.93
2/7/2013,11.97,11.98,11.73,11.84
2/8/2013,11.86,11.9,11.72,11.76
2/11/2013,11.73,11.9,11.67,11.86
2/12/2013,11.87,12.34,11.78,12.245
2/13/2013,12.35,12.42,12.05,12.17
2/14/2013,12.09,12.27,12.07,12.13
2/15/2013,12.205,12.21,11.97,12.03
2/19/2013,12.1,12.31,12.06,12.19
2/20/2013,12.18,12.29,11.75,11.8
2/21/2013,11.725,11.73,11.35,11.42
2/22/2013,11.62,11.635,11.26,11.44
2/25/2013,11.6,11.61,10.98,11.03
2/26/2013,11.12,11.22,11.03,11.13
2/27/2013,11.15,11.36,11.1,11.3
2/28/2013,11.325,11.37,11.195,11.23
3/1/2013,11.13,11.55,11.02,11.34
3/4/2013,11.27,11.45,11.22,11.41
3/5/2013,11.56,11.709,11.53,11.55
3/6/2013,11.77,12.02,11.76,11.92
3/7/2013,12,12.28,11.98,12.26
3/8/2013,12.42,12.44,12.02,12.07
3/11/2013,12.08,12.22,12.02,12.15
3/12/2013,12.11,12.18,11.91,12.01
3/13/2013,12.04,12.11,11.98,12.06
3/14/2013,12.12,12.19,12.1,12.11
3/15/2013,12.52,12.66,12.35,12.57
3/18/2013,12.29,12.68,12.26,12.56
3/19/2013,12.79,12.94,12.59,12.71
3/20/2013,12.785,12.89,12.71,12.78
3/21/2013,12.71,12.84,12.55,12.57
3/22/2013,12.62,12.67,12.48,12.56
3/25/2013,12.68,12.72,12.32,12.4
3/26/2013,12.45,12.5,12.15,12.28
3/27/2013,12.14,12.28,12.12,12.23
3/28/2013,12.24,12.28,12.11,12.18
4/1/2013,12.15,12.28,12.1,12.15
4/2/2013,12.24,12.245,12.14,12.15
4/3/2013,12.115,12.14,11.72,11.81
4/4/2013,11.81,11.99,11.72,11.94
4/5/2013,11.67,12.01,11.64,11.97
4/8/2013,12,12.21,11.91,12.21
4/9/2013,12.25,12.35,12.21,12.25
4/10/2013,12.31,12.4,12.26,12.32
4/11/2013,12.31,12.33,12.16,12.27
4/12/2013,12.145,12.25,12.07,12.17
4/15/2013,12.19,12.32,11.97,11.98
4/16/2013,12.21,12.36,12.08,12.28
4/17/2013,11.91,12.02,11.45,11.7
4/18/2013,11.61,11.65,11.23,11.44
4/19/2013,11.56,11.69,11.43,11.66
4/22/2013,11.68,11.75,11.57,11.72
4/23/2013,11.92,12.16,11.9,12.07
4/24/2013,12.135,12.37,12.12,12.31
4/25/2013,12.39,12.54,12.36,12.44
4/26/2013,12.34,12.46,12.29,12.42
4/29/2013,12.45,12.48,12.37,12.38
4/30/2013,12.39,12.4,12.2,12.31
5/1/2013,12.2,12.27,12.08,12.14
5/2/2013,12.17,12.21,12.05,12.19
5/3/2013,12.36,12.41,12.205,12.24
5/6/2013,12.39,12.89,12.36,12.88
5/7/2013,12.92,13.11,12.76,12.9
5/8/2013,12.85,13.18,12.84,13.02
5/9/2013,13.05,13.06,12.87,12.91
5/10/2013,12.94,13.04,12.89,13.02
5/13/2013,12.98,13.1,12.95,12.98
5/14/2013,13.04,13.36,13.02,13.34
5/15/2013,13.29,13.55,13.29,13.44
5/16/2013,13.41,13.55,13.32,13.36
5/17/2013,13.5,13.52,13.39,13.43
5/20/2013,13.39,13.6,13.39,13.51
5/21/2013,13.525,13.56,13.36,13.44
5/22/2013,13.485,13.73,13.17,13.31
5/23/2013,12.93,13.42,12.82,13.21
5/24/2013,13.17,13.26,13.12,13.24
5/28/2013,13.49,13.51,13.31,13.35
5/29/2013,13.31,13.555,13.27,13.48
5/30/2013,13.5,13.93,13.43,13.83
5/31/2013,13.91,13.99,13.652,13.66
6/3/2013,13.69,13.73,13.21,13.55
6/4/2013,13.51,13.67,13.31,13.36
6/5/2013,13.285,13.45,12.97,13.09
6/6/2013,13.075,13.24,12.85,13.2
6/7/2013,13.33,13.39,13.15,13.38
6/10/2013,13.49,13.55,13.26,13.3
6/11/2013,13.11,13.28,13.07,13.12
6/12/2013,13.24,13.25,12.97,13.06
6/13/2013,13,13.26,12.97,13.21
6/14/2013,13.23,13.24,13.03,13.07
6/17/2013,13.17,13.262,13.13,13.21
6/18/2013,13.215,13.34,13.2,13.27
6/19/2013,13.285,13.4,13.17,13.19
6/20/2013,13.08,13.14,12.8,12.89
6/21/2013,12.99,13,12.39,12.69
6/24/2013,12.4,12.45,12.13,12.3
6/25/2013,12.61,12.77,12.43,12.67
6/26/2013,12.84,12.853,12.68,12.76
6/27/2013,12.84,13.03,12.78,13.01
6/28/2013,12.97,13,12.84,12.86
7/1/2013,12.95,13.1,12.92,12.93
7/2/2013,12.95,13.1,12.8,12.9
7/3/2013,12.82,12.84,12.73,12.83
7/5/2013,12.99,13.08,12.91,13.06
7/8/2013,13.11,13.37,13.08,13.28
7/9/2013,13.37,13.53,13.25,13.53
7/10/2013,13.51,13.53,13.31,13.37
7/11/2013,13.54,13.58,13.33,13.51
7/12/2013,13.54,13.8,13.47,13.78
7/15/2013,13.93,13.94,13.76,13.88
7/16/2013,13.93,14.02,13.77,13.92
7/17/2013,14.055,14.44,14.04,14.31
7/18/2013,14.4,14.85,14.4,14.76
7/19/2013,14.76,14.76,14.6,14.75
7/22/2013,14.74,14.99,14.65,14.92
7/23/2013,14.98,15.03,14.86,14.94
7/24/2013,15,15,14.68,14.71
7/25/2013,14.62,14.85,14.54,14.83
7/26/2013,14.7,14.76,14.62,14.73
7/29/2013,14.65,14.7,14.45,14.52
7/30/2013,14.58,14.63,14.46,14.52
7/31/2013,14.58,14.85,14.57,14.6
8/1/2013,14.845,14.97,14.82,14.95
8/2/2013,14.88,14.91,14.78,14.84
8/5/2013,14.77,14.84,14.7,14.8
8/6/2013,14.74,14.76,14.63,14.64
8/7/2013,14.43,14.57,14.25,14.53
8/8/2013,14.675,14.7,14.44,14.61
8/9/2013,14.56,14.61,14.4,14.45
8/12/2013,14.355,14.47,14.32,14.41
8/13/2013,14.47,14.62,14.33,14.51
8/14/2013,14.55,14.75,14.54,14.6
8/15/2013,14.46,14.47,14.31,14.32
8/16/2013,14.29,14.47,14.21,14.42
8/19/2013,14.37,14.38,14.13,14.15
8/20/2013,14.18,14.38,13.98,14.29
8/21/2013,14.26,14.48,14.2,14.34
8/22/2013,14.47,14.6,14.4,14.57
8/23/2013,14.59,14.69,14.51,14.57
8/26/2013,14.53,14.7,14.49,14.49
8/27/2013,14.26,14.41,14.1,14.11
8/28/2013,14.07,14.25,13.99,14.12
8/29/2013,14.14,14.3,14.12,14.17
8/30/2013,14.23,14.25,14.07,14.12
9/3/2013,14.3,14.38,14.18,14.25
9/4/2013,14.215,14.4,14.205,14.32
9/5/2013,14.41,14.55,14.36,14.37
9/6/2013,14.47,14.5,14.27,14.36
9/9/2013,14.41,14.49,14.37,14.48
9/10/2013,14.52,14.69,14.52,14.61
9/11/2013,14.56,14.68,14.52,14.65
9/12/2013,14.65,14.68,14.46,14.48
9/13/2013,14.46,14.55,14.45,14.49
9/16/2013,14.61,14.68,14.53,14.53
9/17/2013,14.53,14.62,14.4,14.55
9/18/2013,14.53,14.82,14.49,14.715
9/19/2013,14.8,14.83,14.58,14.61
9/20/2013,14.655,14.66,14.44,14.44
9/23/2013,14.31,14.325,14.09,14.14
9/24/2013,14.18,14.25,14.01,14.09
9/25/2013,14.12,14.24,14.03,14.14
9/26/2013,14.19,14.22,13.98,14.08
9/27/2013,13.99,14.03,13.88,13.9
9/30/2013,13.685,13.93,13.6,13.8
10/1/2013,13.85,13.92,13.81,13.9
10/2/2013,13.81,14.1,13.79,14.06
10/3/2013,14.07,14.1,13.83,14
10/4/2013,14.02,14.08,13.96,14.05
10/7/2013,13.91,13.95,13.8,13.81
10/8/2013,13.83,13.9,13.68,13.69
10/9/2013,13.72,13.93,13.69,13.84
10/10/2013,14.03,14.25,14.01,14.23
10/11/2013,14.24,14.28,14.11,14.19
10/14/2013,14.06,14.39,14.05,14.35
10/15/2013,14.39,14.43,14.21,14.24
10/16/2013,14.32,14.61,14.315,14.56
10/17/2013,14.445,14.66,14.41,14.66
10/18/2013,14.68,14.72,14.53,14.63
10/21/2013,14.53,14.59,14.47,14.52
10/22/2013,14.55,14.63,14.45,14.52
10/23/2013,14.45,14.48,14.17,14.21
10/24/2013,14.12,14.2,14.07,14.17
10/25/2013,14.15,14.27,14.14,14.26
10/28/2013,14.29,14.32,14.21,14.23
10/29/2013,14.26,14.29,14.06,14.15
10/30/2013,14.19,14.29,14.15,14.17
10/31/2013,14.135,14.16,13.96,13.97
11/1/2013,13.995,14.1,13.96,14.02
11/4/2013,14.09,14.12,14,14.04
11/5/2013,13.99,14.02,13.9,13.93
11/6/2013,13.99,14.02,13.91,13.96
11/7/2013,14,14.03,13.8,13.8
11/8/2013,13.86,14.32,13.835,14.32
11/11/2013,14.27,14.42,14.24,14.4
11/12/2013,14.33,14.46,14.26,14.32
11/13/2013,14.255,14.64,14.2,14.64
11/14/2013,14.675,14.82,14.61,14.795
11/15/2013,14.79,14.95,14.77,14.92
11/18/2013,14.975,15.17,14.86,14.92
11/19/2013,14.975,15.3,14.97,15.2
11/20/2013,15.25,15.27,15.08,15.14
11/21/2013,15.22,15.6,15.2,15.59
11/22/2013,15.695,15.787,15.6,15.64
11/25/2013,15.67,15.98,15.66,15.81
11/26/2013,15.835,15.97,15.81,15.88
11/27/2013,15.87,15.94,15.76,15.83
11/29/2013,15.835,15.92,15.79,15.82
12/2/2013,15.84,15.97,15.7,15.73
12/3/2013,15.64,15.79,15.39,15.54
12/4/2013,15.39,15.73,15.36,15.63
12/5/2013,15.61,15.64,15.36,15.43
12/6/2013,15.61,15.72,15.46,15.56
12/9/2013,15.62,15.67,15.56,15.58
12/10/2013,15.52,15.675,15.51,15.56
12/11/2013,15.55,15.55,15.18,15.25
12/12/2013,15.26,15.35,15.12,15.25
12/13/2013,15.275,15.33,15.13,15.18
12/16/2013,15.22,15.34,15.2,15.24
12/17/2013,15.24,15.295,15.14,15.18
12/18/2013,15.28,15.71,15.06,15.69
12/19/2013,15.66,15.79,15.6,15.75
12/20/2013,15.75,15.87,15.6,15.6
12/23/2013,15.72,15.79,15.69,15.69
12/24/2013,15.72,15.75,15.67,15.7
12/26/2013,15.735,15.75,15.64,15.65
12/27/2013,15.67,15.7,15.58,15.67
12/30/2013,15.64,15.69,15.52,15.54
12/31/2013,15.6,15.615,15.51,15.57
1/2/2014,15.69,16.16,15.68,16.1
1/3/2014,16.27,16.5,16.23,16.41
1/6/2014,16.625,16.73,16.56,16.66
1/7/2014,16.77,16.79,16.45,16.5
1/8/2014,16.67,16.69,16.519,16.58
1/9/2014,16.67,16.926,16.615,16.83
1/10/2014,16.75,16.79,16.61,16.77
1/13/2014,16.79,16.8,16.4,16.43
1/14/2014,16.54,16.77,16.53,16.77
1/15/2014,17.23,17.42,17.11,17.15
1/16/2014,17.09,17.14,16.99,17.08
1/17/2014,17.2,17.22,16.99,17.01
1/21/2014,17.08,17.155,16.87,17.01
1/22/2014,17.08,17.15,17,17.15
1/23/2014,17.07,17.09,16.74,16.86
1/24/2014,16.67,16.72,16.45,16.45
1/27/2014,16.37,16.54,16.059,16.309
1/28/2014,16.45,16.76,16.37,16.73
1/29/2014,16.55,16.85,16.49,16.68
1/30/2014,16.81,16.99,16.765,16.93
1/31/2014,16.72,16.98,16.61,16.75
2/3/2014,16.77,16.88,16.3,16.35
2/4/2014,16.49,16.56,16.26,16.35
2/5/2014,16.309,16.45,16.149,16.4
2/6/2014,16.45,16.73,16.44,16.69
2/7/2014,16.82,16.88,16.63,16.82
2/10/2014,16.71,16.73,16.6,16.72
2/11/2014,16.725,16.92,16.635,16.88
2/12/2014,16.87,16.91,16.65,16.75
2/13/2014,16.645,16.82,16.63,16.75
2/14/2014,16.74,16.76,16.65,16.7
2/18/2014,16.7,16.74,16.47,16.47
2/19/2014,16.379,16.45,16.18,16.2
2/20/2014,16.219,16.36,16.18,16.3
2/21/2014,16.29,16.485,16.25,16.29
2/24/2014,16.3,16.63,16.3,16.53
2/25/2014,16.5,16.56,16.32,16.34
2/26/2014,16.36,16.4,16.129,16.329
2/27/2014,16.27,16.49,16.21,16.49
2/28/2014,16.49,16.65,16.344,16.53
3/3/2014,16.3,16.41,16.19,16.3
3/4/2014,16.48,16.74,16.43,16.73
3/5/2014,16.79,17.31,16.78,17.25
3/6/2014,17.42,17.631,17.31,17.35
3/7/2014,17.54,17.59,17.246,17.33
3/10/2014,17.27,17.47,17.25,17.47
3/11/2014,17.51,17.52,17.25,17.27
3/12/2014,17.18,17.33,17.07,17.28
3/13/2014,17.34,17.47,17.07,17.16
3/14/2014,17.08,17.22,16.76,16.8
3/17/2014,16.98,17.17,16.97,17.11
3/18/2014,17.14,17.22,17.07,17.19
3/19/2014,17.16,17.49,17.12,17.44
3/20/2014,17.44,18,17.43,17.92
3/21/2014,18.03,18.03,17.56,17.56
3/24/2014,17.62,17.65,17.3,17.37
3/25/2014,17.49,17.58,17.2,17.21
3/26/2014,17.38,17.4,17.18,17.18
3/27/2014,17.28,17.49,16.83,17.01
3/28/2014,17.085,17.15,16.85,16.98
3/31/2014,17.15,17.27,17.12,17.2
4/1/2014,17.28,17.4,17.26,17.34
4/2/2014,17.35,17.38,17.13,17.23
4/3/2014,17.21,17.24,17.03,17.15
4/4/2014,17.21,17.22,16.7,16.72
4/7/2014,16.69,16.7,16.19,16.379
4/8/2014,16.37,16.5,16.25,16.44
4/9/2014,16.55,16.63,16.344,16.62
4/10/2014,16.62,16.62,16.1,16.12
4/11/2014,15.86,16.129,15.62,15.77
4/14/2014,16.05,16.219,15.78,16
4/15/2014,16.09,16.41,15.96,16.39
4/16/2014,16.2,16.219,15.78,16.129
4/17/2014,16.14,16.25,15.93,16.149
4/21/2014,16.149,16.17,16.03,16.09
4/22/2014,16.09,16.34,16.04,16.29
4/23/2014,16.3,16.4,16.23,16.37
4/24/2014,16.43,16.5,16.21,16.34
4/25/2014,16.1,16.23,15.93,15.95
4/28/2014,15.33,15.41,14.86,14.95
4/29/2014,15.04,15.3,14.91,15.24
4/30/2014,15.26,15.27,15.13,15.14
5/1/2014,15.14,15.217,15.03,15.09
5/2/2014,15.18,15.29,15.1,15.25
5/5/2014,15.075,15.13,15.02,15.08
5/6/2014,15.03,15.03,14.72,14.73
5/7/2014,14.86,14.92,14.75,14.8
5/8/2014,14.85,15.04,14.8,14.93
5/9/2014,14.95,14.985,14.67,14.74
5/12/2014,14.79,15.1,14.79,15.07
5/13/2014,15.04,15.1,14.94,15.03
5/14/2014,14.99,15.02,14.81,14.84
5/15/2014,14.82,14.83,14.39,14.55
5/16/2014,14.51,14.54,14.367,14.51
5/19/2014,14.425,14.7,14.38,14.67
5/20/2014,14.65,14.69,14.48,14.53
5/21/2014,14.59,14.71,14.5,14.61
5/22/2014,14.58,14.72,14.55,14.71
5/23/2014,14.71,14.815,14.65,14.72
5/27/2014,15,15.31,14.98,15.22
5/28/2014,15.27,15.28,15.03,15.14
5/29/2014,15.12,15.21,15.1,15.15
5/30/2014,15.12,15.23,15.07,15.14
6/2/2014,15.16,15.28,15.05,15.26
6/3/2014,15.2,15.28,15.11,15.21
6/4/2014,15.19,15.26,15.15,15.21
6/5/2014,15.28,15.48,15.22,15.43
6/6/2014,15.45,15.65,15.43,15.59
6/9/2014,15.6,15.88,15.6,15.84
6/10/2014,15.78,15.94,15.73,15.92
6/11/2014,15.69,15.82,15.55,15.59
6/12/2014,15.57,15.66,15.38,15.42
6/13/2014,15.46,15.55,15.33,15.44
6/16/2014,15.3,15.31,15.18,15.28
6/17/2014,15.265,15.62,15.255,15.59
6/18/2014,15.63,15.69,15.44,15.65
6/19/2014,15.66,15.67,15.5,15.55
6/20/2014,15.63,15.63,15.44,15.45
6/23/2014,15.47,15.65,15.38,15.64
6/24/2014,15.555,15.7,15.44,15.49
6/25/2014,15.45,15.49,15.28,15.47
6/26/2014,15.44,15.53,15.27,15.41
6/27/2014,15.38,15.42,15.31,15.33
6/30/2014,15.31,15.45,15.29,15.37
7/1/2014,15.38,15.65,15.38,15.6
7/2/2014,15.78,16.03,15.76,15.85
7/3/2014,16.07,16.23,16,16.03
7/7/2014,15.99,16,15.83,15.94
7/8/2014,15.82,15.83,15.52,15.58
7/9/2014,15.62,15.69,15.54,15.6
7/10/2014,15.33,15.53,15.25,15.44
7/11/2014,15.39,15.43,15.3,15.38
7/14/2014,15.62,15.67,15.52,15.57
7/15/2014,15.75,15.85,15.66,15.81
7/16/2014,15.66,15.66,15.43,15.51
7/17/2014,15.45,15.48,15.13,15.2
7/18/2014,15.27,15.5,15.25,15.49
7/21/2014,15.42,15.55,15.36,15.52
7/22/2014,15.59,15.62,15.47,15.52
7/23/2014,15.52,15.63,15.51,15.52
7/24/2014,15.56,15.64,15.55,15.62
7/25/2014,15.585,15.63,15.55,15.59
7/28/2014,15.585,15.61,15.46,15.5
7/29/2014,15.52,15.53,15.34,15.34
7/30/2014,15.43,15.665,15.31,15.58
7/31/2014,15.44,15.55,15.25,15.25
8/1/2014,15.18,15.39,14.84,14.98
8/4/2014,15.065,15.12,14.98,15.05
8/5/2014,15.01,15.2,14.9,15
8/6/2014,15.14,15.36,15.14,15.2
8/7/2014,15.44,15.44,15.09,15.12
8/8/2014,15.08,15.2,14.99,15.2
8/11/2014,15.26,15.27,15.15,15.22
8/12/2014,15.18,15.3,15.15,15.21
8/13/2014,15.25,15.29,15.2,15.25
8/14/2014,15.26,15.32,15.26,15.32
8/15/2014,15.34,15.41,15.14,15.22
8/18/2014,15.28,15.45,15.27,15.45
8/19/2014,15.52,15.65,15.44,15.45
8/20/2014,15.41,15.633,15.37,15.52
8/21/2014,15.69,16.219,15.62,16.16
8/22/2014,16.16,16.29,16.05,16.129
8/25/2014,16.27,16.4,16.2,16.29
8/26/2014,16.34,16.46,16.32,16.329
8/27/2014,16.37,16.39,16.14,16.2
8/28/2014,16.094,16.1,15.99,16.01
8/29/2014,16.045,16.14,16.02,16.09
9/2/2014,16.14,16.28,16.059,16.27
9/3/2014,16.27,16.28,16.04,16.1
9/4/2014,16.094,16.27,16.04,16.11
9/5/2014,16.05,16.07,15.9,16.02
9/8/2014,16.19,16.37,16.149,16.35
9/9/2014,16.25,16.26,16.1,16.14
9/10/2014,16.155,16.4,16.129,16.36
9/11/2014,16.32,16.63,16.3,16.57
9/12/2014,16.62,16.83,16.61,16.79
9/15/2014,16.795,16.93,16.62,16.74
9/16/2014,16.67,16.84,16.67,16.71
9/17/2014,16.71,16.93,16.68,16.77
9/18/2014,16.88,17.15,16.87,17.04
9/19/2014,17.15,17.17,16.88,16.95
9/22/2014,17.09,17.17,16.99,17.03
9/23/2014,17.05,17.2,17.03,17.05
9/24/2014,17.12,17.19,16.97,17.18
9/25/2014,17.155,17.18,16.85,16.85
9/26/2014,16.91,17.05,16.89,17.03
9/29/2014,16.91,17.05,16.88,17.01
9/30/2014,17.08,17.11,16.97,17.05
10/1/2014,17.07,17.09,16.8,16.82
10/2/2014,16.86,16.99,16.63,16.88
10/3/2014,17.11,17.3,17.06,17.29
10/6/2014,17.37,17.41,17.22,17.29
10/7/2014,17.18,17.2,16.88,16.88
10/8/2014,16.88,17.12,16.72,17.12
10/9/2014,17.04,17.11,16.55,16.59
10/10/2014,16.52,16.77,16.36,16.48
10/13/2014,16.48,16.67,16.4,16.4
10/14/2014,16.51,16.63,16.36,16.52
10/15/2014,16.23,16.239,15.43,15.76
10/16/2014,15.61,16.25,15.52,16.079
10/17/2014,16.25,16.41,16.16,16.21
10/20/2014,16.2,16.329,16.16,16.26
10/21/2014,16.43,16.61,16.309,16.6
10/22/2014,16.59,16.7,16.37,16.4
10/23/2014,16.58,16.73,16.515,16.6
10/24/2014,16.63,16.72,16.56,16.72
10/27/2014,16.68,16.69,16.5,16.59
10/28/2014,16.62,16.8,16.61,16.8
10/29/2014,16.77,17.02,16.71,16.99
10/30/2014,16.96,17.12,16.84,17.03
10/31/2014,17.17,17.22,17.1,17.16
11/3/2014,17.18,17.35,17.1,17.27
11/4/2014,17.22,17.3,17.02,17.21
11/5/2014,17.32,17.37,17.21,17.34
11/6/2014,17.34,17.4,17.28,17.36
11/7/2014,17.31,17.38,17.22,17.36
11/10/2014,17.36,17.4,17.3,17.37
11/11/2014,17.37,17.46,17.3,17.32
11/12/2014,17.24,17.3,17.07,17.29
11/13/2014,17.285,17.3,17.12,17.22
11/14/2014,17.165,17.25,17.1,17.14
11/17/2014,17.06,17.14,16.97,17.09
11/18/2014,17.07,17.22,17.06,17.14
11/19/2014,17.145,17.15,17.01,17.06
11/20/2014,16.96,17.01,16.83,17
11/21/2014,17.15,17.19,17.06,17.12
11/24/2014,17.16,17.28,17.08,17.18
11/25/2014,17.23,17.26,17.08,17.1
11/26/2014,17.12,17.15,17.04,17.11
11/28/2014,17.07,17.15,17.03,17.04
12/1/2014,16.92,16.94,16.73,16.79
12/2/2014,16.87,17.15,16.86,17.15
12/3/2014,17.1,17.3,17.06,17.29
12/4/2014,17.24,17.34,17.13,17.21
12/5/2014,17.41,17.71,17.35,17.68
12/8/2014,17.66,17.87,17.51,17.66
12/9/2014,17.175,17.59,17.17,17.56
12/10/2014,17.48,17.68,17.37,17.38
12/11/2014,17.44,17.65,17.44,17.47
12/12/2014,17.37,17.45,17.13,17.13
12/15/2014,17.3,17.31,16.76,16.85
12/16/2014,16.74,17.19,16.59,16.72
12/17/2014,16.87,17.27,16.82,17.26
12/18/2014,17.47,17.53,17.34,17.53
12/19/2014,17.49,17.7,17.49,17.62
12/22/2014,17.65,17.73,17.55,17.71
12/23/2014,17.83,17.99,17.78,17.93
12/24/2014,17.965,18.1,17.92,17.98
12/26/2014,18.02,18.05,17.95,17.98
12/29/2014,17.97,18.19,17.91,18.11
12/30/2014,18.04,18.18,18.01,18.13
12/31/2014,18.19,18.21,17.89,17.89
1/2/2015,17.99,18.03,17.68,17.9
1/5/2015,17.785,17.81,17.29,17.38
1/6/2015,17.42,17.44,16.78,16.86
1/7/2015,17.14,17.18,16.87,16.94
1/8/2015,17.16,17.34,17.1,17.29
1/9/2015,17.38,17.38,16.95,16.98
1/12/2015,17.025,17.03,16.66,16.68
1/13/2015,16.82,16.89,16.32,16.45
1/14/2015,16,16.215,15.77,16.04
1/15/2015,15.59,15.76,15.15,15.2
1/16/2015,15.16,15.4,14.97,15.38
1/20/2015,15.59,15.63,15.2,15.26
1/21/2015,15.28,15.57,15.15,15.41
1/22/2015,15.55,16.19,15.43,16.09
1/23/2015,16.04,16.19,15.73,15.73
1/26/2015,15.72,15.93,15.7,15.85
1/27/2015,15.55,15.79,15.48,15.63
1/28/2015,15.72,15.73,15.18,15.2
1/29/2015,15.31,15.49,15.2,15.43
1/30/2015,15.23,15.47,15.15,15.15
2/2/2015,15.27,15.49,15.12,15.46
2/3/2015,15.62,15.93,15.61,15.89
2/4/2015,15.79,16,15.75,15.79
2/5/2015,15.98,16.09,15.9,15.97
2/6/2015,16.3,16.75,16.219,16.49
2/9/2015,16.35,16.5,16.25,16.35
2/10/2015,16.56,16.62,16.35,16.42
2/11/2015,16.329,16.45,16.21,16.36
2/12/2015,16.41,16.73,16.37,16.67
2/13/2015,16.73,16.79,16.54,16.61
2/17/2015,16.525,16.68,16.37,16.63
2/18/2015,16.55,16.56,16.239,16.3
2/19/2015,16.21,16.379,16.079,16.21
2/20/2015,16.14,16.43,16.01,16.379
2/23/2015,16.32,16.32,16.1,16.2
2/24/2015,16.27,16.55,16.25,16.379
2/25/2015,16.37,16.5,16.32,16.49
2/26/2015,16.42,16.44,15.9,16.04
2/27/2015,15.78,15.88,15.62,15.81
3/2/2015,15.79,16.03,15.715,16.01
3/3/2015,16.03,16.149,15.96,16.04
3/4/2015,15.96,15.98,15.76,15.84
3/5/2015,15.92,16.03,15.745,16
3/6/2015,16.41,16.62,16.16,16.219
3/9/2015,16.309,16.329,16.12,16.17
3/10/2015,16.04,16.129,15.79,15.79
3/11/2015,15.92,16.16,15.87,16.11
3/12/2015,16.05,16.21,15.9,16.09
3/13/2015,16.079,16.149,15.94,16.09
3/16/2015,16.11,16.219,15.85,16.129
3/17/2015,16.07,16.12,15.96,16.09
3/18/2015,16.01,16.1,15.91,15.98
3/19/2015,15.96,15.97,15.61,15.61
3/20/2015,15.695,15.93,15.64,15.84
3/23/2015,15.82,15.88,15.72,15.72
3/24/2015,15.73,15.8,15.61,15.61
3/25/2015,15.63,15.65,15.4,15.41
3/26/2015,15.385,15.54,15.26,15.42
3/27/2015,15.48,15.49,15.27,15.31
3/30/2015,15.42,15.61,15.4,15.52
3/31/2015,15.5,15.52,15.38,15.39
4/1/2015,15.42,15.46,15.25,15.41
4/2/2015,15.43,15.62,15.43,15.54
4/6/2015,15.39,15.6,15.34,15.51
4/7/2015,15.53,15.65,15.45,15.46
4/8/2015,15.51,15.74,15.5,15.61
4/9/2015,15.63,15.76,15.53,15.71
4/10/2015,15.69,15.79,15.6,15.72
4/13/2015,15.78,15.86,15.74,15.8
4/14/2015,15.88,15.95,15.71,15.82
4/15/2015,15.7,15.85,15.59,15.64
4/16/2015,15.64,15.94,15.58,15.79
4/17/2015,15.71,15.75,15.5,15.56
4/20/2015,15.62,15.69,15.56,15.57
4/21/2015,15.6,15.64,15.43,15.5
4/22/2015,15.55,15.83,15.49,15.74
4/23/2015,15.72,15.8,15.68,15.69
4/24/2015,15.71,15.75,15.61,15.64
4/27/2015,15.63,15.76,15.56,15.56
4/28/2015,15.58,15.71,15.5,15.65
4/29/2015,15.6,16.04,15.57,15.98
4/30/2015,16,16.05,15.795,15.93
5/1/2015,16,16.149,15.92,16.11
5/4/2015,16.14,16.45,16.12,16.44
5/5/2015,16.42,16.61,16.329,16.35
5/6/2015,16.36,16.49,16.079,16.29
5/7/2015,16.23,16.329,16.09,16.239
5/8/2015,16.32,16.46,16.219,16.45
5/11/2015,16.45,16.59,16.43,16.49
5/12/2015,16.46,16.48,16.35,16.43
5/13/2015,16.44,16.52,16.36,16.47
5/14/2015,16.53,16.59,16.45,16.52
5/15/2015,16.52,16.52,16.3,16.35
5/18/2015,16.309,16.54,16.309,16.51
5/19/2015,16.59,16.78,16.58,16.77
5/20/2015,16.78,16.85,16.63,16.74
5/21/2015,16.71,16.75,16.56,16.73
5/22/2015,16.72,16.8,16.705,16.75
5/26/2015,16.73,16.73,16.43,16.5
5/27/2015,16.56,16.75,16.54,16.74
5/28/2015,16.72,16.73,16.58,16.67
5/29/2015,16.66,16.67,16.47,16.5
6/1/2015,16.58,16.64,16.47,16.55
6/2/2015,16.52,16.76,16.5,16.72
6/3/2015,16.79,17.02,16.74,16.93
6/4/2015,16.87,16.98,16.72,16.78
6/5/2015,17.04,17.35,16.965,17.19
6/8/2015,17.27,17.33,17.05,17.08
6/9/2015,17.05,17.35,17,17.31
6/10/2015,17.39,17.62,17.36,17.59
6/11/2015,17.62,17.675,17.44,17.49
6/12/2015,17.45,17.58,17.36,17.49
6/15/2015,17.33,17.5,17.25,17.47
6/16/2015,17.46,17.56,17.37,17.55
6/17/2015,17.59,17.595,17.3,17.37
6/18/2015,17.35,17.4,17.22,17.38
6/19/2015,17.28,17.39,17.12,17.17
6/22/2015,17.36,17.53,17.35,17.47
6/23/2015,17.56,17.72,17.56,17.67
6/24/2015,17.53,17.69,17.45,17.49
6/25/2015,17.57,17.62,17.35,17.37
6/26/2015,17.48,17.52,17.35,17.41
6/29/2015,17.13,17.25,16.86,16.89
6/30/2015,17.08,17.13,16.85,17.02
7/1/2015,17.25,17.31,17.09,17.22
7/2/2015,17.16,17.21,16.89,17.03
7/6/2015,16.78,17.01,16.71,16.94
7/7/2015,16.9,16.93,16.34,16.69
7/8/2015,16.42,16.5,16.219,16.25
7/9/2015,16.53,16.72,16.45,16.48
7/10/2015,16.795,16.84,16.66,16.7
7/13/2015,16.97,17.05,16.9,17.02
7/14/2015,16.93,17.15,16.86,17.13
7/15/2015,17.53,17.85,17.49,17.68
7/16/2015,17.91,18.07,17.86,17.95
7/17/2015,17.96,18.16,17.89,18.1
7/20/2015,18.15,18.23,18.08,18.12
7/21/2015,18.11,18.17,18.02,18.08
7/22/2015,18.03,18.48,18.03,18.45
7/23/2015,18.39,18.43,18.08,18.18
7/24/2015,18.2,18.23,17.84,17.9
7/27/2015,17.66,17.78,17.5,17.67
7/28/2015,17.79,17.89,17.6,17.88
7/29/2015,17.95,18.2,17.92,18.16
7/30/2015,18.2,18.29,18.05,18.13
7/31/2015,18.03,18.06,17.86,17.88
8/3/2015,17.91,17.965,17.64,17.77
8/4/2015,17.79,17.93,17.71,17.8
8/5/2015,17.93,18.045,17.8,17.87
8/6/2015,17.91,17.975,17.77,17.81
8/7/2015,17.92,18.07,17.6,17.75
8/10/2015,17.87,18.05,17.86,18.04
8/11/2015,17.85,17.97,17.72,17.79
8/12/2015,17.62,17.645,17.02,17.52
8/13/2015,17.56,17.69,17.44,17.62
8/14/2015,17.57,17.7,17.54,17.7
8/17/2015,17.61,17.81,17.56,17.77
8/18/2015,17.72,17.9,17.65,17.69
8/19/2015,17.55,17.69,17.44,17.46
8/20/2015,17.19,17.2,16.72,16.72
8/21/2015,16.195,16.66,16.1,16.1
8/24/2015,15.02,15.98,14.6,15.29
8/25/2015,16.2,16.204,15.25,15.26
8/26/2015,15.81,16.059,15.335,16.059
8/27/2015,16.36,16.45,16.09,16.44
8/28/2015,16.4,16.44,16.2,16.36
8/31/2015,16.329,16.375,16.18,16.34
9/1/2015,15.95,16.05,15.46,15.58
9/2/2015,15.81,15.86,15.57,15.85
9/3/2015,15.97,16.19,15.87,15.94
9/4/2015,15.79,15.86,15.5,15.65
9/8/2015,15.96,16.16,15.9,16.16
9/9/2015,16.37,16.46,15.83,15.9
9/10/2015,15.87,16.11,15.81,16.04
9/11/2015,15.99,16.059,15.9,16.04
9/14/2015,15.97,16.07,15.9,15.96
9/15/2015,16.04,16.39,16.01,16.309
9/16/2015,16.35,16.39,16.09,16.329
9/17/2015,16.29,16.48,15.78,15.86
9/18/2015,15.68,15.71,15.5,15.56
9/21/2015,15.67,15.75,15.57,15.7
9/22/2015,15.49,15.58,15.45,15.57
9/23/2015,15.6,15.85,15.58,15.72
9/24/2015,15.535,15.62,15.4,15.55
9/25/2015,15.88,16.02,15.81,15.89
9/28/2015,15.79,15.82,15.38,15.47
9/29/2015,15.5,15.53,15.25,15.35
9/30/2015,15.55,15.6,15.32,15.58
10/1/2015,15.52,15.64,15.36,15.55
10/2/2015,15.08,15.38,14.63,15.38
10/5/2015,15.45,15.79,15.44,15.69
10/6/2015,15.68,15.82,15.57,15.69
10/7/2015,15.78,15.93,15.57,15.75
10/8/2015,15.72,15.78,15.51,15.75
10/9/2015,15.75,15.82,15.5,15.58
10/12/2015,15.6,15.62,15.43,15.52
10/13/2015,15.45,15.59,15.4,15.52
10/14/2015,15.77,15.92,15.55,15.64
10/15/2015,15.81,16.28,15.72,16.19
10/16/2015,16.285,16.29,16.03,16.12
10/19/2015,16,16.21,15.98,16.14
10/20/2015,16.16,16.29,16.1,16.2
10/21/2015,16.26,16.29,15.9,15.9
10/22/2015,16,16.2,15.995,16.16
10/23/2015,16.29,16.55,16.25,16.52
10/26/2015,16.52,16.55,16.34,16.51
10/27/2015,16.4,16.47,16.3,16.4
10/28/2015,16.45,17.31,16.445,17.28
10/29/2015,17.16,17.44,16.97,17.09
10/30/2015,17.18,17.18,16.76,16.78
11/2/2015,16.9,17.14,16.87,17.06
11/3/2015,17.01,17.26,16.99,17.18
11/4/2015,17.3,17.31,16.96,17.01
11/5/2015,17.03,17.37,17.03,17.31
11/6/2015,17.84,18.09,17.76,17.95
11/9/2015,18.03,18.08,17.56,17.68
11/10/2015,17.63,17.94,17.56,17.85
11/11/2015,17.99,17.99,17.68,17.75
11/12/2015,17.58,17.63,17.35,17.37
11/13/2015,17.13,17.31,17.09,17.2
11/16/2015,17.13,17.46,17.01,17.43
11/17/2015,17.5,17.6,17.34,17.42
11/18/2015,17.43,17.87,17.43,17.84
11/19/2015,17.78,17.85,17.62,17.69
11/20/2015,17.81,17.833,17.59,17.65
11/23/2015,17.62,17.73,17.46,17.47
11/24/2015,17.26,17.57,17.25,17.47
11/25/2015,17.51,17.57,17.41,17.44
11/27/2015,17.46,17.5,17.33,17.48
11/30/2015,17.48,17.58,17.42,17.43
12/1/2015,17.52,17.81,17.48,17.81
12/2/2015,17.88,17.89,17.55,17.62
12/3/2015,17.68,17.765,17.25,17.3
12/4/2015,17.44,17.83,17.38,17.8
12/7/2015,17.79,17.8,17.44,17.54
12/8/2015,17.39,17.459,17.13,17.19
12/9/2015,17.11,17.38,16.87,17.1
12/10/2015,17.15,17.41,16.96,17.2
12/11/2015,16.97,17.06,16.64,16.73
12/14/2015,16.76,16.89,16.495,16.8
12/15/2015,17.02,17.49,16.99,17.42
12/16/2015,17.65,17.78,17.23,17.75
12/17/2015,17.8,17.83,17.3,17.3
12/18/2015,17.19,17.265,16.76,16.76
12/21/2015,16.98,17.03,16.77,16.97
12/22/2015,17.05,17.11,16.85,17.08
12/23/2015,17.16,17.34,17.095,17.34
12/24/2015,17.32,17.38,17.22,17.27
12/28/2015,17.22,17.23,16.98,17.13
12/29/2015,17.25,17.35,17.16,17.28
12/30/2015,17.2,17.24,17.04,17.05
12/31/2015,17.01,17.07,16.83,16.83
1/4/2016,16.45,16.49,16.25,16.43
1/5/2016,16.52,16.59,16.23,16.43
1/6/2016,16.19,16.29,16.02,16.079
1/7/2016,15.73,15.9,15.44,15.5
1/8/2016,15.94,15.94,15.16,15.2
1/11/2016,15.26,15.37,14.94,15.31
1/12/2016,15.54,15.58,15.06,15.31
1/13/2016,15.47,15.52,14.85,14.9
1/14/2016,15.01,15.2,14.65,14.99
1/15/2016,14.41,14.66,14.13,14.46
1/19/2016,14.69,14.79,14.01,14.24
1/20/2016,13.79,14,13.27,13.69
1/21/2016,13.67,13.84,13.25,13.36
1/22/2016,13.65,13.72,13.47,13.56
1/25/2016,13.54,13.55,12.94,12.96
1/26/2016,13.07,13.35,13.04,13.31
1/27/2016,13.2,13.73,13.19,13.36
1/28/2016,13.59,13.705,13.26,13.53
1/29/2016,13.66,14.15,13.59,14.14
2/1/2016,14.05,14.09,13.8,13.96
2/2/2016,13.74,13.745,13.13,13.23
2/3/2016,13.28,13.29,12.52,13.03
2/4/2016,12.89,13.59,12.885,13.25
2/5/2016,13.32,13.39,12.89,12.95
2/8/2016,12.67,12.7,12.13,12.27
2/9/2016,11.99,12.43,11.96,12.2
2/10/2016,12.42,12.54,11.91,11.98
2/11/2016,11.46,11.55,10.99,11.16
2/12/2016,11.48,12.03,11.4,11.95
2/16/2016,12.38,12.39,12.11,12.25
2/17/2016,12.57,12.69,12.47,12.56
2/18/2016,12.71,12.74,12.1,12.24
2/19/2016,12.22,12.24,11.98,12.13
2/22/2016,12.38,12.54,12.36,12.54
2/23/2016,12.47,12.475,12.1,12.16
2/24/2016,11.96,12.15,11.65,12.13
2/25/2016,12.14,12.33,12.09,12.32
2/26/2016,12.49,12.95,12.4,12.7
2/29/2016,12.7,12.86,12.51,12.52
3/1/2016,12.64,13.21,12.62,13.19
3/2/2016,13.2,13.51,13.13,13.41
3/3/2016,13.38,13.55,13.25,13.5
3/4/2016,13.76,13.89,13.49,13.54
3/7/2016,13.45,13.62,13.37,13.53
3/8/2016,13.4,13.465,13.05,13.06
3/9/2016,13.17,13.27,13,13.14
3/10/2016,13.23,13.4,13,13.27
3/11/2016,13.44,13.84,13.37,13.79
3/14/2016,13.72,13.74,13.49,13.64
3/15/2016,13.51,13.6,13.39,13.57
3/16/2016,13.51,13.81,13.09,13.31
3/17/2016,13.22,13.475,13.05,13.4
3/18/2016,13.68,13.88,13.55,13.79
3/21/2016,13.8,14.03,13.72,13.84
3/22/2016,13.67,13.84,13.63,13.76
3/23/2016,13.77,13.83,13.6,13.62
3/24/2016,13.41,13.69,13.27,13.68
3/28/2016,13.73,13.74,13.54,13.62
3/29/2016,13.54,13.54,13.26,13.42
3/30/2016,13.49,13.66,13.46,13.48
3/31/2016,13.49,13.71,13.45,13.52
4/1/2016,13.47,13.65,13.32,13.56
4/4/2016,13.54,13.65,13.41,13.51
4/5/2016,13.3,13.34,13.16,13.19
4/6/2016,13.2,13.3,13.11,13.27
4/7/2016,13.15,13.205,12.75,12.85
4/8/2016,13.03,13.14,12.86,12.88
4/11/2016,12.92,13.09,12.88,12.97
4/12/2016,13,13.33,12.93,13.27
4/13/2016,13.55,13.85,13.53,13.79
4/14/2016,13.71,14.28,13.7,14.14
4/15/2016,14.27,14.29,13.95,14
4/18/2016,13.85,14.24,13.82,14.17
4/19/2016,14.26,14.54,14.24,14.45
4/20/2016,14.56,14.94,14.53,14.93
4/21/2016,14.98,15.135,14.75,14.9
4/22/2016,14.865,15.14,14.865,15.11
4/25/2016,15.02,15.14,14.81,14.96
4/26/2016,15.02,15.14,14.8,15.09
4/27/2016,15.02,15.3,14.98,15.02
4/28/2016,14.92,15.08,14.76,14.79
4/29/2016,14.73,14.85,14.43,14.56
5/2/2016,14.58,14.78,14.4,14.77
5/3/2016,14.51,14.51,14.15,14.36
5/4/2016,14.09,14.27,14,14.13
5/5/2016,14.15,14.32,14,14.05
5/6/2016,13.83,14.14,13.8,14.11
5/9/2016,14.08,14.19,13.91,13.99
5/10/2016,14.08,14.33,14.05,14.3
5/11/2016,14.25,14.5,14.19,14.2
5/12/2016,14.3,14.47,14.05,14.14
5/13/2016,14.15,14.37,13.87,13.88
5/16/2016,13.82,14.02,13.8,13.93
5/17/2016,13.89,14.13,13.82,14.01
5/18/2016,14.02,14.75,14.01,14.69
5/19/2016,14.595,14.865,14.43,14.53
5/20/2016,14.64,14.7,14.43,14.52
5/23/2016,14.54,14.6,14.4,14.47
5/24/2016,14.6,14.75,14.53,14.68
5/25/2016,14.83,15.15,14.83,14.92
5/26/2016,14.98,14.99,14.69,14.7
5/27/2016,14.76,14.88,14.69,14.88
5/31/2016,15.03,15.05,14.73,14.79
6/1/2016,14.6,14.9,14.45,14.86
6/2/2016,14.95,14.98,14.77,14.94
6/3/2016,14.46,14.5,14.19,14.42
6/6/2016,14.44,14.7,14.37,14.52
6/7/2016,14.54,14.6,14.34,14.35
6/8/2016,14.35,14.46,14.3,14.43
6/9/2016,14.32,14.32,14.08,14.19
6/10/2016,13.98,14,13.75,13.83
6/13/2016,13.64,13.905,13.58,13.6
6/14/2016,13.56,13.726,13.17,13.26
6/15/2016,13.38,13.66,13.28,13.34
6/16/2016,13.23,13.33,13.02,13.31
6/17/2016,13.38,13.53,13.28,13.4
6/20/2016,13.74,13.85,13.51,13.54
6/21/2016,13.615,13.65,13.445,13.62
6/22/2016,13.6,13.78,13.59,13.61
6/23/2016,13.84,14.05,13.82,14.04
6/24/2016,13.05,13.44,12.97,13
6/27/2016,12.77,12.77,12.05,12.18
6/28/2016,12.57,12.72,12.35,12.7
6/29/2016,13.07,13.22,12.92,13.19
6/30/2016,13.37,13.38,13.07,13.27
7/1/2016,13.19,13.27,13.02,13.1
7/5/2016,12.93,12.94,12.63,12.74
7/6/2016,12.52,12.92,12.45,12.86
7/7/2016,12.865,13.11,12.84,13.01
7/8/2016,13.28,13.32,13.11,13.17
7/11/2016,13.29,13.4,13.2,13.21
7/12/2016,13.41,13.6,13.4,13.54
7/13/2016,13.5,13.58,13.32,13.44
7/14/2016,13.73,13.78,13.64,13.65
7/15/2016,13.78,13.79,13.52,13.66
7/18/2016,13.84,14.23,13.82,14.11
7/19/2016,14.06,14.37,14.03,14.26
7/20/2016,14.35,14.43,14.26,14.4
7/21/2016,14.43,14.47,14.26,14.27
7/22/2016,14.26,14.4,14.18,14.38
7/25/2016,14.31,14.39,14.28,14.37
7/26/2016,14.32,14.55,14.31,14.53
7/27/2016,14.57,14.7,14.45,14.63
7/28/2016,14.57,14.69,14.46,14.68
7/29/2016,14.56,14.7,14.48,14.49
8/1/2016,14.52,14.6,14.26,14.33
8/2/2016,14.28,14.45,14.09,14.13
8/3/2016,14.11,14.48,14.095,14.48
8/4/2016,14.48,14.54,14.36,14.48
8/5/2016,14.75,15.06,14.75,15.05
8/8/2016,15.08,15.17,14.92,15.13
8/9/2016,15.11,15.19,15.07,15.19
8/10/2016,15.16,15.18,14.78,14.81
8/11/2016,14.83,14.97,14.745,14.88
8/12/2016,14.77,14.91,14.7,14.91
8/15/2016,14.97,15.03,14.945,15.02
8/16/2016,14.97,15.19,14.93,15.17
8/17/2016,15.16,15.24,15.08,15.15
8/18/2016,15.11,15.24,15.06,15.16
8/19/2016,15.13,15.25,15.05,15.22
8/22/2016,15.2,15.25,15.12,15.18
8/23/2016,15.26,15.41,15.26,15.35
8/24/2016,15.37,15.5,15.36,15.4
8/25/2016,15.42,15.54,15.4,15.53
8/26/2016,15.61,15.9,15.58,15.79
8/29/2016,15.81,16.01,15.775,15.84
8/30/2016,15.87,16.23,15.8,16.19
8/31/2016,16.21,16.239,15.88,16.14
9/1/2016,16.149,16.149,15.75,15.98
9/2/2016,15.94,16.059,15.82,16
9/6/2016,16.05,16.059,15.7,15.78
9/7/2016,15.72,15.85,15.65,15.7
9/8/2016,15.77,15.94,15.68,15.86
9/9/2016,15.91,16.149,15.74,15.74
9/12/2016,15.65,15.94,15.48,15.9
9/13/2016,15.67,15.86,15.55,15.72
9/14/2016,15.67,15.84,15.56,15.63
9/15/2016,15.64,15.745,15.58,15.67
9/16/2016,15.66,15.68,15.48,15.49
9/19/2016,15.55,15.78,15.55,15.59
9/20/2016,15.74,15.76,15.51,15.6
9/21/2016,15.71,15.83,15.39,15.65
9/22/2016,15.69,15.71,15.5,15.6
9/23/2016,15.53,15.67,15.5,15.52
9/26/2016,15.4,15.44,15.02,15.09
9/27/2016,15.01,15.34,14.81,15.29
9/28/2016,15.36,15.39,15.15,15.38
9/29/2016,15.38,15.5,15.06,15.16
9/30/2016,15.26,15.73,15.17,15.65
10/3/2016,15.59,15.73,15.5,15.63
10/4/2016,15.7,16.05,15.67,15.8
10/5/2016,15.96,16.23,15.96,16.11
10/6/2016,16.17,16.23,16.035,16.219
10/7/2016,16.19,16.25,15.98,16.129
10/10/2016,16.215,16.4,16.184,16.3
10/11/2016,16.26,16.329,16.024,16.11
10/12/2016,16.09,16.239,16.01,16.03
10/13/2016,16.09,16.09,15.6,15.83
10/14/2016,16.149,16.23,15.94,16
10/17/2016,16.17,16.195,15.9,16.05
10/18/2016,16.19,16.27,16.11,16.26
10/19/2016,16.3,16.53,16.28,16.47
10/20/2016,16.45,16.63,16.41,16.56
10/21/2016,16.46,16.67,16.4,16.67
10/24/2016,16.75,16.8,16.61,16.77
10/25/2016,16.71,16.82,16.68,16.72
10/26/2016,16.64,16.87,16.62,16.87
10/27/2016,16.95,17.1,16.864,16.91
10/28/2016,16.95,16.98,16.5,16.68
10/31/2016,16.68,16.73,16.5,16.5
11/1/2016,16.56,16.75,16.329,16.61
11/2/2016,16.46,16.56,16.28,16.48
11/3/2016,16.475,16.67,16.45,16.48
11/4/2016,16.53,16.71,16.354,16.55
11/7/2016,16.86,17.04,16.85,17.01
11/8/2016,16.82,17.105,16.71,17
11/9/2016,17.66,18.05,17.4,17.97
11/10/2016,18.26,18.99,18.25,18.76
11/11/2016,18.64,19.03,18.63,19.02
11/14/2016,19.41,20.2,19.4,20.08
11/15/2016,19.79,20.18,19.6,20.16
11/16/2016,19.78,19.96,19.68,19.75
11/17/2016,19.76,20.22,19.705,20.08
11/18/2016,20.06,20.14,19.87,20
11/21/2016,20.1,20.35,20.01,20.33
11/22/2016,20.45,20.47,20.12,20.3
11/23/2016,20.576,20.66,20.2,20.56
11/25/2016,20.62,20.875,20.5,20.86
11/28/2016,20.67,20.85,20.25,20.3
11/29/2016,20.38,20.54,20.25,20.29
11/30/2016,20.77,21.19,20.72,21.12
12/1/2016,21.42,21.94,21.34,21.5
12/2/2016,21.49,21.5,21.02,21.23
12/5/2016,21.47,21.869,21.46,21.84
12/6/2016,22.09,22.16,21.72,22.16
12/7/2016,22.19,22.57,21.95,22.57
12/8/2016,22.79,23.24,22.69,22.95
12/9/2016,22.95,23.17,22.78,23.09
12/12/2016,23,23.25,22.535,22.61
12/13/2016,22.8,22.88,22.29,22.61
12/14/2016,22.31,23.3,22.21,22.67
12/15/2016,22.9,23.39,22.8,23.16
12/16/2016,23.32,23.32,22.65,22.66
12/19/2016,22.6,22.72,22.33,22.48
12/20/2016,22.63,22.83,22.61,22.71
12/21/2016,22.72,22.72,22.47,22.63
12/22/2016,22.6,22.73,22.47,22.54
12/23/2016,22.51,22.65,22.43,22.6
12/27/2016,22.71,22.735,22.54,22.61
12/28/2016,22.62,22.67,22.26,22.33
12/29/2016,22.33,22.39,21.77,22
12/30/2016,22.02,22.26,21.95,22.1
1/3/2017,22.6,22.68,22.2,22.53
1/4/2017,22.72,22.96,22.6,22.95
1/5/2017,22.82,22.93,22.345,22.68
1/6/2017,22.78,22.85,22.56,22.68
1/9/2017,22.51,22.71,22.4,22.55
1/10/2017,22.59,23.14,22.54,22.94
1/11/2017,22.94,23.07,22.72,23.07
1/12/2017,23.01,23.12,22.61,22.92
1/13/2017,23.21,23.409,22.8,23.01
1/17/2017,22.68,22.79,22.01,22.05
1/18/2017,22.3,22.65,22.1,22.63
1/19/2017,22.73,22.81,22.41,22.53
1/20/2017,22.66,22.93,22.52,22.64
1/23/2017,22.62,22.76,22.415,22.56
1/24/2017,22.61,23.095,22.48,22.95
1/25/2017,23.32,23.42,23.1,23.37
1/26/2017,23.41,23.55,23.28,23.44
1/27/2017,23.43,23.45,23.28,23.36
1/30/2017,23.2,23.2,22.71,22.95
1/31/2017,22.77,23.025,22.5,22.64
2/1/2017,22.97,23.22,22.82,22.89
2/2/2017,22.74,22.79,22.51,22.72
2/3/2017,23.15,23.35,22.95,23.29
2/6/2017,23.15,23.38,23.07,23.12
2/7/2017,23.28,23.29,22.86,22.9
2/8/2017,22.73,22.73,22.45,22.67
2/9/2017,22.76,23.15,22.64,23.12
2/10/2017,23.19,23.24,22.96,23.08
2/13/2017,23.17,23.54,23.17,23.4
2/14/2017,23.4,24.17,23.33,24.06
2/15/2017,24.34,24.77,24.11,24.58
2/16/2017,24.54,24.62,24.3,24.58
2/17/2017,24.28,24.58,24.2,24.52
2/21/2017,24.59,24.8,24.58,24.78
2/22/2017,24.61,24.95,24.54,24.79
2/23/2017,24.79,24.89,24.51,24.58
2/24/2017,24.12,24.35,24.02,24.23
2/27/2017,24.2,24.66,24.19,24.57
2/28/2017,24.48,24.7,24.42,24.68
3/1/2017,25.37,25.61,25.22,25.5
3/2/2017,25.68,25.8,25.2,25.23
3/3/2017,25.3,25.65,25.3,25.44
3/6/2017,25.33,25.35,25.08,25.25
3/7/2017,25.22,25.36,25.1,25.21
3/8/2017,25.6,25.77,25.22,25.26
3/9/2017,25.35,25.53,25.23,25.35
3/10/2017,25.62,25.62,25.09,25.31
3/13/2017,25.3,25.41,25.13,25.3
3/14/2017,25.19,25.34,25.05,25.32
3/15/2017,25.39,25.55,24.96,25.18
3/16/2017,25.24,25.49,25.19,25.22
3/17/2017,25.22,25.27,24.83,24.86
3/20/2017,24.58,24.76,24.42,24.44
3/21/2017,24.5,24.56,22.95,23.02
3/22/2017,22.65,23.18,22.45,22.94
3/23/2017,23.04,23.49,22.91,23.07
3/24/2017,23.2,23.35,22.76,23.12
3/27/2017,22.28,23.05,22.16,23.03
3/28/2017,23.01,23.67,23,23.48
3/29/2017,23.51,23.65,23.31,23.35
3/30/2017,23.38,23.98,23.33,23.87
3/31/2017,23.83,23.97,23.59,23.59
4/3/2017,23.65,23.75,23.08,23.59
4/4/2017,23.2,23.51,23.2,23.44
4/5/2017,23.77,23.88,23.15,23.17
4/6/2017,23.17,23.46,22.96,23.26
4/7/2017,23.03,23.34,22.93,23.16
4/10/2017,23.13,23.28,22.91,23.02
4/11/2017,22.83,22.95,22.58,22.92
4/12/2017,22.88,22.94,22.61,22.65
4/13/2017,22.56,22.96,22.34,22.34
4/17/2017,22.36,22.83,22.26,22.81
4/18/2017,23.11,23.15,22.38,22.71
4/19/2017,22.92,23.15,22.68,22.74
4/20/2017,22.96,23.17,22.82,23.07
4/21/2017,23.03,23.08,22.59,22.71
4/24/2017,23.24,23.85,23.24,23.63
4/25/2017,23.99,24.35,23.91,23.98
4/26/2017,24,24.19,23.86,23.89
4/27/2017,23.9,23.925,23.46,23.65
4/28/2017,23.57,23.72,23.32,23.34
5/1/2017,23.52,23.77,23.35,23.61
5/2/2017,23.61,23.67,23.33,23.53
5/3/2017,23.37,23.78,23.34,23.77
5/4/2017,23.98,24.05,23.73,23.85
5/5/2017,23.98,23.99,23.6,23.74
5/8/2017,23.75,24.06,23.75,23.96
5/9/2017,24.03,24.31,23.87,23.98
5/10/2017,23.91,24.17,23.87,24.15
5/11/2017,24.095,24.23,23.84,24.07
5/12/2017,23.92,24,23.75,24
5/15/2017,24.06,24.14,23.98,24.06
5/16/2017,24.07,24.17,23.94,23.99
5/17/2017,23.37,23.45,22.46,22.57
5/18/2017,22.61,23,22.5,22.74
5/19/2017,22.91,23.3,22.87,23.05
5/22/2017,23.19,23.24,22.82,23.04
5/23/2017,23.03,23.5,22.84,23.39
5/24/2017,23.44,23.47,23.22,23.36
5/25/2017,23.41,23.58,23.22,23.25
5/26/2017,23.23,23.42,23.17,23.24
5/30/2017,23.13,23.21,22.88,22.91
5/31/2017,22.78,22.8,22.09,22.41
6/1/2017,22.48,22.64,22.3,22.63
6/2/2017,22.27,22.59,22.16,22.45
6/5/2017,22.44,22.7,22.39,22.41
6/6/2017,22.2,22.41,22.07,22.23
6/7/2017,22.3,22.62,22.265,22.6
6/8/2017,22.62,23.21,22.6,22.97
6/9/2017,23.22,23.67,23.21,23.67
6/12/2017,23.82,24.035,23.55,23.78
6/13/2017,23.95,24.11,23.664,23.77
6/14/2017,23.55,23.81,23.2,23.76
6/15/2017,23.55,23.945,23.47,23.54
6/16/2017,23.56,23.62,23.37,23.43
6/19/2017,23.61,24,23.6,23.91
6/20/2017,23.91,23.99,23.48,23.49
6/21/2017,23.49,23.57,23.07,23.13
6/22/2017,23.12,23.195,22.9,22.93
6/23/2017,23.11,23.11,22.74,22.82
6/26/2017,22.91,23.14,22.73,22.89
6/27/2017,23.1,23.6,23,23.27
6/28/2017,23.53,23.96,23.529,23.88
6/29/2017,24.58,24.67,24.035,24.32
6/30/2017,24.62,24.62,24.17,24.26
7/3/2017,24.46,24.91,24.44,24.68
7/5/2017,24.8,24.95,24.62,24.92
7/6/2017,24.9,25.11,24.69,24.71
7/7/2017,24.92,25,24.65,24.83
7/10/2017,24.72,24.99,24.64,24.89
7/11/2017,24.88,24.91,24.46,24.6
7/12/2017,24.42,24.6,24.3,24.35
7/13/2017,24.43,24.63,24.37,24.62
7/14/2017,24.2,24.32,23.82,24.21
7/17/2017,24.22,24.22,23.93,24.02
7/18/2017,23.91,24.06,23.61,23.9
7/19/2017,24.05,24.2,23.81,24.06
7/20/2017,24.02,24.116,23.83,23.94
7/21/2017,23.84,23.96,23.66,23.8
7/24/2017,23.74,24.03,23.725,23.91
7/25/2017,24.25,24.67,24.24,24.48
7/26/2017,24.67,24.67,24.135,24.21
7/27/2017,24.26,24.45,24.034,24.11
7/28/2017,24.05,24.21,23.96,24.03
7/31/2017,24.12,24.3,24.09,24.12
8/1/2017,24.29,24.49,24.27,24.45
8/2/2017,24.44,24.59,24.26,24.59
8/3/2017,24.55,24.6,24.32,24.37
8/4/2017,24.68,25.08,24.65,24.97
8/7/2017,25.01,25.05,24.9,24.96
8/8/2017,24.95,25.35,24.82,24.9
8/9/2017,24.6,24.77,24.46,24.74
8/10/2017,24.58,24.58,24.09,24.12
8/11/2017,24.07,24.24,23.8,23.86
8/14/2017,24.23,24.485,24.17,24.42
8/15/2017,24.75,24.85,24.45,24.47
8/16/2017,24.54,24.62,24.08,24.19
8/17/2017,24.07,24.166,23.62,23.64
8/18/2017,23.56,23.9,23.45,23.62
8/21/2017,23.58,23.64,23.14,23.38
8/22/2017,23.6,23.89,23.57,23.83
8/23/2017,23.61,23.97,23.59,23.76
8/24/2017,23.93,23.94,23.68,23.84
8/25/2017,23.89,24.07,23.75,23.77
8/28/2017,23.84,23.9,23.57,23.72
8/29/2017,23.22,23.7,23.12,23.58
8/30/2017,23.73,24.04,23.56,23.87
8/31/2017,24.03,24.04,23.78,23.89
9/1/2017,23.9,24.18,23.8,24.09
9/5/2017,23.83,23.83,23.23,23.31
9/6/2017,23.49,23.575,23.21,23.41
9/7/2017,23.38,23.41,22.75,22.97
9/8/2017,22.93,23.23,22.85,22.89
9/11/2017,23.22,23.41,23.08,23.36
9/12/2017,23.46,24.03,23.45,23.95
9/13/2017,23.92,24.35,23.871,24.33
9/14/2017,24.38,24.54,24.2,24.24
9/15/2017,24.21,24.41,24.15,24.38
9/18/2017,24.42,24.77,24.41,24.7
9/19/2017,24.7,24.99,24.62,24.86
9/20/2017,24.88,25.24,24.67,25.06
9/21/2017,25.05,25.28,24.92,25.16
9/22/2017,25.01,25.07,24.85,25.02
9/25/2017,24.94,25.08,24.58,24.76
9/26/2017,24.83,24.955,24.685,24.81
9/27/2017,25.31,25.64,25.18,25.41
9/28/2017,25.59,25.64,25.34,25.45
9/29/2017,25.41,25.48,25.31,25.34
10/2/2017,25.46,25.65,25.39,25.62
10/3/2017,25.75,25.93,25.62,25.86
10/4/2017,25.86,25.95,25.7,25.71
10/5/2017,25.77,26.23,25.66,26.13
10/6/2017,26.25,26.3,26.04,26.21
10/9/2017,26.26,26.27,25.76,25.85
10/10/2017,25.83,25.95,25.71,25.93
10/11/2017,25.93,25.93,25.65,25.83
10/12/2017,25.87,25.93,25.34,25.45
10/13/2017,25.38,26,25.12,25.83
10/16/2017,25.87,26.33,25.87,26.24
10/17/2017,26.37,26.43,26.11,26.2
10/18/2017,26.34,26.55,26.33,26.48
10/19/2017,26.2,26.59,26.15,26.58
10/20/2017,27.04,27.18,26.9,27.17
10/23/2017,27.22,27.43,27.09,27.16
10/24/2017,27.35,27.84,27.34,27.68
10/25/2017,27.89,27.92,27.34,27.635
10/26/2017,27.69,27.98,27.68,27.74
10/27/2017,27.68,27.96,27.618,27.8
10/30/2017,27.65,27.76,27.46,27.6
10/31/2017,27.64,27.72,27.34,27.39
11/1/2017,27.64,27.73,27.36,27.53
11/2/2017,27.51,27.935,27.275,27.87
11/3/2017,27.73,27.82,27.62,27.82
11/6/2017,27.74,27.82,27.62,27.75
11/7/2017,27.74,27.77,27.02,27.18
11/8/2017,26.96,26.96,26.49,26.79
11/9/2017,26.49,26.66,26.12,26.49
11/10/2017,26.59,26.74,26.46,26.51
11/13/2017,26.26,26.48,26.14,26.4
11/14/2017,26.26,26.35,26.08,26.24
11/15/2017,25.99,26.93,25.81,26.79
11/16/2017,26.91,27.05,26.74,26.76
11/17/2017,26.51,26.73,26.445,26.62
11/20/2017,26.74,26.84,26.54,26.74
11/21/2017,26.8,26.86,26.69,26.73
11/22/2017,26.77,26.9,26.59,26.66
11/24/2017,26.72,26.74,26.57,26.59
11/27/2017,26.52,26.92,26.51,26.59
11/28/2017,26.62,27.7,26.565,27.64
11/29/2017,28.02,28.49,27.84,28.28
11/30/2017,28.62,28.72,28.08,28.17
12/1/2017,28.25,28.51,27.5,28.1
12/4/2017,28.85,29.31,28.82,29.06
12/5/2017,29.27,29.3,28.85,28.93
12/6/2017,28.73,28.97,28.57,28.64
12/7/2017,28.45,28.97,28.37,28.78
12/8/2017,29.08,29.09,28.76,29.05
12/11/2017,29.05,29.17,28.9,28.94
12/12/2017,29.05,29.5,28.91,29.32
12/13/2017,29.31,29.44,28.83,28.84
12/14/2017,29.065,29.18,28.71,28.73
12/15/2017,28.905,29.18,28.74,29.04
12/18/2017,29.32,29.5,29.27,29.48
12/19/2017,29.625,29.64,29.37,29.45
12/20/2017,29.765,29.84,29.45,29.48
12/21/2017,29.595,29.98,29.58,29.82
12/22/2017,29.965,30.03,29.62,29.88
12/26/2017,29.74,29.94,29.58,29.78
12/27/2017,29.66,29.73,29.601,29.73
12/28/2017,29.73,29.82,29.66,29.8
12/29/2017,29.85,29.88,29.52,29.52
1/2/2018,29.75,29.9,29.61,29.9
1/3/2018,29.9,29.94,29.69,29.8
1/4/2018,29.97,30.44,29.88,30.19
1/5/2018,30.37,30.42,30.05,30.33
1/8/2018,30.23,30.27,30.05,30.12
1/9/2018,30.2,30.54,30.13,30.27
1/10/2018,30.37,30.73,30.31,30.55
1/11/2018,30.66,30.69,30.45,30.66
1/12/2018,30.88,31.2,30.77,31.19
1/16/2018,31.74,31.79,31.03,31.24
1/17/2018,31,31.29,30.34,31.18
1/18/2018,31.33,31.71,31.21,31.48
1/19/2018,31.58,31.74,31.46,31.72
1/22/2018,31.67,31.94,31.58,31.94
1/23/2018,31.86,32.13,31.785,31.92
1/24/2018,32.009,32.21,31.82,32.09
1/25/2018,32.24,32.25,31.93,32.09
1/26/2018,32.11,32.2,31.95,32.2
1/29/2018,32.25,32.45,32.18,32.28
1/30/2018,31.95,32.2,31.85,31.88
1/31/2018,32.049,32.29,31.95,32
2/1/2018,32,32.5,31.96,32.5
2/2/2018,32.439,32.67,31.86,31.95
2/5/2018,31.12,31.98,29.15,30.26
2/6/2018,29.41,31.29,29.3,31.2
2/7/2018,31.12,31.74,30.86,31.25
2/8/2018,31.31,31.38,29.73,29.74
2/9/2018,30.17,30.61,29.13,30.33
2/12/2018,30.62,31.44,30.54,31.12
2/13/2018,31.04,31.4,30.76,31.18
2/14/2018,31.17,32.03,31.055,32
2/15/2018,32.39,32.47,31.87,32.21
2/16/2018,32,32.259,31.92,31.97
2/20/2018,31.96,32.159,31.75,31.93
2/21/2018,31.8,32.365,31.77,31.87
2/22/2018,31.99,32.14,31.59,31.69
2/23/2018,31.8,32.06,31.76,32.03
2/26/2018,32.17,32.439,32.049,32.42
2/27/2018,32.32,32.85,32.32,32.33
2/28/2018,32.49,32.77,32.09,32.1
3/1/2018,32.07,32.345,31.36,31.48
3/2/2018,31.12,31.69,30.63,31.63
3/5/2018,31.35,32.354,31.165,32.13
3/6/2018,32.299,32.32,31.95,32.11
3/7/2018,31.7,32.229,31.58,32.18
3/8/2018,32.189,32.27,31.81,32.2
3/9/2018,32.47,32.729,32.4,32.72
3/12/2018,32.689,33.05,32.64,32.84
3/13/2018,32.97,32.99,32.299,32.36
3/14/2018,32.549,32.549,31.93,32.14
3/15/2018,32.29,32.34,31.93,32.1
3/16/2018,32.11,32.57,32.08,32.17
3/19/2018,32.13,32.22,31.68,31.98
3/20/2018,32.06,32.2,31.88,31.98
3/21/2018,32,32.45,31.68,31.87
3/22/2018,31.44,31.49,30.42,30.55
3/23/2018,30.69,30.82,29.05,29.17
3/26/2018,29.89,30.555,29.65,30.44
3/27/2018,30.65,30.67,29.21,29.52
3/28/2018,29.79,29.96,29.01,29.39
3/29/2018,29.57,30.14,29.31,29.99
4/2/2018,29.8,30.055,28.75,29.31
4/3/2018,29.54,29.65,29.1,29.59
4/4/2018,29,29.97,28.95,29.88
4/5/2018,30.18,30.55,30.115,30.32
4/6/2018,30.01,30.29,29.37,29.63
4/9/2018,29.82,30.625,29.76,29.87
4/10/2018,30.48,30.58,30.23,30.48
4/11/2018,30.15,30.24,29.89,29.9
4/12/2018,30.22,30.8,30.165,30.65
4/13/2018,31.13,31.17,29.56,29.8
4/16/2018,30.08,30.37,29.47,29.93
4/17/2018,30.17,30.37,29.88,30.04
4/18/2018,30.03,30.22,29.5,29.53
4/19/2018,29.55,30.24,29.54,30.18
4/20/2018,30.26,30.53,30.13,30.26
4/23/2018,30.27,30.4,30.12,30.32
4/24/2018,30.46,30.86,30,30.19
4/25/2018,30.09,30.34,29.8,30.14
4/26/2018,30.04,30.28,29.99,30.07
4/27/2018,29.99,30.21,29.97,30.15
4/30/2018,30.27,30.43,29.92,29.92
5/1/2018,29.92,29.96,29.62,29.95
5/2/2018,29.95,30.07,29.56,29.58
5/3/2018,29.51,29.52,28.43,29.2
5/4/2018,28.99,29.42,28.82,29.3
5/7/2018,29.44,29.788,29.33,29.64
5/8/2018,29.77,30.125,29.665,29.93
5/9/2018,30.1,30.79,30.08,30.72
5/10/2018,30.61,31.07,30.42,30.89
5/11/2018,30.91,31.03,30.81,30.92
5/14/2018,31.04,31.23,31.03,31.12
5/15/2018,30.92,31.36,30.85,31.22
5/16/2018,31.18,31.25,31.02,31.06
5/17/2018,31.04,31.08,30.67,30.81
5/18/2018,30.77,30.79,30.23,30.26
5/21/2018,30.52,30.68,30.48,30.55
5/22/2018,30.6,31.14,30.54,30.89
5/23/2018,30.71,30.76,30.081,30.44
5/24/2018,30.4,30.41,29.83,30.21
5/25/2018,30.01,30.19,29.88,30.16
5/29/2018,29.76,29.8,28.7,28.96
5/30/2018,29.29,29.6,29.16,29.49
5/31/2018,29.2,29.26,28.825,29.04
6/1/2018,29.49,29.66,29.31,29.4
6/4/2018,29.55,29.59,29.33,29.4
6/5/2018,29.31,29.34,29.06,29.12
6/6/2018,29.29,30.05,29.28,30.04
6/7/2018,30.2,30.31,29.89,30.09
6/8/2018,30.01,30.05,29.81,30.01
6/11/2018,30.13,30.41,30.06,30.06
6/12/2018,30.17,30.27,29.75,29.9
6/13/2018,29.98,30.355,29.695,29.84
6/14/2018,30.04,30.05,29.38,29.5
6/15/2018,29.25,29.41,28.865,29.28
6/18/2018,28.94,29.5,28.81,29.4
6/19/2018,29.04,29.37,28.95,29.26
6/20/2018,29.42,29.5,29.18,29.24
6/21/2018,29.21,29.45,29,29.29
6/22/2018,29.46,29.52,28.99,28.99
6/25/2018,28.86,28.91,28.26,28.48
6/26/2018,28.52,28.67,28.01,28.54
6/27/2018,28.51,28.845,28.24,28.24
6/28/2018,28.4,28.84,28.3,28.67
6/29/2018,29.09,29.17,28.18,28.19
7/2/2018,28.08,28.28,27.83,28.28
7/3/2018,28.33,28.43,27.74,27.78
7/5/2018,27.95,28.079,27.81,27.92
7/6/2018,27.81,28.15,27.63,28.03
7/9/2018,28.23,29.09,28.22,29.05
7/10/2018,29.22,29.33,28.75,28.83
7/11/2018,28.67,28.91,28.62,28.68
7/12/2018,28.9,28.97,28.66,28.77
7/13/2018,28.62,28.69,28.221,28.55
7/16/2018,28.78,29.85,28.73,29.78
7/17/2018,29.89,30.2,29.58,30.01
7/18/2018,29.92,30.29,29.84,30.13
7/19/2018,29.93,30.015,29.64,29.67
7/20/2018,29.62,30.16,29.46,30.13
7/23/2018,30.14,30.85,30.13,30.75
7/24/2018,30.85,31.11,30.65,30.83
7/25/2018,30.7,31.11,30.67,31.07
7/26/2018,31.19,31.21,30.89,30.94
7/27/2018,30.99,31.14,30.8,31.06
7/30/2018,31.14,31.45,31.13,31.31
7/31/2018,31.36,31.415,30.82,30.88
8/1/2018,31.22,31.55,31.17,31.25
8/2/2018,30.98,31.31,30.87,31.28
8/3/2018,31.18,31.51,31.16,31.51
8/6/2018,31.45,31.59,31.325,31.52
8/7/2018,31.55,31.8,31.49,31.51
8/8/2018,31.51,31.91,31.48,31.8
8/9/2018,31.73,31.79,31.55,31.6
8/10/2018,31.23,31.325,30.9,31.19
8/13/2018,31.08,31.12,30.45,30.48
8/14/2018,30.61,30.9,30.42,30.79
8/15/2018,30.48,30.62,30.155,30.36
8/16/2018,30.56,30.84,30.52,30.72
8/17/2018,30.66,30.855,30.545,30.74
8/20/2018,30.69,30.925,30.65,30.87
8/21/2018,30.91,31.25,30.83,31.02
8/22/2018,30.92,31.085,30.88,30.98
8/23/2018,30.94,30.98,30.74,30.84
8/24/2018,30.94,31.08,30.85,30.89
8/27/2018,31.03,31.49,30.99,31.31
8/28/2018,31.36,31.41,31.19,31.27
8/29/2018,31.24,31.31,31.07,31.14
8/30/2018,31.02,31.15,30.95,31.01
8/31/2018,30.88,30.95,30.62,30.93
9/4/2018,30.91,31.16,30.82,31.14
9/5/2018,31.07,31.24,30.97,31.18
9/6/2018,31.05,31.11,30.73,30.85
9/7/2018,31,31.12,30.63,30.86
9/10/2018,30.88,31,30.75,30.82
9/11/2018,30.72,30.9,30.7,30.85
9/12/2018,30.88,30.96,30.38,30.43
9/13/2018,30.53,30.67,30.08,30.14
9/14/2018,30.13,30.39,30.11,30.37
9/17/2018,30.34,30.49,30.15,30.28
9/18/2018,30.33,30.4,30.13,30.21
9/19/2018,30.13,31.2,30.13,31
9/20/2018,31.3,31.37,31.14,31.19
9/21/2018,31.34,31.37,30.97,31.03
9/24/2018,30.98,31.2,30.66,30.74
9/25/2018,30.85,31.04,30.6,30.67
9/26/2018,30.71,30.74,30.06,30.13
9/27/2018,30.24,30.31,29.93,29.94
9/28/2018,29.65,29.85,29.42,29.46
10/1/2018,29.68,29.94,29.54,29.65
10/2/2018,29.58,29.72,29.27,29.58
10/3/2018,29.81,30.175,29.72,30
10/4/2018,30.17,30.79,30.14,30.43
10/5/2018,30.6,30.65,30.05,30.23
10/8/2018,30.05,30.42,29.91,30.27
10/9/2018,30.03,30.19,29.87,29.98
10/10/2018,29.98,30.13,29.21,29.24
10/11/2018,28.89,29.25,28.26,28.36
10/12/2018,28.99,29.04,27.73,28.46
10/15/2018,28.49,28.62,27.64,27.92
10/16/2018,28.24,28.58,27.9,28.53
10/17/2018,28.37,29.19,28.16,28.9
10/18/2018,28.67,28.9,28.14,28.25
10/19/2018,28.14,28.52,27.97,28.32
10/22/2018,28.32,28.35,27.31,27.38
10/23/2018,26.39,27.2,26.105,27.02
10/24/2018,26.86,26.9,26.08,26.19
10/25/2018,26.38,26.93,26.18,26.59
10/26/2018,26.33,26.58,25.88,26.39
10/29/2018,26.69,27.18,26.29,26.61
10/30/2018,26.76,26.86,26.32,26.78
10/31/2018,27.1,27.88,27.06,27.5
11/1/2018,27.77,28,27.61,27.81
11/2/2018,28.01,28.38,27.52,27.89
11/5/2018,27.95,28.24,27.89,28.06
11/6/2018,28.02,28.245,27.74,28.21
11/7/2018,28.415,28.67,28.14,28.54
11/8/2018,28.5,29.12,28.43,28.87
11/9/2018,28.75,28.89,28.384,28.52
11/12/2018,28.38,28.52,27.64,27.75
11/13/2018,27.75,28.14,27.69,27.76
11/14/2018,27.95,28.1,26.78,27.21
11/15/2018,27.14,27.97,26.88,27.9
11/16/2018,27.69,27.89,27.42,27.75
11/19/2018,27.78,28.02,27.54,27.75
11/20/2018,27.42,27.57,26.97,27.38
11/21/2018,27.59,27.76,27.25,27.27
11/23/2018,27.08,27.17,26.88,26.97
11/26/2018,27.18,27.73,27.1,27.56
11/27/2018,27.43,27.9,27.39,27.74
11/28/2018,27.88,28.47,27.56,28.43
11/29/2018,28.18,28.35,27.97,28.04
11/30/2018,27.94,28.63,27.87,28.4
12/3/2018,28.99,29.035,28.355,28.54
12/4/2018,28.32,28.32,26.73,26.99
12/6/2018,26.23,26.32,25.531,26.28
12/7/2018,26.15,26.54,25.3,25.43
12/10/2018,25.18,25.23,24.29,24.76
12/11/2018,25.21,25.4,24.53,24.58
12/12/2018,24.87,24.99,24.37,24.52
12/13/2018,24.66,24.82,24.28,24.4
12/14/2018,24.18,24.87,24.12,24.48
12/17/2018,24.26,24.93,24.16,24.47
12/18/2018,24.67,25.09,24.311,24.47
12/19/2018,24.45,25.24,24.07,24.18
12/20/2018,23.85,24.425,23.76,24.11
12/21/2018,23.91,24.51,23.26,23.37
12/24/2018,22.76,23.21,22.66,22.73
12/26/2018,22.91,24.175,22.69,24.11
12/27/2018,23.78,24.37,23.39,24.37
12/28/2018,24.59,24.75,24.26,24.39
12/31/2018,24.57,24.97,24.37,24.64
1/2/2019,24.08,25.14,24.01,24.96
