Date,Close,High,Low,Open
1/4/2010,28.29,28.44,27.93,28.19
1/5/2010,28.59,28.64,27.75,27.95
1/6/2010,28.16,28.51,28.09,28.48
1/7/2010,29.35,29.49,27.91,28.08
1/8/2010,29.53,29.55,28.98,29.28
1/11/2010,29.02,29.68,28.79,29.65
1/12/2010,29.07,29.32,28.79,28.88
1/13/2010,29.29,29.46,28.87,29.07
1/14/2010,29.25,29.46,28.91,29.26
1/15/2010,29.03,29.39,28.9,29.15
1/19/2010,29.53,29.61,28.89,29.01
1/20/2010,30.96,31.23,29.79,29.89
1/21/2010,30.67,31.3,30.55,30.91
1/22/2010,29.27,31.14,29.13,30.65
1/25/2010,29.76,30.03,29.5,29.55
1/26/2010,29.27,29.88,29.22,29.58
1/27/2010,29.76,29.94,29.09,29.25
1/28/2010,29.17,29.93,28.77,29.93
1/29/2010,29.09,29.665,28.99,29.28
2/1/2010,29.58,29.87,29.2,29.29
2/2/2010,29.26,29.56,28.98,29.56
2/3/2010,28.57,29.17,28.51,29.09
2/4/2010,27.29,28.7,27.25,28.47
2/5/2010,27.14,27.79,26.35,27.38
2/8/2010,26.86,27.55,26.83,27.15
2/9/2010,27.06,27.39,26.76,27.06
2/10/2010,27.39,27.69,26.95,27.09
2/11/2010,27.46,27.65,27.11,27.3
2/12/2010,27.05,27.31,26.7,27.18
2/16/2010,27.73,27.77,27.11,27.2
2/17/2010,27.71,27.91,27.53,27.66
2/18/2010,27.69,27.76,27.42,27.56
2/19/2010,28.66,29.18,27.65,27.65
2/22/2010,28.84,29.09,28.425,28.78
2/23/2010,28.12,28.84,28.01,28.73
2/24/2010,28.63,28.815,28.02,28.14
2/25/2010,28.39,28.43,27.91,28.35
2/26/2010,28.52,28.55,28.11,28.46
3/1/2010,28.42,28.63,28.235,28.63
3/2/2010,28.69,29.15,28.34,28.45
3/3/2010,28.69,28.87,28.51,28.65
3/4/2010,28.89,28.975,28.58,28.69
3/5/2010,29.7,29.73,28.94,29.06
3/8/2010,29.62,29.73,29.26,29.6
3/9/2010,29.81,29.89,29.33,29.33
3/10/2010,29.62,29.91,29.47,29.91
3/11/2010,29.67,29.67,29.16,29.62
3/12/2010,29.72,29.96,29.6,29.78
3/15/2010,29.94,30.01,29.56,29.57
3/16/2010,30.25,30.29,29.83,30.06
3/17/2010,30.69,30.76,30.19,30.37
3/18/2010,30.82,30.85,30.3,30.63
3/19/2010,30.64,31.07,30.55,30.84
3/22/2010,30.83,30.94,30.41,30.44
3/23/2010,31.35,31.37,30.78,30.83
3/24/2010,30.68,31.25,30.58,31.19
3/25/2010,30.84,31.46,30.76,30.9
3/26/2010,30.9,31.295,30.65,30.86
3/29/2010,30.96,31.22,30.68,31.09
3/30/2010,30.72,30.97,30.61,30.88
3/31/2010,30.88,31.05,30.42,30.56
4/1/2010,31.26,31.29,30.91,31.14
4/5/2010,31.5,31.59,31.18,31.4
4/6/2010,31.7,31.75,31.17,31.39
4/7/2010,31.46,31.89,31.33,31.71
4/8/2010,31.85,31.91,31.32,31.38
4/9/2010,31.95,32.07,31.69,31.87
4/12/2010,32.54,32.645,32.1,32.1
4/13/2010,32.47,32.65,32.06,32.479
4/14/2010,32.18,32.5,31.58,32.31
4/15/2010,32.02,32.49,31.91,32.25
4/16/2010,31.57,32.04,30.77,31.87
4/19/2010,32.14,32.18,31.39,31.75
4/20/2010,32.15,32.32,31.54,31.91
4/21/2010,32.22,32.45,31.95,32.11
4/22/2010,32.42,32.42,31.75,31.94
4/23/2010,31.95,32.33,31.77,32.33
4/26/2010,31.65,32.03,31.64,31.87
4/27/2010,30.87,31.8,30.81,31.4
4/28/2010,31.24,31.5,30.95,31.13
4/29/2010,31.97,32.165,31.37,31.56
4/30/2010,31.13,31.92,31.09,31.82
5/3/2010,31.33,31.48,31.03,31.16
5/4/2010,30.61,31.08,30.45,31.015
5/5/2010,31.18,31.71,30.05,30.2
5/6/2010,30.22,31.53,29,31.01
5/7/2010,30.06,31.04,29.9,30.33
5/10/2010,31.57,31.69,30.64,31.34
5/11/2010,30.98,31.48,30.6,31.27
5/12/2010,30.92,31.23,30.755,31.17
5/13/2010,29.98,30.82,29.9,30.76
5/14/2010,29.7,30.02,29.51,29.91
5/17/2010,29.8,29.85,29.24,29.68
5/18/2010,29.16,30.08,29,30.08
5/19/2010,28.78,29.37,28.56,29.01
5/20/2010,27.65,28.45,27.64,28.14
5/21/2010,27.82,27.91,26.63,26.68
5/24/2010,27.17,27.93,27.15,27.66
5/25/2010,27.19,27.19,26.25,26.59
5/26/2010,27.34,27.97,27.24,27.55
5/27/2010,28.03,28.1,27.63,27.96
5/28/2010,27.2,27.98,27.12,27.95
6/1/2010,26.5,27.185,26.48,27.05
6/2/2010,27.29,27.32,26.62,26.64
6/3/2010,27.28,27.43,26.97,27.31
6/4/2010,26,26.69,25.9,26.38
6/7/2010,25.62,26.29,25.61,26.17
6/8/2010,25.41,25.77,24.9,25.71
6/9/2010,25.33,25.63,25.18,25.53
6/10/2010,25.92,25.99,25.465,25.66
6/11/2010,26.19,26.21,25.6,25.63
6/14/2010,25.67,26.31,25.645,26.31
6/15/2010,26.5,26.5,25.73,25.9
6/16/2010,26.37,26.5,26.14,26.23
6/17/2010,26.31,26.4,26,26.33
6/18/2010,26.58,26.61,26.26,26.32
6/21/2010,26.42,26.91,26.31,26.85
6/22/2010,26.25,26.74,26.24,26.41
6/23/2010,26.12,26.46,25.96,26.23
6/24/2010,25.52,26.04,25.47,26
6/25/2010,25.88,26.07,25.52,25.71
6/28/2010,25.95,26.29,25.87,25.99
6/29/2010,25.11,25.75,24.97,25.64
6/30/2010,24.69,25.39,24.63,25.11
7/1/2010,24.77,24.9,24.13,24.6
7/2/2010,24.58,24.975,24.48,24.79
7/6/2010,24.74,25.16,24.535,24.87
7/7/2010,26.32,26.35,25.5,25.75
7/8/2010,25.96,26.57,25.66,26.52
7/9/2010,26.23,26.24,25.75,25.97
7/12/2010,26.27,26.39,26.03,26.1
7/13/2010,26.85,26.95,26.46,26.48
7/14/2010,26.61,26.81,26.42,26.63
7/15/2010,26.79,26.91,26.25,26.54
7/16/2010,25.73,26.66,25.67,26.56
7/19/2010,25.64,25.91,25.44,25.86
7/20/2010,25.53,25.59,25.13,25.17
7/21/2010,25.18,25.97,25.1,25.85
7/22/2010,25.7,25.92,25.27,25.36
7/23/2010,25.82,25.88,25.29,25.58
7/26/2010,26.31,26.4,25.74,25.74
7/27/2010,26.15,26.76,26.11,26.58
7/28/2010,25.29,26.23,25.15,26.11
7/29/2010,25.26,25.73,25.175,25.44
7/30/2010,25.07,25.27,24.93,25.01
8/2/2010,25.83,25.86,25.33,25.45
8/3/2010,25.71,25.9,25.53,25.71
8/4/2010,25.75,25.87,25.59,25.73
8/5/2010,25.9,25.91,25.53,25.59
8/6/2010,25.73,25.75,25.18,25.6
8/9/2010,25.74,25.91,25.46,25.88
8/10/2010,25.44,25.69,25.23,25.47
8/11/2010,24.77,25.08,24.74,25.06
8/12/2010,24.79,24.95,24.5,24.61
8/13/2010,24.8,25.03,24.73,24.79
8/16/2010,24.7,24.9,24.53,24.71
8/17/2010,25.26,25.4,24.79,24.91
8/18/2010,25.11,25.36,25.02,25.32
8/19/2010,24.59,25.05,24.53,24.99
8/20/2010,24.65,24.74,24.45,24.49
8/23/2010,24.51,24.89,24.5,24.77
8/24/2010,24.34,24.49,23.89,24.35
8/25/2010,24.16,24.32,23.91,24.15
8/26/2010,24.18,24.38,24.08,24.3
8/27/2010,24.65,24.65,24.08,24.31
8/30/2010,24.17,24.64,24.17,24.52
8/31/2010,24.26,24.32,23.78,24.05
9/1/2010,25.12,25.12,24.39,24.52
9/2/2010,25.27,25.27,24.94,25.06
9/3/2010,26.07,26.15,25.54,25.56
9/7/2010,25.47,26.04,25.45,25.88
9/8/2010,25.62,26,25.55,25.56
9/9/2010,25.57,26.13,25.38,25.93
9/10/2010,25.5,25.75,25.44,25.63
9/13/2010,26.07,26.32,25.88,26.14
9/14/2010,25.59,26.07,25.5,26.03
9/15/2010,25.68,25.74,25.2,25.46
9/16/2010,25.55,25.715,25.43,25.65
9/17/2010,25.43,25.99,25.25,25.75
9/20/2010,25.94,26.02,25.44,25.53
9/21/2010,25.62,26.17,25.53,25.98
9/22/2010,25.42,25.85,25.395,25.54
9/23/2010,25.13,25.56,25.11,25.24
9/24/2010,26.13,26.14,25.44,25.44
9/27/2010,25.66,26.07,25.64,26.04
9/28/2010,25.86,25.96,25.47,25.82
9/29/2010,25.79,26.02,25.67,25.81
9/30/2010,26.13,26.5,25.96,26
10/1/2010,26.34,26.68,26.14,26.51
10/4/2010,26.21,26.47,26.08,26.24
10/5/2010,26.46,26.7,26.23,26.31
10/6/2010,26.81,26.89,26.35,26.39
10/7/2010,26.46,26.96,26.36,26.9
10/8/2010,26.54,26.6,26.27,26.53
10/11/2010,26.56,26.68,26.36,26.51
10/12/2010,26.58,26.72,26.33,26.64
10/13/2010,26.63,27.11,26.26,26.68
10/14/2010,26.11,26.63,25.85,26.63
10/15/2010,25.84,26.42,25.8,26.34
10/18/2010,26.62,26.73,25.78,25.85
10/19/2010,25.99,26.63,25.82,26
10/20/2010,25.55,26.15,25.52,26.13
10/21/2010,25.5,25.76,25.13,25.7
10/22/2010,25.27,25.63,25.19,25.47
10/25/2010,24.93,25.57,24.9,25.57
10/26/2010,25.03,25.09,24.65,24.74
10/27/2010,25.22,25.36,24.77,24.86
10/28/2010,25.17,25.38,24.98,25.34
10/29/2010,25.06,25.31,24.95,25.17
11/1/2010,25.05,25.35,24.77,25.19
11/2/2010,25.08,25.26,24.99,25.12
11/3/2010,25.76,25.78,25.02,25.05
11/4/2010,26.5,26.59,25.76,25.98
11/5/2010,28.17,28.24,26.41,26.48
11/8/2010,28.07,28.11,27.78,28.03
11/9/2010,27.75,28.2,27.65,28.17
11/10/2010,27.72,27.88,27.15,27.68
11/11/2010,27.67,27.77,27.26,27.44
11/12/2010,27.49,27.8,27.38,27.45
11/15/2010,27.733,28.02,27.6,27.62
11/16/2010,27.69,27.99,27.37,27.91
11/17/2010,27.32,27.85,27.25,27.75
11/18/2010,28.04,28.19,27.59,27.62
11/19/2010,27.76,27.98,27.51,27.91
11/22/2010,27.31,27.61,27.11,27.58
11/23/2010,26.88,27.12,26.81,27.06
11/24/2010,27.45,27.46,26.94,27.09
11/26/2010,27.14,27.52,27,27.18
11/29/2010,27.19,27.39,26.69,26.9
11/30/2010,26.99,27.24,26.7,26.9
12/1/2010,27.37,27.58,27.27,27.38
12/2/2010,27.84,27.98,27.33,27.38
12/3/2010,28,28.09,27.41,27.7
12/6/2010,27.99,28.06,27.7,27.78
12/7/2010,28.14,28.49,27.99,28.3
12/8/2010,28.76,28.773,28.13,28.2
12/9/2010,28.98,29.61,28.11,29.03
12/10/2010,28.95,29.07,28.65,28.95
12/13/2010,29.33,29.48,28.89,29.17
12/14/2010,29.2,29.56,29.05,29.32
12/15/2010,29.16,29.68,29.1,29.18
12/16/2010,29.43,29.486,29.06,29.22
12/17/2010,29.39,29.65,29.25,29.41
12/20/2010,29.46,29.725,29.31,29.39
12/21/2010,29.79,29.83,29.52,29.64
12/22/2010,30.52,30.53,29.83,29.95
12/23/2010,30.09,30.63,30.01,30.52
12/27/2010,30.33,30.37,29.88,29.92
12/28/2010,30.39,30.46,30.18,30.37
12/29/2010,30.28,30.53,30.27,30.39
12/30/2010,30.18,30.28,29.97,30.22
12/31/2010,30.2,30.35,30.01,30.13
1/3/2011,30.81,31.02,30.38,30.47
1/4/2011,30.63,30.94,30.41,30.8
1/5/2011,31.69,31.87,30.57,30.71
1/6/2011,31.44,31.77,31.21,31.55
1/7/2011,30.76,31.64,30.56,31.53
1/10/2011,30.7,31.2,30.46,30.64
1/11/2011,30.69,31.12,30.63,30.88
1/12/2011,31.66,31.68,30.92,30.95
1/13/2011,31.64,32.06,31.45,31.58
1/14/2011,32.369,32.43,31.51,31.53
1/18/2011,32.02,32.5,31.94,32.369
1/19/2011,31.48,32.439,31.45,31.84
1/20/2011,31.63,31.86,31.35,31.51
1/21/2011,31.95,32.21,31.75,31.96
1/24/2011,31.64,32.21,31.5,32.17
1/25/2011,31.67,31.82,31.22,31.61
1/26/2011,31.71,32,31.59,31.73
1/27/2011,31.62,31.96,31.35,31.58
1/28/2011,30.88,31.92,30.85,31.76
1/31/2011,31.23,31.26,30.85,30.91
2/1/2011,32.09,32.1,31.37,31.4
2/2/2011,31.84,32.08,31.81,31.93
2/3/2011,31.46,31.883,30.96,31.75
2/4/2011,31,31.46,30.98,31.39
2/7/2011,31.84,31.87,31.11,31.23
2/8/2011,32.2,32.32,31.671,31.84
2/9/2011,31.69,32.189,31.495,32.1
2/10/2011,31.71,31.78,31.285,31.57
2/11/2011,32.15,32.31,31.36,31.58
2/14/2011,32.03,32.11,31.73,32.08
2/15/2011,31.05,31.86,30.97,31.74
2/16/2011,31.24,31.47,31.16,31.2
2/17/2011,31.2,31.45,30.88,31.17
2/18/2011,31.69,31.94,31.19,31.27
2/22/2011,30.91,31.45,30.84,31.24
2/23/2011,30.39,31.04,30.25,30.89
2/24/2011,30.13,30.49,29.88,30.34
2/25/2011,30.63,30.7,30.2,30.32
2/28/2011,30.39,30.97,30.215,30.76
3/1/2011,30.16,30.71,30.16,30.55
3/2/2011,30.03,30.33,29.97,30.1
3/3/2011,30.86,30.92,30.27,30.3
3/4/2011,30.06,30.8,29.86,30.76
3/7/2011,29.85,30.3,29.795,30.05
3/8/2011,30.59,30.66,29.78,30
3/9/2011,30.13,30.54,29.9,30.47
3/10/2011,28.81,29.81,28.79,29.81
3/11/2011,28.96,29.25,28.54,28.83
3/14/2011,28.79,28.97,28.52,28.71
3/15/2011,28.75,28.83,28.07,28.31
3/16/2011,28.2,28.86,28.11,28.71
3/17/2011,28.78,28.82,28.2,28.59
3/18/2011,28.88,29.44,28.67,29
3/21/2011,29.07,29.245,28.92,29.17
3/22/2011,29.14,29.32,28.85,29.11
3/23/2011,29.03,29.17,28.93,29.08
3/24/2011,29.26,29.38,29.02,29.19
3/25/2011,29.45,29.55,29.19,29.36
3/28/2011,29.3,29.58,29.29,29.56
3/29/2011,29.33,29.39,29.12,29.28
3/30/2011,29.67,29.83,29.25,29.49
3/31/2011,29.87,29.93,29.45,29.51
4/1/2011,30.27,30.53,29.9,29.93
4/4/2011,30.41,30.5,30.26,30.26
4/5/2011,30.4,30.52,30.29,30.41
4/6/2011,30.29,30.51,30.12,30.45
4/7/2011,30.42,30.57,30.18,30.27
4/8/2011,30.22,30.58,30.01,30.58
4/11/2011,30.14,30.77,30,30.27
4/12/2011,29.96,30.07,29.72,30.03
4/13/2011,29.63,30.29,29.46,30.15
4/14/2011,29.79,29.93,29.54,29.64
4/15/2011,29.72,30.05,29.52,30
4/18/2011,29.2,29.45,28.99,29.29
4/19/2011,28.35,29.04,28.14,28.62
4/20/2011,28.54,28.78,28.3,28.67
4/21/2011,28.4,28.61,28.3,28.6
4/25/2011,28.33,28.48,28.162,28.48
4/26/2011,28.7,28.84,28.33,28.41
4/27/2011,28.89,28.93,28.5,28.65
4/28/2011,28.58,28.79,28.49,28.6
4/29/2011,28.96,28.97,28.55,28.57
5/2/2011,28.81,29.25,28.75,29.14
5/3/2011,28.94,28.94,28.66,28.81
5/4/2011,28.75,29,28.56,28.87
5/5/2011,28.55,28.78,28.45,28.52
5/6/2011,28.59,28.9,28.44,28.8
5/9/2011,28.57,28.64,28.44,28.55
5/10/2011,28.86,28.93,28.62,28.72
5/11/2011,28.34,28.83,28.28,28.71
5/12/2011,28.49,28.68,28.09,28.31
5/13/2011,28.07,28.56,28.03,28.47
5/16/2011,28.12,28.49,28,28.05
5/17/2011,28.41,28.41,28,28.01
5/18/2011,28.72,28.76,28.3,28.37
5/19/2011,28.7,28.91,28.53,28.8
5/20/2011,28.19,28.77,28.16,28.58
5/23/2011,27.81,28,27.54,27.89
5/24/2011,27.49,27.87,27.27,27.83
5/25/2011,27.39,27.6,27.28,27.4
5/26/2011,27.47,27.65,27.18,27.28
5/27/2011,27.72,27.84,27.47,27.62
5/31/2011,28.11,28.36,27.675,27.88
6/1/2011,27.13,28.03,27.11,28.03
6/2/2011,27.33,27.42,26.97,27.11
6/3/2011,26.9,27.18,26.77,26.83
6/6/2011,26.59,26.95,26.52,26.87
6/7/2011,26.55,26.94,26.49,26.61
6/8/2011,26.22,26.57,26.12,26.51
6/9/2011,26.56,26.75,26.245,26.32
6/10/2011,26.27,26.58,26.07,26.39
6/13/2011,26.66,26.85,26.32,26.85
6/14/2011,26.92,27.09,26.82,26.85
6/15/2011,26.02,26.73,25.95,26.73
6/16/2011,26.23,26.36,26,26.02
6/17/2011,26.2,26.5,26.08,26.48
6/20/2011,26.06,26.19,25.95,26.08
6/21/2011,26.32,26.36,26.08,26.26
6/22/2011,26.04,26.33,26.04,26.11
6/23/2011,25.44,25.79,25.3,25.76
6/24/2011,24.64,25.49,24.62,25.42
6/27/2011,24.65,25.08,24.64,24.7
6/28/2011,24.48,24.95,24.15,24.8
6/29/2011,25.44,25.53,24.69,24.81
6/30/2011,25.62,25.75,25.15,25.49
7/1/2011,26.06,26.2,25.51,25.51
7/5/2011,25.7,26.01,25.58,25.93
7/6/2011,25.95,26.14,25.5,25.59
7/7/2011,26.39,26.43,26.15,26.22
7/8/2011,25.8,26,25.73,26
7/11/2011,25.07,25.52,24.99,25.47
7/12/2011,25.1,25.38,24.92,24.95
7/13/2011,25.16,25.54,25.09,25.26
7/14/2011,25.09,25.72,25.01,25.35
7/15/2011,25.1,25.21,24.91,25.17
7/18/2011,24.64,24.96,24.45,24.92
7/19/2011,24.73,25.11,24.42,25.11
7/20/2011,24.94,25.01,24.68,24.8
7/21/2011,25.87,25.95,25.16,25.16
7/22/2011,25.76,25.93,25.49,25.91
7/25/2011,25.7,25.82,25.42,25.63
7/26/2011,25.71,25.97,25.63,25.7
7/27/2011,25.1,25.53,25.07,25.42
7/28/2011,25.23,25.53,25.15,25.17
7/29/2011,25.11,25.49,24.98,25.1
8/1/2011,25.2,25.534,24.93,25.35
8/2/2011,24.21,25.07,24.21,25.05
8/3/2011,24.65,24.67,23.89,24.22
8/4/2011,23.72,24.29,23.7,24.16
8/5/2011,22.79,24.18,22.64,24.04
8/8/2011,20.57,22.58,20.51,22.26
8/9/2011,21.11,21.41,19.52,21.23
8/10/2011,19.46,20.71,19.34,20.7
8/11/2011,20.51,20.82,19.46,19.75
8/12/2011,19.99,21.32,19.88,21.15
8/15/2011,20.89,20.9,20.11,20.27
8/16/2011,20.81,21.1,20.44,20.56
8/17/2011,20.79,21.1,20.66,20.87
8/18/2011,19.57,20.44,19.44,20.06
8/19/2011,18.95,19.7,18.92,19.44
8/22/2011,18.89,19.48,18.79,19.4
8/23/2011,19.5,19.5,18.77,18.91
8/24/2011,20.35,20.39,19.22,19.39
8/25/2011,20.03,21.08,19.83,20.84
8/26/2011,20.21,20.29,19.32,19.89
8/29/2011,20.86,20.88,20.42,20.46
8/30/2011,20.82,21.06,20.48,20.74
8/31/2011,20.67,21.13,20.41,20.98
9/1/2011,20.63,21.84,20.03,20.2
9/2/2011,19.95,20.46,19.91,20.1
9/6/2011,19.53,19.68,19.2,19.36
9/7/2011,20.72,20.76,19.88,20
9/8/2011,20.11,20.9,20,20.64
9/9/2011,19.92,20.28,19.53,19.97
9/12/2011,19.98,20.16,19.26,19.94
9/13/2011,20.46,20.73,19.84,20.05
9/14/2011,20.79,21.1,20.14,20.61
9/15/2011,21.19,21.205,20.815,21.02
9/16/2011,21.14,21.35,20.68,21.26
9/19/2011,20.42,20.65,20.12,20.59
9/20/2011,20.21,20.62,20.21,20.45
9/21/2011,19.12,20.35,19.09,20.22
9/22/2011,18.64,18.85,18.34,18.74
9/23/2011,18.52,18.94,18.43,18.55
9/26/2011,18.8,18.92,18.28,18.8
9/27/2011,19.27,19.93,19.15,19.32
9/28/2011,18.83,19.37,18.8,19.33
9/29/2011,19.37,19.47,18.745,19.29
9/30/2011,18.59,19.18,18.58,19
10/3/2011,17.72,18.65,17.7,18.43
10/4/2011,18.82,18.87,17.1,17.41
10/5/2011,18.28,18.46,17.75,18.39
10/6/2011,18.34,18.67,17.775,18.15
10/7/2011,17.83,18.47,17.61,18.38
10/10/2011,18.85,18.85,18.15,18.15
10/11/2011,18.9,19.17,18.43,18.65
10/12/2011,19.33,19.7,18.91,19.06
10/13/2011,18.84,19.18,18.75,19.11
10/14/2011,18.97,19.29,18.72,19.16
10/17/2011,18.37,19.03,18.33,18.84
10/18/2011,19.77,19.87,18.45,18.54
10/19/2011,19.54,20.57,19.45,19.77
10/20/2011,20.21,20.36,19.4,19.57
10/21/2011,20.7,20.79,20.34,20.48
10/24/2011,21.26,21.47,20.66,20.75
10/25/2011,20.74,21.21,20.66,21.01
10/26/2011,20.96,21.25,20.31,21.15
10/27/2011,21.77,22.57,21.415,21.85
10/28/2011,22.41,22.46,22.07,22.37
10/31/2011,21.28,22.06,21.28,22
11/1/2011,20.22,20.79,20.11,20.39
11/2/2011,20.93,20.99,20.46,20.7
11/3/2011,21.33,21.4,20.47,21.32
11/4/2011,20.99,21.1,20.57,20.99
11/7/2011,21.26,21.28,20.82,20.92
11/8/2011,21.93,21.99,21.21,21.34
11/9/2011,20.3,21.29,20.24,21.23
11/10/2011,20.72,20.93,20.28,20.92
11/11/2011,21.51,21.84,21.1,21.11
11/14/2011,20.55,21.36,20.36,21.32
11/15/2011,20.39,20.66,20.19,20.37
11/16/2011,19.64,20.25,19.61,20.14
11/17/2011,18.94,19.61,18.79,19.45
11/18/2011,18.92,19.11,18.81,19.04
11/21/2011,18.42,18.69,18.23,18.56
11/22/2011,18.02,18.475,18,18.4
11/23/2011,17.8,18.01,17.67,17.85
11/25/2011,17.7,18.16,17.7,17.75
11/28/2011,18.09,18.37,17.91,18.18
11/29/2011,18.08,18.375,17.87,18.19
11/30/2011,19.46,19.49,18.57,18.7
12/1/2011,19.1,19.49,18.8,19.48
12/2/2011,19.29,19.73,19.22,19.36
12/5/2011,19.82,20.04,19.61,19.73
12/6/2011,19.89,20.018,19.51,19.82
12/7/2011,20.03,20.11,19.45,19.78
12/8/2011,19.06,19.81,18.965,19.81
12/9/2011,19.6,19.75,19.21,19.32
12/12/2011,19.01,19.31,18.8,19.3
12/13/2011,18.71,19.28,18.44,19.07
12/14/2011,18.58,18.825,18.42,18.51
12/15/2011,18.82,19.135,18.71,18.98
12/16/2011,19.12,19.43,18.65,18.93
12/19/2011,18.59,19.18,18.44,19.11
12/20/2011,19.58,19.67,18.93,18.97
12/21/2011,19.55,19.63,19.21,19.61
12/22/2011,19.98,20.1,19.56,19.66
12/23/2011,20.075,20.15,19.9,20.1
12/27/2011,19.98,20.25,19.86,20.02
12/28/2011,19.58,19.96,19.47,19.93
12/29/2011,20.07,20.1,19.5,19.56
12/30/2011,19.91,20.1,19.79,20.1
1/3/2012,20.51,20.76,20.4,20.4
1/4/2012,20.58,20.7,20.02,20.39
1/5/2012,20.75,20.96,20.22,20.4
1/6/2012,20.45,20.825,20.43,20.8
1/9/2012,20.88,20.93,20.52,20.56
1/10/2012,21.3,21.4,21.03,21.2
1/11/2012,21.5,21.52,21.06,21.24
1/12/2012,21.76,21.8,21.29,21.61
1/13/2012,21.45,21.68,21.12,21.46
1/17/2012,21.27,22.08,21.16,21.96
1/18/2012,20.3,20.74,20.16,20.44
1/19/2012,20.91,20.91,20.39,20.48
1/20/2012,21.28,21.38,20.89,20.93
1/23/2012,21.64,21.77,21.26,21.36
1/24/2012,21.24,21.6,21.2,21.45
1/25/2012,20.57,21.41,20.51,21.16
1/26/2012,20,20.63,19.81,20.6
1/27/2012,20.23,20.31,19.75,19.93
1/30/2012,20.02,20.105,19.74,19.98
1/31/2012,20.13,20.27,19.92,20.07
2/1/2012,20.54,20.72,20.33,20.36
2/2/2012,21.29,21.32,20.6,20.65
2/3/2012,21.94,22.14,21.58,21.58
2/6/2012,21.95,21.995,21.64,21.76
2/7/2012,21.69,21.82,21.56,21.82
2/8/2012,21.92,21.96,21.615,21.74
2/9/2012,21.78,22.078,21.64,22
2/10/2012,21.42,21.64,21.35,21.47
2/13/2012,21.36,21.73,21.33,21.66
2/14/2012,21.01,21.34,20.75,21.31
2/15/2012,21.23,21.38,21.01,21.08
2/16/2012,21.98,21.99,21.12,21.2
2/17/2012,22.01,22.16,21.85,22.07
2/21/2012,22.16,22.35,21.96,22.05
2/22/2012,21.84,22.14,21.77,22.14
2/23/2012,22.03,22.08,21.57,21.83
2/24/2012,21.67,22.12,21.64,22.06
2/27/2012,22.02,22.115,21.38,21.5
2/28/2012,22.34,22.38,21.915,22.08
2/29/2012,22.11,22.51,22.04,22.41
3/1/2012,22.48,22.83,22.15,22.22
3/2/2012,22.3,22.59,22.24,22.46
3/5/2012,22.16,22.29,22,22.25
3/6/2012,21.635,21.91,21.54,21.83
3/7/2012,21.84,21.889,21.61,21.72
3/8/2012,22.34,22.35,21.98,22.09
3/9/2012,22.42,22.64,22.2,22.4
3/12/2012,22.62,22.66,22.33,22.48
3/13/2012,23.28,23.32,22.54,22.74
3/14/2012,23.2,23.57,23,23.43
3/15/2012,24.28,24.33,23.19,23.25
3/16/2012,24.14,24.51,23.8,24.41
3/19/2012,24.51,24.7,23.85,24.07
3/20/2012,24.36,24.53,24.11,24.29
3/21/2012,24.04,24.43,24.015,24.36
3/22/2012,23.7,23.88,23.58,23.85
3/23/2012,23.95,24.025,23.56,23.76
3/26/2012,24.59,24.59,24.14,24.26
3/27/2012,23.89,24.69,23.85,24.56
3/28/2012,24,24.03,23.63,23.88
3/29/2012,23.77,23.83,23.39,23.79
3/30/2012,24.13,24.14,23.67,23.94
4/2/2012,24.49,24.56,23.88,24.09
4/3/2012,24.67,24.72,24.24,24.39
4/4/2012,24.14,24.36,23.79,24.33
4/5/2012,23.82,24.13,23.69,24.04
4/9/2012,23.34,23.49,23.16,23.42
4/10/2012,23.11,23.51,23.09,23.34
4/11/2012,23.47,23.78,23.34,23.5
4/12/2012,23.94,23.94,23.43,23.5
4/13/2012,23.11,23.75,23.11,23.75
4/16/2012,23.29,23.52,23.07,23.34
4/17/2012,23.8,23.91,23.37,23.5
4/18/2012,23.08,23.58,22.99,23.21
4/19/2012,22.76,23.37,22.64,23.14
4/20/2012,22.85,23.06,22.78,22.92
4/23/2012,22.69,22.75,22.36,22.5
4/24/2012,23.24,23.3,22.74,22.74
4/25/2012,23.65,23.69,23.28,23.44
4/26/2012,23.7,23.72,23.34,23.53
4/27/2012,23.84,23.92,23.63,23.85
4/30/2012,23.65,23.8,23.52,23.69
5/1/2012,23.93,24.21,23.51,23.58
5/2/2012,23.91,24.05,23.53,23.75
5/3/2012,23.48,24.03,23.44,23.85
5/4/2012,23.07,23.44,23.02,23.34
5/7/2012,23.1,23.22,22.93,22.95
5/8/2012,22.87,23.05,22.68,22.94
5/9/2012,22.19,22.59,22.08,22.53
5/10/2012,22.23,22.565,22.155,22.48
5/11/2012,22.09,22.41,21.75,22
5/14/2012,21.4,22.02,21.38,21.74
5/15/2012,21.13,21.55,21.07,21.39
5/16/2012,20.81,21.41,20.805,21.29
5/17/2012,20.4,20.84,20.4,20.8
5/18/2012,20.24,20.6,20.17,20.56
5/21/2012,20.37,20.54,20.05,20.18
5/22/2012,20.39,20.86,20.25,20.45
5/23/2012,20.5,20.543,19.985,20.19
5/24/2012,20.73,20.73,20.37,20.54
5/25/2012,20.64,20.84,20.55,20.66
5/29/2012,21.14,21.15,20.81,20.88
5/30/2012,20.39,20.86,20.3,20.81
5/31/2012,20.36,20.56,20.07,20.33
6/1/2012,19.65,20,19.58,19.93
6/4/2012,19.51,19.97,19.3,19.73
6/5/2012,19.64,19.778,19.35,19.35
6/6/2012,20.27,20.28,19.71,19.84
6/7/2012,20.5,20.71,20.34,20.6
6/8/2012,20.5,20.51,20.18,20.37
6/11/2012,20.19,20.85,20.16,20.74
6/12/2012,20.68,20.7,20.01,20.25
6/13/2012,20.59,20.855,20.5,20.54
6/14/2012,20.9,21.02,20.53,20.61
6/15/2012,21.09,21.09,20.82,20.97
6/18/2012,20.94,21.18,20.83,20.93
6/19/2012,21.44,21.56,21.09,21.09
6/20/2012,21.34,21.61,21.15,21.47
6/21/2012,20.86,21.58,20.835,21.42
6/22/2012,21.2,21.32,20.99,21.08
6/25/2012,20.75,20.92,20.57,20.84
6/26/2012,20.85,20.99,20.61,20.83
6/27/2012,21.14,21.21,20.77,20.88
6/28/2012,21.04,21.08,20.605,20.86
6/29/2012,21.95,21.96,21.5,21.53
7/2/2012,22.18,22.2,21.82,22.09
7/3/2012,22.35,22.38,22.09,22.18
7/5/2012,21.97,22.26,21.9,22.2
7/6/2012,21.79,22.01,21.54,21.65
7/9/2012,21.58,21.83,21.35,21.67
7/10/2012,21.33,21.83,21.22,21.78
7/11/2012,21.31,21.46,21.17,21.34
7/12/2012,21.05,21.19,20.93,21.09
7/13/2012,21.77,21.79,21.1,21.1
7/16/2012,21.76,21.87,21.53,21.61
7/17/2012,21.72,21.91,21.24,21.87
7/18/2012,21.69,22.37,21.47,21.62
7/19/2012,21.29,21.82,21.21,21.67
7/20/2012,20.77,21.315,20.75,21.23
7/23/2012,20.53,20.63,20.24,20.43
7/24/2012,20.4,20.63,20.13,20.6
7/25/2012,20.6,20.75,20.48,20.59
7/26/2012,20.94,21.01,20.73,20.84
7/27/2012,21.39,21.54,20.98,21.19
7/30/2012,21.45,21.55,21.21,21.32
7/31/2012,21.28,21.45,21.2,21.34
8/1/2012,21.15,21.45,21.06,21.43
8/2/2012,20.67,21.07,20.415,20.89
8/3/2012,21.75,21.84,21.03,21.03
8/6/2012,21.72,22.02,21.69,21.86
8/7/2012,22.3,22.45,21.75,21.81
8/8/2012,22.57,22.6,22.1,22.17
8/9/2012,22.29,22.65,22.24,22.5
8/10/2012,22.25,22.41,22.05,22.23
8/13/2012,22.24,22.28,22.06,22.14
8/14/2012,22.15,22.585,22.07,22.31
8/15/2012,22.11,22.355,22.07,22.24
8/16/2012,22.51,22.61,22,22.24
8/17/2012,22.73,22.8,22.53,22.64
8/20/2012,22.8,22.865,22.47,22.64
8/21/2012,22.8,23.095,22.65,22.79
8/22/2012,22.73,22.92,22.6,22.7
8/23/2012,22.44,22.76,22.42,22.69
8/24/2012,22.43,22.5,22.15,22.37
8/27/2012,22.28,22.5,22.27,22.49
8/28/2012,22.41,22.61,22.2,22.28
8/29/2012,22.56,22.63,22.38,22.42
8/30/2012,22.3,22.41,22.105,22.34
8/31/2012,22.54,22.65,22.36,22.54
9/4/2012,22.55,22.67,22.27,22.49
9/5/2012,22.52,22.72,22.39,22.62
9/6/2012,23.03,23.2,22.72,22.8
9/7/2012,22.92,23.21,22.88,23.14
9/10/2012,22.7,22.95,22.63,22.64
9/11/2012,22.74,22.82,22.63,22.67
9/12/2012,22.89,23.009,22.8,22.89
9/13/2012,23.45,24.95,22.685,22.86
9/14/2012,23.62,23.715,23.301,23.49
9/17/2012,23.71,23.86,23.55,23.56
9/18/2012,23.66,23.92,23.46,23.75
9/19/2012,23.46,23.8,23.44,23.63
9/20/2012,23.15,23.34,23.03,23.2
9/21/2012,23.3,23.64,23.3,23.38
9/24/2012,23.2,23.38,23.04,23.14
9/25/2012,22.63,23.43,22.63,23.43
9/26/2012,22.64,22.77,22.45,22.59
9/27/2012,22.82,22.97,22.57,22.81
9/28/2012,22.62,22.76,22.42,22.63
10/1/2012,22.93,23.125,22.72,22.84
10/2/2012,22.96,23.14,22.85,23.02
10/3/2012,22.81,23.1,22.75,23.05
10/4/2012,23.33,23.38,22.82,22.91
10/5/2012,23.42,23.705,23.34,23.52
10/8/2012,23.38,23.4,23.2,23.3
10/9/2012,23.35,23.48,23.22,23.39
10/10/2012,23.16,23.36,22.97,23.29
10/11/2012,23.39,23.51,23.315,23.41
10/12/2012,22.84,23.12,22.63,23.04
10/15/2012,23.09,23.1,22.77,22.93
10/16/2012,23.56,23.7,23.04,23.28
10/17/2012,24.86,24.97,23.67,24.29
10/18/2012,24.98,25.26,24.59,24.86
10/19/2012,24.68,25.09,24.6,25
10/22/2012,24.65,24.86,24.4,24.48
10/23/2012,24.47,24.59,24.15,24.24
10/24/2012,24.62,24.84,24.49,24.53
10/25/2012,24.76,24.915,24.61,24.78
10/26/2012,24.37,24.63,24.02,24.03
10/31/2012,24.71,24.76,24.5,24.57
11/1/2012,25.1,25.13,24.62,24.82
11/2/2012,24.53,25.3,24.43,25.25
11/5/2012,25.11,25.18,24.57,24.68
11/6/2012,25.28,25.35,25.05,25.18
11/7/2012,24,24.91,23.99,24.68
11/8/2012,24.06,24.53,23.99,24.04
11/9/2012,24.11,24.5,23.93,23.93
11/12/2012,24.07,24.3,23.97,24.17
11/13/2012,24.01,24.29,23.86,24.02
11/14/2012,23.54,24.185,23.45,24.06
11/15/2012,23.57,23.79,23.39,23.56
11/16/2012,23.64,23.82,23.39,23.62
11/19/2012,24.01,24.16,23.82,24.03
11/20/2012,24.06,24.175,23.815,23.97
11/21/2012,24.04,24.11,23.85,24.1
11/23/2012,24.43,24.43,24.11,24.24
11/26/2012,24.42,24.44,24.08,24.26
11/27/2012,24.06,24.46,24.02,24.42
11/28/2012,24.19,24.19,23.725,23.88
11/29/2012,24.24,24.41,24.1,24.34
11/30/2012,23.94,24.22,23.85,24.2
12/3/2012,24.03,24.23,24,24.07
12/4/2012,23.76,24.13,23.62,24.12
12/5/2012,23.74,23.83,23.26,23.59
12/6/2012,23.74,23.87,23.59,23.73
12/7/2012,24.22,24.23,23.85,23.89
12/10/2012,24.29,24.37,24.09,24.21
12/11/2012,24.49,24.65,24.28,24.4
12/12/2012,24.53,24.9,24.515,24.61
12/13/2012,24.75,24.8,24.49,24.52
12/14/2012,24.72,24.8,24.6,24.62
12/17/2012,25.4,25.42,24.82,24.87
12/18/2012,26.02,26.04,25.35,25.43
12/19/2012,25.87,26.17,25.8,26.07
12/20/2012,26.2,26.25,25.87,25.91
12/21/2012,25.8,26.1,25.65,25.9
12/24/2012,25.74,26.05,25.71,25.8
12/26/2012,25.62,25.93,25.61,25.8
12/27/2012,25.65,25.77,25.2,25.67
12/28/2012,25.42,25.64,25.31,25.43
12/31/2012,25.7,25.73,25.26,25.3
1/2/2013,26.88,26.89,26.13,26.25
1/3/2013,26.58,26.86,26.409,26.86
1/4/2013,27.29,27.32,26.27,26.43
1/7/2013,26.89,26.91,26.3,26.69
1/8/2013,26.52,26.81,26.38,26.8
1/9/2013,26.61,26.92,26.47,26.64
1/10/2013,26.83,27,26.65,26.88
1/11/2013,26.78,26.8,26.42,26.73
1/14/2013,26.72,26.79,26.475,26.67
1/15/2013,26.78,26.895,26.58,26.63
1/16/2013,26.04,26.2,25.62,25.79
1/17/2013,26.44,26.58,25.72,25.82
1/18/2013,26.53,26.57,26.105,26.4
1/22/2013,26.98,27,26.43,26.43
1/23/2013,26.93,27,26.755,26.81
1/24/2013,27.01,27.12,26.8,26.81
1/25/2013,27.08,27.185,26.85,27.07
1/28/2013,27.09,27.255,26.835,27.15
1/29/2013,27.28,27.28,26.89,26.92
1/30/2013,27.31,27.445,27.03,27.15
1/31/2013,27.16,27.325,27.08,27.2
2/1/2013,27.35,27.67,27.2,27.31
2/4/2013,27.19,27.35,27,27.06
2/5/2013,27.39,27.5,27.16,27.26
2/6/2013,27.65,27.65,27.1,27.21
2/7/2013,27.81,27.855,27.5,27.67
2/8/2013,27.9,28,27.755,27.8
2/11/2013,27.93,27.94,27.6,27.83
2/12/2013,27.9,28,27.65,27.76
2/13/2013,28.17,28.45,27.93,27.96
2/14/2013,28.1,28.211,28.03,28.1
2/15/2013,27.99,28.36,27.8,28.16
2/19/2013,28.24,28.255,27.96,28.1
2/20/2013,27.86,28.256,27.82,28.2
2/21/2013,27.32,27.86,27.2,27.84
2/22/2013,27.63,27.66,27.415,27.58
2/25/2013,26.82,27.88,26.82,27.8
2/26/2013,27.07,27.12,26.67,26.98
2/27/2013,27.4,27.46,26.9,27.03
2/28/2013,27.14,27.5,27.12,27.4
3/1/2013,27.2,27.35,26.74,26.99
3/4/2013,27.58,27.59,27.09,27.16
3/5/2013,27.84,28.01,27.74,27.82
3/6/2013,27.75,28.2,27.73,28.03
3/7/2013,28.01,28.08,27.77,27.82
3/8/2013,28.52,28.65,28.18,28.22
3/11/2013,28.63,28.71,28.18,28.4
3/12/2013,28.61,28.715,28.49,28.56
3/13/2013,28.87,28.97,28.57,28.63
3/14/2013,28.99,29.125,28.82,28.92
3/15/2013,28.85,29.07,28.52,28.86
3/18/2013,28.36,28.48,28.27,28.29
3/19/2013,28.21,28.62,28.07,28.47
3/20/2013,28.26,28.63,28.15,28.4
3/21/2013,27.85,28.225,27.81,28.1
3/22/2013,28.27,28.38,27.94,27.96
3/25/2013,28.19,28.48,28.08,28.32
3/26/2013,28.31,28.48,28.205,28.3
3/27/2013,27.9,28.12,27.77,28.12
3/28/2013,27.99,28.07,27.76,27.92
4/1/2013,27.87,28.23,27.693,27.91
4/2/2013,28.12,28.14,27.9,27.93
4/3/2013,27.43,28.19,27.38,28.19
4/4/2013,27.47,27.745,27.39,27.49
4/5/2013,27.36,27.41,26.85,27.02
4/8/2013,27.5,27.53,27.15,27.33
4/9/2013,27.71,27.88,27.45,27.58
4/10/2013,28.62,28.64,27.78,27.78
4/11/2013,28.65,29.02,28.43,28.66
4/12/2013,28.45,28.695,28.36,28.37
4/15/2013,27.33,28.36,27.32,28.35
4/16/2013,27.76,27.825,27.33,27.6
4/17/2013,27.19,27.45,26.76,27.09
4/18/2013,26.7,27.375,26.635,27.28
4/19/2013,26.99,27.01,26.635,26.87
4/22/2013,27.15,27.28,26.79,27.03
4/23/2013,27.54,27.585,27.16,27.37
4/24/2013,27.85,27.92,27.55,27.61
4/25/2013,27.78,28.073,27.69,27.83
4/26/2013,27.89,27.95,27.63,27.74
4/29/2013,28.08,28.145,27.79,27.79
4/30/2013,28.22,28.3,27.892,28.12
5/1/2013,27.7,28.22,27.62,28.13
5/2/2013,27.94,28.16,27.73,27.81
5/3/2013,28.38,28.5,28.23,28.28
5/6/2013,28.2,28.575,28.145,28.37
5/7/2013,28.41,28.47,28.08,28.31
5/8/2013,28.39,28.42,28.1,28.38
5/9/2013,28.18,28.47,28.17,28.39
5/10/2013,28.29,28.31,28.1,28.2
5/13/2013,28.82,28.97,28.15,28.22
5/14/2013,29.95,30,28.79,28.85
5/15/2013,30.21,30.3,29.71,29.9
5/16/2013,29.86,30.26,29.74,30.03
5/17/2013,30.44,30.56,29.93,29.93
5/20/2013,30.41,30.64,30.31,30.4
5/21/2013,30.09,30.6,30.04,30.41
5/22/2013,29.78,30.52,29.665,30.11
5/23/2013,29.64,29.82,29.3,29.43
5/24/2013,29.51,29.53,29.24,29.43
5/28/2013,30.09,30.39,29.85,29.9
5/29/2013,30.09,30.44,29.84,29.86
5/30/2013,30.55,30.79,30.04,30.17
5/31/2013,30.06,30.85,30.06,30.48
6/3/2013,30.21,30.45,29.61,30.16
6/4/2013,29.9,30.49,29.79,30.21
6/5/2013,29.01,29.88,28.97,29.81
6/6/2013,29.51,29.53,28.68,29.01
6/7/2013,29.85,29.92,29.45,29.76
6/10/2013,30.16,30.46,29.81,30.02
6/11/2013,29.49,30.026,29.46,29.87
6/12/2013,29.06,29.79,29.035,29.74
6/13/2013,29.48,29.505,28.89,28.99
6/14/2013,29.13,29.59,29.055,29.48
6/17/2013,29.37,29.61,29.14,29.37
6/18/2013,29.77,29.875,29.305,29.47
6/19/2013,29.65,30.21,29.46,29.76
6/20/2013,28.97,29.38,28.86,29.38
6/21/2013,28.45,29.29,28.1,29.26
6/24/2013,27.86,28.23,27.54,28.14
6/25/2013,28.27,28.38,27.98,28.2
6/26/2013,28.33,28.64,28.29,28.52
6/27/2013,28.72,28.8,28.385,28.58
6/28/2013,28.05,28.61,27.91,28.58
7/1/2013,28.47,28.99,28.21,28.22
7/2/2013,28.42,29.085,28.19,28.48
7/3/2013,28.53,28.64,28.01,28.18
7/5/2013,29.26,29.32,28.79,28.79
7/8/2013,29.12,29.52,28.95,29.45
7/9/2013,29.34,29.46,28.91,29.46
7/10/2013,29.33,29.55,29.065,29.34
7/11/2013,29.77,29.88,29.43,29.82
7/12/2013,30.06,30.09,29.64,29.77
7/15/2013,30.69,30.715,30.18,30.39
7/16/2013,30.35,30.74,30.205,30.68
7/17/2013,30.92,31.78,30.769,31.05
7/18/2013,31.47,31.82,30.92,31.01
7/19/2013,31.77,31.8,31.17,31.48
7/22/2013,32.07,32.189,31.61,31.68
7/23/2013,32.21,32.36,32.03,32.1
7/24/2013,31.92,32.299,31.77,32.28
7/25/2013,31.85,31.95,31.49,31.68
7/26/2013,31.76,31.77,31.35,31.55
7/29/2013,31.53,31.87,31.51,31.67
7/30/2013,31.55,31.945,31.46,31.7
7/31/2013,31.45,31.979,31.41,31.63
8/1/2013,32,32.25,31.82,31.83
8/2/2013,31.8,31.95,31.7,31.93
8/5/2013,31.68,31.83,31.53,31.74
8/6/2013,31.52,31.77,31.44,31.66
8/7/2013,31.17,31.48,31,31.32
8/8/2013,31.06,31.57,30.96,31.37
8/9/2013,30.97,31.19,30.88,31.01
8/12/2013,30.75,31.02,30.62,30.75
8/13/2013,30.75,30.88,30.56,30.82
8/14/2013,30.69,30.99,30.66,30.7
8/15/2013,30.42,30.485,30.11,30.4
8/16/2013,30.57,30.725,30.31,30.32
8/19/2013,30.13,30.52,30.1,30.52
8/20/2013,30.56,30.66,30,30.33
8/21/2013,30.28,30.61,30.07,30.44
8/22/2013,31.02,31.23,30.31,30.38
8/23/2013,30.85,31.16,30.69,31.13
8/26/2013,30.66,30.995,30.65,30.83
8/27/2013,29.66,30.3,29.62,30.21
8/28/2013,29.75,29.9,29.52,29.63
8/29/2013,29.83,30.07,29.59,29.69
8/30/2013,29.74,29.9,29.615,29.89
9/3/2013,30.12,30.54,29.93,30.13
9/4/2013,30.39,30.55,30.01,30.07
9/5/2013,30.66,30.8,30.34,30.39
9/6/2013,30.46,30.8,29.98,30.76
9/9/2013,30.79,30.79,30.4,30.55
9/10/2013,31.28,31.37,31.05,31.08
9/11/2013,31.23,31.32,31.05,31.27
9/12/2013,31.04,31.295,31,31.2
9/13/2013,31.11,31.2,30.865,31.09
9/16/2013,31.4,31.59,31.2,31.49
9/17/2013,31.45,31.49,31.25,31.42
9/18/2013,31.38,31.91,31.295,31.45
9/19/2013,31.08,31.57,30.69,31.53
9/20/2013,30.85,31.38,30.73,31.21
9/23/2013,30.3,30.75,30.2,30.71
9/24/2013,30.19,30.525,30.09,30.37
9/25/2013,30.52,30.72,30.06,30.23
9/26/2013,30.59,30.81,30.475,30.53
9/27/2013,30.24,30.37,30.11,30.25
9/30/2013,30.19,30.34,29.82,29.97
10/1/2013,30.75,30.76,30.22,30.29
10/2/2013,30.46,30.605,30.25,30.47
10/3/2013,29.92,30.41,29.72,30.4
10/4/2013,30.5,30.56,29.85,29.96
10/7/2013,30.23,30.48,30.05,30.17
10/8/2013,29.57,30.3,29.55,30.24
10/9/2013,29.78,29.94,29.58,29.65
10/10/2013,30.81,30.81,30.19,30.23
10/11/2013,30.77,30.95,30.42,30.69
10/14/2013,31.18,31.19,30.48,30.61
10/15/2013,30.85,31.2,30.73,31.11
10/16/2013,30.76,31.39,30.52,31.17
10/17/2013,31.33,31.44,30.45,30.45
10/18/2013,31.48,31.55,31.22,31.38
10/21/2013,31.62,31.67,31.34,31.45
10/22/2013,31.59,31.69,31.37,31.66
10/23/2013,31.58,31.605,31.34,31.37
10/24/2013,31.66,31.7,31.47,31.54
10/25/2013,31.83,31.9,31.635,31.8
10/28/2013,31.83,32.13,31.74,31.87
10/29/2013,32.13,32.145,31.81,31.85
10/30/2013,31.99,32.231,31.88,32.2
10/31/2013,31.8,32.13,31.76,31.91
11/1/2013,32.36,32.49,31.9,31.93
11/4/2013,32.509,32.6,32.21,32.4
11/5/2013,32.35,32.52,32.11,32.299
11/6/2013,32.369,32.56,32.2,32.56
11/7/2013,32.009,32.59,31.95,32.43
11/8/2013,33.15,33.17,31.96,31.96
11/11/2013,33.08,33.33,32.99,33.2
11/12/2013,32.56,33.07,32.5,32.93
11/13/2013,33,33,32.28,32.35
11/14/2013,33.13,33.32,32.895,33.15
11/15/2013,33.42,33.48,33.091,33.12
11/18/2013,33.13,33.51,33.04,33.47
11/19/2013,32.98,33.4,32.93,33.08
11/20/2013,33.33,33.59,33.01,33.17
11/21/2013,33.72,33.77,33.205,33.41
11/22/2013,33.63,33.748,33.39,33.72
11/25/2013,33.78,34.255,33.72,33.75
11/26/2013,33.65,34.06,33.64,33.82
11/27/2013,33.91,34.18,33.615,34.18
11/29/2013,33.7,34.105,33.65,34
12/2/2013,33.64,34.04,33.58,33.79
12/3/2013,33.2,33.64,33.01,33.39
12/4/2013,33.37,33.62,33.02,33.12
12/5/2013,33.13,33.28,33.03,33.13
12/6/2013,33.62,33.675,33.28,33.56
12/9/2013,33.65,33.87,33.5,33.79
12/10/2013,33.5,33.865,33.49,33.49
12/11/2013,32.84,33.59,32.744,33.47
12/12/2013,32.84,33.1,32.81,32.86
12/13/2013,32.91,33.2,32.78,32.9
12/16/2013,33.14,33.24,32.99,33.04
12/17/2013,32.86,33.15,32.84,33.13
12/18/2013,33.89,33.92,32.845,33.4
12/19/2013,33.87,33.97,33.59,33.8
12/20/2013,33.88,34.13,33.84,33.96
12/23/2013,34.37,34.42,33.99,34.09
12/24/2013,34.41,34.495,34.25,34.47
12/26/2013,34.56,34.64,34.39,34.43
12/27/2013,34.5,34.64,34.395,34.55
12/30/2013,34.54,34.65,34.44,34.63
12/31/2013,34.94,34.99,34.57,34.64
1/2/2014,34.56,35.03,34.3,34.3
1/3/2014,34.96,35.34,34.58,34.61
1/6/2014,34.95,35.66,34.88,35.28
1/7/2014,34.54,35.17,34.33,35.1
1/8/2014,34.66,34.84,34.31,34.64
1/9/2014,34.7,34.83,34.315,34.71
1/10/2014,34.23,34.73,34.05,34.67
1/13/2014,33.5,34.28,33.43,34.19
1/14/2014,33.82,33.86,33.5,33.65
1/15/2014,34.16,34.165,33.79,34.07
1/16/2014,33.92,34.18,33.8,34.14
1/17/2014,32.7,33.48,32.63,33.45
1/21/2014,33.09,33.12,32.75,32.99
1/22/2014,33.41,33.44,33.03,33.07
1/23/2014,33.12,33.21,32.84,33.08
1/24/2014,32.34,33,32.305,32.71
1/27/2014,32.04,32.549,31.9,32.34
1/28/2014,32.22,32.314,32.009,32.18
1/29/2014,31.73,32.29,31.67,31.78
1/30/2014,32.409,32.59,32.04,32.049
1/31/2014,31.96,32.229,31.66,31.77
2/3/2014,30.91,32.02,30.88,31.89
2/4/2014,31.19,31.35,30.94,31.17
2/5/2014,30.93,31.265,30.84,31.14
2/6/2014,31.47,31.49,30.96,31.01
2/7/2014,31.79,31.84,31.39,31.64
2/10/2014,31.51,31.77,31.34,31.75
2/11/2014,31.97,32.04,31.33,31.53
2/12/2014,31.98,32.27,31.82,32.04
2/13/2014,31.98,32.009,31.68,31.74
2/14/2014,31.79,32.02,31.71,31.91
2/18/2014,31.76,31.95,31.69,31.85
2/19/2014,31.13,31.83,31.104,31.63
2/20/2014,31.18,31.28,30.82,31.18
2/21/2014,31.35,31.58,31.12,31.22
2/24/2014,31.8,31.98,31.13,31.13
2/25/2014,31.45,31.75,31.38,31.73
2/26/2014,31.4,31.58,31.14,31.5
2/27/2014,31.87,31.89,31.32,31.4
2/28/2014,32,32.111,31.7,31.84
3/3/2014,31.87,31.935,31.4,31.64
3/4/2014,32.4,32.49,32.17,32.24
3/5/2014,32.439,32.57,32.24,32.409
3/6/2014,32.759,32.9,32.47,32.509
3/7/2014,33.51,33.56,32.92,33
3/10/2014,33.34,33.428,33.19,33.37
3/11/2014,33.22,33.53,33.075,33.48
3/12/2014,33.3,33.31,32.58,32.58
3/13/2014,33.17,33.47,33,33.36
3/14/2014,33.13,33.23,32.885,33.14
3/17/2014,33.37,33.71,33.28,33.33
3/18/2014,33.49,33.56,33.33,33.42
3/19/2014,34.19,34.22,33.32,33.49
3/20/2014,35.22,35.3,34.1,34.16
3/21/2014,35.25,35.855,35.11,35.65
3/24/2014,35.58,35.88,35.35,35.46
3/25/2014,35.4,35.74,34.88,35.68
3/26/2014,35.15,35.61,35.1,35.6
3/27/2014,35,35.46,34.72,35.2
3/28/2014,35.1,35.425,35.01,35.25
3/31/2014,35.29,35.49,35.25,35.31
4/1/2014,35.41,35.86,35.18,35.81
4/2/2014,35.27,35.43,33.74,33.74
4/3/2014,35.39,35.41,35.02,35.26
4/4/2014,34.6,35.72,34.6,35.67
4/7/2014,33.82,34.57,33.75,34.56
4/8/2014,33.88,34.47,33.52,34.47
4/9/2014,33.97,34.37,33.74,34.37
4/10/2014,33.33,34.03,33.31,34
4/11/2014,33.12,33.48,32.659,33.21
4/14/2014,33.23,33.52,32.84,33.49
4/15/2014,33.25,34.03,32.68,33.89
4/16/2014,33.42,33.49,33.01,33.1
4/17/2014,33.76,33.85,33.37,33.42
4/21/2014,33.71,33.84,33.56,33.68
4/22/2014,33.75,34.01,33.3,33.56
4/23/2014,34.21,34.64,33.43,33.49
4/24/2014,33.62,34.33,33.57,34.28
4/25/2014,33.6,33.68,33.14,33.17
4/28/2014,33.36,33.75,33.02,33.64
4/29/2014,33.82,33.94,33.44,33.58
4/30/2014,33.87,33.96,33.575,33.84
5/1/2014,33.95,34.19,33.76,33.92
5/2/2014,34.43,34.77,34.01,34.11
5/5/2014,34.3,34.41,33.86,34.11
5/6/2014,33.6,34.18,33.6,34.18
5/7/2014,34.3,34.32,33.58,33.76
5/8/2014,34.47,34.59,34.15,34.29
5/9/2014,34.1,34.41,33.78,34.28
5/12/2014,34.78,34.81,34.29,34.3
5/13/2014,34.86,34.95,34.58,34.76
5/14/2014,34.18,34.85,34.08,34.77
5/15/2014,33.65,34.05,33.27,34.05
5/16/2014,34.03,34.04,33.55,33.66
5/19/2014,34.1,34.2,33.85,33.89
5/20/2014,34.08,34.16,33.89,34.08
5/21/2014,34.33,34.6,34.19,34.32
5/22/2014,34.57,34.67,34.27,34.39
5/23/2014,34.59,34.62,34.13,34.55
5/27/2014,34.65,34.83,34.44,34.6
5/28/2014,34.37,34.65,34.36,34.61
5/29/2014,34.58,34.58,34.33,34.38
5/30/2014,34.56,34.64,34.29,34.49
6/2/2014,34.65,34.79,34.273,34.56
6/3/2014,34.58,34.73,34.43,34.52
6/4/2014,34.62,34.86,34.47,34.55
6/5/2014,34.95,35.07,34.44,34.65
6/6/2014,35.19,35.29,34.94,35
6/9/2014,35.44,35.54,35.11,35.15
6/10/2014,35.48,35.5,35.24,35.32
6/11/2014,35.38,35.41,35.14,35.27
6/12/2014,35.31,35.35,35.12,35.25
6/13/2014,35.36,35.55,35.25,35.35
6/16/2014,34.86,35.19,34.8,35.18
6/17/2014,35.61,35.65,34.66,34.78
6/18/2014,35.91,35.915,35.31,35.58
6/19/2014,35.66,35.79,35.37,35.73
6/20/2014,36.01,36.02,35.705,35.78
6/23/2014,36.11,36.25,35.9,36.01
6/24/2014,35.97,36.36,35.88,36
6/25/2014,36.24,36.39,35.76,35.81
6/26/2014,35.86,36.19,35.43,35.91
6/27/2014,36.23,36.28,35.69,35.71
6/30/2014,37.48,37.95,36.89,37.61
7/1/2014,37.9,38.31,37.75,37.85
7/2/2014,37.61,38.07,37.56,37.92
7/3/2014,37.93,38.09,37.75,37.85
7/7/2014,37.72,37.77,37.43,37.5
7/8/2014,37.6,37.65,37.125,37.62
7/9/2014,37.63,38.21,37.435,38.17
7/10/2014,37.72,37.78,37.121,37.15
7/11/2014,37.61,37.65,37.4,37.59
7/14/2014,37.64,38.09,37.53,37.95
7/15/2014,38.24,38.48,37.9,38.13
7/16/2014,38.11,38.39,37.975,38.3
7/17/2014,38,38.24,37.86,37.98
7/18/2014,38.43,38.5,37.78,38
7/21/2014,38.44,38.7,38.19,38.26
7/22/2014,39.06,39.07,38.55,38.56
7/23/2014,39.13,39.175,38.885,39.01
7/24/2014,39.77,39.85,39.15,39.19
7/25/2014,39.43,39.52,39.31,39.41
7/28/2014,39.48,39.63,39.295,39.38
7/29/2014,39.22,39.57,39.19,39.46
7/30/2014,39.82,40.055,39.43,39.47
7/31/2014,39.04,39.54,39.01,39.43
8/1/2014,39.2,39.285,38.75,38.9
8/4/2014,39.2,39.285,38.75,38.9
8/5/2014,38.95,39.275,38.87,39.03
8/6/2014,39.33,39.51,38.69,38.75
8/7/2014,38.42,39.49,38.33,39.49
8/8/2014,38.5,38.55,38.24,38.52
8/11/2014,38.44,38.75,38.29,38.67
8/12/2014,38.42,38.47,38.25,38.44
8/13/2014,38.45,38.72,38.295,38.65
8/14/2014,38.29,38.54,38.27,38.51
8/15/2014,38.24,38.54,37.9,38.4
8/18/2014,38.57,38.68,38.48,38.48
8/19/2014,38.59,38.65,38.375,38.52
8/20/2014,38.78,38.87,38.44,38.53
8/21/2014,39.14,39.25,38.74,38.78
8/22/2014,39.12,39.27,38.91,39.04
8/25/2014,39.47,39.69,39.26,39.56
8/26/2014,39.33,39.54,39.07,39.07
8/27/2014,39.17,39.4,39.07,39.37
8/28/2014,39,39.055,38.82,38.96
8/29/2014,39.18,39.19,38.91,39.03
9/2/2014,39.65,39.66,39.205,39.3
9/3/2014,39.52,39.85,39.43,39.84
9/4/2014,39.47,39.91,39.41,39.61
9/5/2014,39.47,39.56,39.22,39.36
9/8/2014,39.44,39.67,39.3,39.43
9/9/2014,38.79,39.33,38.75,39.24
9/10/2014,39.13,39.2,38.89,38.9
9/11/2014,39.37,39.41,38.94,38.97
9/12/2014,39.9,39.93,39.35,39.41
9/15/2014,39.92,39.93,39.56,39.59
9/16/2014,40.17,40.245,39.67,39.71
9/17/2014,40.26,40.55,40.05,40.22
9/18/2014,40.25,40.8,40.24,40.5
9/19/2014,39.68,40.51,39.68,40.39
9/22/2014,39.34,39.71,39.295,39.55
9/23/2014,38.96,39.49,38.96,39.33
9/24/2014,39.22,39.23,38.78,38.9
9/25/2014,38.65,39.09,38.63,39
9/26/2014,38.94,39.015,38.545,38.78
9/29/2014,38.61,38.78,38.38,38.51
9/30/2014,38.73,38.86,37.46,38.57
10/1/2014,38.22,38.7,38.15,38.7
10/2/2014,38.21,38.29,37.78,38.19
10/3/2014,38.7,38.85,38.39,38.47
10/6/2014,38.78,39.09,38.59,38.94
10/7/2014,37.88,38.53,37.87,38.53
10/8/2014,38.56,38.575,37.83,37.98
10/9/2014,37.31,38.49,37.28,38.48
10/10/2014,36.89,37.7,36.885,37.32
10/13/2014,36.35,37.15,36.33,37.04
10/14/2014,36.55,36.96,36.335,36.41
10/15/2014,35.95,36.15,35.06,36.06
10/16/2014,36.16,36.47,35.08,35.25
10/17/2014,36.36,36.71,35.83,36.55
10/20/2014,36.36,36.5,36.13,36.44
10/21/2014,36.8,36.85,36.59,36.68
10/22/2014,36.38,36.87,36.38,36.86
10/23/2014,36.48,36.89,36.41,36.82
10/24/2014,37.12,37.13,36.36,36.38
10/27/2014,37.4,37.59,36.77,37.04
10/28/2014,37.12,37.81,36.59,37.65
10/29/2014,37.7,37.82,37.05,37.23
10/30/2014,37.97,38.16,37.59,37.72
10/31/2014,38.72,38.97,38.4,38.5
11/3/2014,38.47,38.87,38.32,38.76
11/4/2014,38.7,38.76,38.31,38.37
11/5/2014,38.67,38.93,38.44,38.87
11/6/2014,38.77,38.85,38.58,38.77
11/7/2014,38.91,39.01,38.48,38.81
11/10/2014,39.5,39.53,38.87,38.89
11/11/2014,39.45,39.58,39.3,39.41
11/12/2014,39.74,39.83,39.16,39.23
11/13/2014,39.59,39.79,39.18,39.74
11/14/2014,39.67,40.03,39.59,39.61
11/17/2014,39.73,39.81,39.27,39.48
11/18/2014,39.69,39.87,39.62,39.73
11/19/2014,39.79,39.87,39.33,39.54
11/20/2014,39.96,40.03,39.43,39.5
11/21/2014,40.09,40.39,39.98,40.37
11/24/2014,40.04,40.32,39.93,40.16
11/25/2014,40.1,40.4,39.905,40.35
11/26/2014,40.21,40.22,39.98,40.05
11/28/2014,40.03,40.27,39.98,40.2
12/1/2014,39.58,39.95,39.29,39.95
12/2/2014,40.28,40.325,39.7,39.76
12/3/2014,40.4,40.81,40.17,40.21
12/4/2014,40.38,40.5,40.1,40.26
12/5/2014,41.11,41.51,40.475,40.58
12/8/2014,41.24,41.62,40.97,41.27
12/9/2014,41.24,41.28,40.535,40.79
12/10/2014,40.78,41.41,40.74,41.16
12/11/2014,40.54,41.27,40.49,40.84
12/12/2014,39.92,40.63,39.89,40.13
12/15/2014,39.72,40.26,39.475,40.2
12/16/2014,39.62,40.29,39.31,39.48
12/17/2014,40.35,40.365,39.68,39.85
12/18/2014,41.11,41.11,40.65,40.84
12/19/2014,40.85,41.32,40.83,41.16
12/22/2014,40.95,40.95,40.71,40.93
12/23/2014,41.53,41.655,40.94,40.96
12/24/2014,41.29,41.79,41.28,41.59
12/26/2014,41.29,41.51,41.26,41.3
12/29/2014,41.28,41.7,41.17,41.21
12/30/2014,41.03,41.27,41.02,41.2
12/31/2014,40.57,41.3,40.54,41.3
1/2/2015,40.46,40.78,40.08,40.75
1/5/2015,39.42,40.37,39.28,40.22
1/6/2015,38.28,39.47,37.87,39.45
1/7/2015,39.07,39.1,38.44,38.69
1/8/2015,39.61,39.64,39.4,39.45
1/9/2015,39.03,39.7,38.935,39.48
1/12/2015,38.47,39.1,38.37,39.03
1/13/2015,38.4,39.02,38.105,38.7
1/14/2015,37.43,37.92,36.905,37.73
1/15/2015,37.25,37.63,37.09,37.57
1/16/2015,37.46,37.5,36.9,37.14
1/20/2015,37.24,37.9,37.13,37.68
1/21/2015,37.55,37.68,37.15,37.39
1/22/2015,38.72,38.74,37.51,37.79
1/23/2015,36.9,37.93,36.85,37.92
1/26/2015,37.42,37.49,36.43,36.64
1/27/2015,36.74,37.205,36.62,36.84
1/28/2015,35.66,37.02,35.63,36.9
1/29/2015,36.44,36.54,35.75,35.76
1/30/2015,36,36.46,35.85,35.94
2/2/2015,36.67,36.76,36.03,36.12
2/3/2015,37.4,37.45,36.9,36.93
2/4/2015,37.17,37.76,37.08,37.16
2/5/2015,37.73,38.065,37.26,37.26
2/6/2015,38.47,38.99,38.23,38.33
2/9/2015,38.48,38.76,38.13,38.16
2/10/2015,39.08,39.14,38.62,38.8
2/11/2015,39.13,39.31,38.81,39.04
2/12/2015,39.41,39.555,39.2,39.23
2/13/2015,39.2,39.59,39.13,39.4
2/17/2015,39.46,39.47,38.95,38.99
2/18/2015,38.99,39.49,38.85,39.39
2/19/2015,39.12,39.24,38.74,38.88
2/20/2015,39.44,39.465,38.66,39
2/23/2015,39.17,39.29,38.93,39.21
2/24/2015,39.78,39.98,39.045,39.09
2/25/2015,39.86,40.03,39.45,39.78
2/26/2015,39.44,39.91,39.24,39.79
2/27/2015,39.14,39.41,39.07,39.26
3/2/2015,39.65,39.655,39.1,39.2
3/3/2015,39.65,39.85,39.46,39.59
3/4/2015,39.44,39.63,39.22,39.54
3/5/2015,39.19,39.45,39.03,39.4
3/6/2015,39.28,40.44,39.02,39.02
3/9/2015,39.79,39.9,39.4,39.78
3/10/2015,39.19,39.49,38.88,39.39
3/11/2015,39.42,39.65,39.2,39.21
3/12/2015,40.44,40.66,39.98,40.38
3/13/2015,40.94,40.99,40.15,40.3
3/16/2015,41.05,41.27,40.845,41.1
3/17/2015,41.14,41.22,40.615,40.78
3/18/2015,40.83,41.445,40.65,41.06
3/19/2015,40.3,40.81,40.09,40.7
3/20/2015,40.57,40.66,40.24,40.42
3/23/2015,40.42,40.74,40.35,40.57
3/24/2015,40.1,40.415,39.81,40.29
3/25/2015,39.52,40.1,39.39,40.08
3/26/2015,39.81,39.94,39.2,39.2
3/27/2015,39.75,39.79,39.385,39.65
3/30/2015,40.29,40.483,39.86,39.95
3/31/2015,40.24,40.32,39.86,40
4/1/2015,40.21,40.41,39.87,40.22
4/2/2015,40.55,40.56,40.01,40.22
4/6/2015,40.49,40.605,39.96,40.14
4/7/2015,40.57,40.83,40.36,40.51
4/8/2015,40.69,40.98,40.5,40.68
4/9/2015,40.84,40.88,40.47,40.69
4/10/2015,40.86,40.88,40.6,40.8
4/13/2015,40.95,41.14,40.65,40.69
4/14/2015,41.06,41.125,40.73,40.95
4/15/2015,41.13,41.29,40.99,41.1
4/16/2015,41.06,41.165,40.875,41.1
4/17/2015,40.5,40.96,40.35,40.86
4/20/2015,40.78,40.99,40.61,40.67
4/21/2015,41.04,41.16,40.79,41.02
4/22/2015,42.43,42.44,41.09,41.74
4/23/2015,42.58,42.9,42.27,42.51
4/24/2015,42.07,42.64,41.79,42.4
4/27/2015,41.97,42.4,41.94,42.11
4/28/2015,42.76,42.785,41.9,41.93
4/29/2015,42.86,43.11,42.38,42.38
4/30/2015,42.34,42.86,42.19,42.63
5/1/2015,42.74,42.76,42.2,42.61
5/4/2015,43.28,43.345,42.7,42.77
5/5/2015,42.9,43.64,42.88,43.09
5/6/2015,42.94,43.25,42.645,43.04
5/7/2015,43.31,43.445,42.77,42.9
5/8/2015,43.41,43.64,43.29,43.58
5/11/2015,43.25,43.67,43.24,43.5
5/12/2015,43.18,43.32,42.85,42.99
5/13/2015,43.27,43.41,43.05,43.09
5/14/2015,43.37,43.48,43.19,43.47
5/15/2015,43.09,43.46,42.92,43.39
5/18/2015,43.47,43.56,43.01,43.12
5/19/2015,43.54,43.73,43.38,43.61
5/20/2015,43.62,43.84,43.37,43.51
5/21/2015,43.64,43.77,43.35,43.39
5/22/2015,43.47,43.66,43.45,43.6
5/26/2015,43.46,43.58,43.12,43.47
5/27/2015,43.88,44.095,43.38,43.63
5/28/2015,43.95,43.99,43.565,43.81
5/29/2015,43.36,43.86,43.36,43.86
6/1/2015,42.92,43.56,42.865,43.49
6/2/2015,42.9,42.95,42.63,42.87
6/3/2015,43.41,43.63,42.83,42.9
6/4/2015,42.96,43.37,42.82,42.82
6/5/2015,43.36,43.87,42.93,43.75
6/8/2015,43.34,43.76,43.26,43.31
6/9/2015,43.4,43.56,43.19,43.34
6/10/2015,43.74,43.99,43.54,43.65
6/11/2015,43.88,44.03,43.68,43.73
6/12/2015,43.68,43.89,43.55,43.82
6/15/2015,43.29,43.37,43.02,43.26
6/16/2015,43.2,43.37,43.09,43.15
6/17/2015,43.15,43.47,43.04,43.37
6/18/2015,43.27,43.36,42.97,43.3
6/19/2015,43.12,43.33,43.1,43.17
6/22/2015,43.47,43.68,43.36,43.53
6/23/2015,43.66,43.775,43.49,43.66
6/24/2015,43.29,43.71,43.255,43.48
6/25/2015,42.85,43.46,42.85,43.41
6/26/2015,42.98,43.2,42.82,43.01
6/29/2015,41.79,42.61,41.75,42.5
6/30/2015,41.97,42.48,41.8,42.33
7/1/2015,42.18,42.55,42.045,42.54
7/2/2015,41.79,42.29,41.59,42.16
7/6/2015,41.55,41.62,41.21,41.32
7/7/2015,41.54,41.75,40.765,41.53
7/8/2015,40.54,41.29,40.525,41.21
7/9/2015,40.99,41.3,40.83,41.03
7/10/2015,41.71,41.81,41.38,41.49
7/13/2015,42.38,42.5,41.83,41.85
7/14/2015,42.53,42.56,42.06,42.19
7/15/2015,42.67,42.82,42.46,42.6
7/16/2015,43.07,43.12,42.86,43.08
7/17/2015,42.82,43.055,42.62,42.92
7/20/2015,42.98,43.09,42.77,42.98
7/21/2015,44.15,44.18,43.5,43.58
7/22/2015,44.73,44.74,44.15,44.31
7/23/2015,44.47,44.99,44.38,44.8
7/24/2015,43.72,44.37,43.68,44.13
7/27/2015,43.26,43.45,42.721,43.41
7/28/2015,43.59,43.65,43.16,43.51
7/29/2015,43.78,43.94,43.43,43.61
7/30/2015,43.93,43.97,43.57,43.61
7/31/2015,43.4,43.95,43.33,43.95
8/3/2015,43.4,43.64,43.08,43.41
8/4/2015,43.89,44.08,43.4,43.54
8/5/2015,44.4,45.14,44.27,44.4
8/6/2015,44.28,44.775,44.17,44.44
8/7/2015,44.75,44.79,44.11,44.23
8/10/2015,45.26,45.45,44.97,45
8/11/2015,44.67,45.06,44.56,44.97
8/12/2015,43.9,44.28,43.1,44.28
8/13/2015,43.87,44.14,43.715,44.01
8/14/2015,44.07,44.09,43.75,43.77
8/17/2015,44.06,44.16,43.67,43.91
8/18/2015,44.35,44.36,43.005,43.005
8/19/2015,44.18,44.46,44.03,44.06
8/20/2015,42.8,43.81,42.74,43.7
8/21/2015,41.45,42.53,41.42,42.42
8/24/2015,38.64,40.3,36.46,38.58
8/25/2015,37.78,40.12,37.75,40.04
8/26/2015,39.47,39.67,37.985,38.87
8/27/2015,40.8,40.82,39.84,39.95
8/28/2015,40.67,40.8,40.18,40.18
8/31/2015,39.8,40.38,39.69,40.28
9/1/2015,38.34,39.1,38.1,38.81
9/2/2015,39.02,39.05,38.43,38.98
9/3/2015,39.28,39.82,39.09,39.21
9/4/2015,38.49,38.9,38.31,38.8
9/8/2015,39.32,39.38,38.69,39.3
9/9/2015,38.98,40.27,38.88,39.98
9/10/2015,39.33,39.595,38.65,38.77
9/11/2015,39.56,39.57,38.755,39.04
9/14/2015,39.56,39.665,39.22,39.5
9/15/2015,40.06,40.22,39.45,39.68
9/16/2015,40.23,40.32,39.64,40
9/17/2015,39.81,41.12,39.68,40.83
9/18/2015,38.86,39.28,38.68,39.21
9/21/2015,39.43,39.54,39,39.2
9/22/2015,38.85,39.115,38.4,38.74
9/23/2015,38.82,38.96,38.46,38.8
9/24/2015,38.52,38.66,38.14,38.36
9/25/2015,39.6,39.74,38.7,39.18
9/28/2015,38.2,39.35,38.14,39.17
9/29/2015,38.44,38.51,37.87,38.24
9/30/2015,39.15,39.19,38.68,39.04
10/1/2015,39.36,39.41,38.75,39.1
10/2/2015,39.17,39.18,37.48,38.19
10/5/2015,40.15,40.25,39.4,39.54
10/6/2015,39.96,40.26,39.66,39.95
10/7/2015,40.55,40.6,40.09,40.34
10/8/2015,40.87,40.88,40.21,40.35
10/9/2015,40.45,40.91,40.175,40.81
10/12/2015,40.46,40.6,40.23,40.36
10/13/2015,39.84,40.4,39.79,40.15
10/14/2015,39.26,39.67,39.18,39.67
10/15/2015,40.48,40.505,39.54,39.69
10/16/2015,40.49,40.86,40.17,40.73
10/19/2015,40.17,40.54,39.99,39.99
10/20/2015,41.25,41.625,40.8,41
10/21/2015,40.84,41.73,40.81,41.37
10/22/2015,41.65,41.96,40.99,41.08
10/23/2015,42.25,42.41,41.77,42.13
10/26/2015,41.89,42.4,41.86,42.17
10/27/2015,41.71,41.74,41.3,41.56
10/28/2015,43.07,43.17,41.75,41.83
10/29/2015,42.45,43.16,42.36,42.89
10/30/2015,41.65,42.67,41.62,42.46
11/2/2015,42.25,42.36,41.65,41.87
11/3/2015,42.65,42.87,41.96,42.09
11/4/2015,42.59,42.91,42.49,42.66
11/5/2015,43.29,43.43,42.41,42.73
11/6/2015,44.19,44.73,43.84,44.15
11/9/2015,43.67,44.34,43.51,44.32
11/10/2015,43.63,43.99,43.325,43.62
11/11/2015,43.84,44.09,43.64,43.89
11/12/2015,43.18,43.67,43.17,43.51
11/13/2015,42.67,43.29,42.55,42.98
11/16/2015,42.93,42.94,42.34,42.57
11/17/2015,42.91,43.44,42.81,43.13
11/18/2015,44,44.085,42.91,42.97
11/19/2015,43.83,44.02,43.66,43.97
11/20/2015,43.74,44.025,43.66,44.025
11/23/2015,43.67,43.98,43.6,43.81
11/24/2015,43.68,43.86,43.13,43.25
11/25/2015,43.93,43.97,43.61,43.83
11/27/2015,43.88,44,43.75,43.87
11/30/2015,43.84,44.49,43.76,43.92
12/1/2015,43.91,44.27,43.654,44.05
12/2/2015,43.49,44.16,43.42,44.08
12/3/2015,42.98,43.81,42.83,43.67
12/4/2015,44.06,44.22,43.11,43.21
12/7/2015,43.59,44.1,43.35,43.95
12/8/2015,43.15,43.46,43,43.18
12/9/2015,42.4,43.295,42.17,42.88
12/10/2015,42.27,42.74,42.04,42.42
12/11/2015,40.77,41.82,40.51,41.66
12/14/2015,40.39,41.27,40.02,40.93
12/15/2015,42.04,42.21,40.99,40.99
12/16/2015,42.7,42.95,42.03,42.46
12/17/2015,41.26,42.78,41.26,42.67
12/18/2015,40.22,41.03,40.2,40.87
12/21/2015,40.59,40.75,40.15,40.55
12/22/2015,40.99,41.03,40.41,40.92
12/23/2015,41.35,41.38,41.05,41.24
12/24/2015,41.23,41.43,41.1,41.34
12/28/2015,41.14,41.23,40.825,41
12/29/2015,41.72,42.02,41.33,41.46
12/30/2015,41.28,41.79,41.27,41.59
12/31/2015,41.22,41.81,40.9,40.97
1/4/2016,39.97,40.29,39.478,40.29
1/5/2016,39.82,40.24,39.59,39.94
1/6/2016,38.82,39.23,38.685,39.15
1/7/2016,37.84,38.62,37.73,38.14
1/8/2016,37.15,38.3,37.07,38.2
1/11/2016,37.42,37.73,36.955,37.65
1/12/2016,37.72,38.1,37.16,38
1/13/2016,36.46,38.1,36.27,38.01
1/14/2016,37.07,37.41,36.1,36.74
1/15/2016,35.78,36.2,35.34,35.61
1/19/2016,35.93,36.49,35.72,36.38
1/20/2016,35.47,35.9,34.75,34.89
1/21/2016,34.31,36,34.24,35.71
1/22/2016,35.15,35.4,34.64,34.82
1/25/2016,34.67,35.2,34.56,35.02
1/26/2016,35.56,35.73,34.75,34.75
1/27/2016,35.43,36.38,35.16,35.41
1/28/2016,35.37,35.98,34.99,35.75
1/29/2016,36.22,36.23,35.43,35.58
2/1/2016,35.5,36.05,35.23,35.86
2/2/2016,34.29,35.12,34.06,34.96
2/3/2016,34.34,34.59,33.16,34.55
2/4/2016,34.95,35.21,34.15,34.27
2/5/2016,34.46,35.37,34.325,35
2/8/2016,33.3,33.82,32.81,33.69
2/9/2016,33.6,33.91,32.42,32.6
2/10/2016,33.56,34.27,33.54,34.06
2/11/2016,32.74,33.04,32.2,32.31
2/12/2016,33.83,33.94,33,33.42
2/16/2016,34.55,34.83,34.18,34.46
2/17/2016,34.91,35.35,34.86,35.04
2/18/2016,34.54,35.11,34.425,34.96
2/19/2016,34.93,35.01,34.33,34.41
2/22/2016,35.43,35.69,35.26,35.35
2/23/2016,35.06,35.31,34.7,35.29
2/24/2016,34.77,34.885,33.82,34.29
2/25/2016,35.33,35.35,34.52,34.78
2/26/2016,36.12,36.4,35.58,35.59
2/29/2016,35.39,36.1,35.38,35.94
3/1/2016,36.8,36.83,35.59,35.61
3/2/2016,37.42,37.44,36.69,36.69
3/3/2016,37.69,37.72,37.2,37.37
3/4/2016,38.09,38.43,37.81,37.85
3/7/2016,38.17,38.24,37.46,37.67
3/8/2016,37.49,37.9,37.21,37.68
3/9/2016,37.14,37.85,37,37.79
3/10/2016,36.87,37.56,36.27,37.44
3/11/2016,37.75,37.81,37.22,37.33
3/14/2016,37.63,37.78,37.22,37.41
3/15/2016,37.49,37.5,36.99,37.24
3/16/2016,37.17,37.86,36.89,37.37
3/17/2016,37.38,37.46,36.7,37.06
3/18/2016,38.15,38.31,37.52,37.59
3/21/2016,38.13,38.56,37.86,38.2
3/22/2016,37.86,38.09,37.56,37.75
3/23/2016,37.52,37.94,37.42,37.89
3/24/2016,37.28,37.32,36.8,37.09
3/28/2016,37.34,37.52,37.05,37.32
3/29/2016,36.97,37.055,36.59,36.94
3/30/2016,37.14,37.66,37.06,37.3
3/31/2016,36.83,37.34,36.72,37
4/1/2016,36.93,37.01,36.38,36.66
4/4/2016,37.04,37.19,36.81,36.92
4/5/2016,36.52,36.89,36.39,36.59
4/6/2016,36.97,37.1,36.434,36.47
4/7/2016,35.67,36.74,35.54,36.6
4/8/2016,35.49,36.13,35.44,36.05
4/11/2016,35.86,36.14,35.64,35.76
4/12/2016,36.13,36.33,35.91,36.01
4/13/2016,37.78,37.78,36.43,36.44
4/14/2016,38.06,38.42,37.512,37.71
4/15/2016,37.85,38.27,37.7,38.02
4/18/2016,38.31,38.318,37.55,37.69
4/19/2016,38.84,38.995,38.38,38.38
4/20/2016,39.72,39.72,38.82,38.82
4/21/2016,40.7,40.95,39.92,40.17
4/22/2016,41.06,41.4,40.53,40.58
4/25/2016,40.67,41.15,40.6,40.86
4/26/2016,41.23,41.275,40.85,40.9
4/27/2016,41.28,41.6,40.99,41.06
4/28/2016,40.64,41.16,40.57,40.86
4/29/2016,40.24,40.51,39.75,40.19
5/2/2016,40.77,40.85,40.02,40.28
5/3/2016,39.81,40.12,39.41,40.09
5/4/2016,39.28,39.77,39.07,39.39
5/5/2016,39.4,39.55,39.05,39.28
5/6/2016,39.53,39.585,38.98,39.15
5/9/2016,39.37,39.74,39.23,39.48
5/10/2016,40.24,40.27,39.58,39.69
5/11/2016,39.87,40.39,39.87,40.07
5/12/2016,39.74,40.4,39.45,40.12
5/13/2016,39.44,40.15,39.295,39.75
5/16/2016,39.74,39.95,39.3,39.32
5/17/2016,39.84,40.16,39.45,39.54
5/18/2016,41.14,41.16,39.86,39.9
5/19/2016,40.83,41.26,40.49,40.85
5/20/2016,41.07,41.43,40.96,41.01
5/23/2016,40.97,41.18,40.65,40.93
5/24/2016,41.68,41.955,41.14,41.22
5/25/2016,42.21,42.55,41.92,41.98
5/26/2016,42.03,42.3,41.755,42.09
5/27/2016,42.27,42.36,41.88,42.16
5/31/2016,42.06,42.56,41.915,42.52
6/1/2016,42.25,42.31,41.35,41.68
6/2/2016,42.16,42.2,41.94,42.18
6/3/2016,41.52,41.64,40.96,41.27
6/6/2016,42.39,42.61,41.67,41.67
6/7/2016,42.04,42.52,42.03,42.36
6/8/2016,42.06,42.33,41.95,42.03
6/9/2016,41.65,41.85,41.37,41.82
6/10/2016,41.24,41.32,41.01,41.07
6/13/2016,40.96,41.53,40.96,41.09
6/14/2016,40.15,41.17,40.01,40.8
6/15/2016,40.26,40.69,40.21,40.42
6/16/2016,40.16,40.186,39.4,39.76
6/17/2016,40.06,40.44,39.88,40.24
6/20/2016,40.42,41.11,40.36,40.88
6/21/2016,40.44,40.69,40.32,40.69
6/22/2016,40.6,40.825,40.42,40.49
6/23/2016,41.54,41.54,41.1,41.1
6/24/2016,37.99,39.6,37.96,39.38
6/27/2016,35.88,37.26,35.72,37.22
6/28/2016,36.79,36.79,36.05,36.52
6/29/2016,38,38.02,36.97,37.23
6/30/2016,38.85,38.87,37.97,38.45
7/1/2016,38.04,38.73,38,38.6
7/5/2016,37.13,37.65,36.87,37.65
7/6/2016,37.31,37.4,36.5,36.78
7/7/2016,37.76,38.15,37.29,37.29
7/8/2016,38.49,38.54,38.11,38.11
7/11/2016,38.59,39.11,38.53,38.82
7/12/2016,39.37,39.46,39.03,39.05
7/13/2016,39.41,39.63,39.03,39.31
7/14/2016,39.69,40.67,39.59,40.67
7/15/2016,39.79,40.09,39.48,40.09
7/18/2016,39.93,40.02,39.67,39.86
7/19/2016,39.71,39.78,39.5,39.72
7/20/2016,40.01,40.03,39.52,40
7/21/2016,38.6,39.8,38.57,39.45
7/22/2016,39.19,39.25,38.62,38.64
7/25/2016,39.05,39.44,38.87,39.21
7/26/2016,39.6,39.68,39.1,39.18
7/27/2016,39.93,40.29,39.47,39.59
7/28/2016,39.83,39.95,39.555,39.79
7/29/2016,39.4,39.76,39.35,39.47
8/1/2016,39.2,39.71,39.11,39.55
8/2/2016,38.8,39.24,38.53,39.21
8/3/2016,39.22,39.37,38.79,38.87
8/4/2016,38.94,39.28,38.825,39.14
8/5/2016,40.5,40.53,39.42,39.54
8/8/2016,40.59,40.835,40.47,40.5
8/9/2016,40.28,40.7,40.27,40.57
8/10/2016,39.84,40.37,39.8,40.29
8/11/2016,40.04,40.2,39.74,39.87
8/12/2016,39.73,39.75,39.415,39.58
8/15/2016,40.16,40.27,39.89,39.98
8/16/2016,39.99,40.32,39.88,39.89
8/17/2016,40.21,40.28,39.99,40.03
8/18/2016,40.24,40.38,39.98,40.06
8/19/2016,40.25,40.35,39.87,40.06
8/22/2016,40.18,40.325,39.97,40.16
8/23/2016,40.25,40.52,40.24,40.4
8/24/2016,40.29,40.45,40.16,40.35
8/25/2016,40.53,40.53,40.2,40.22
8/26/2016,40.85,41,40.53,40.66
8/29/2016,41.26,41.405,40.84,40.92
8/30/2016,41.71,41.72,41.15,41.15
8/31/2016,41.67,41.99,41.2,41.78
9/1/2016,41.47,42.02,41.09,41.8
9/2/2016,41.65,41.76,41.29,41.58
9/6/2016,41.48,41.755,41.18,41.56
9/7/2016,41.29,41.57,41.15,41.29
9/8/2016,41.44,41.75,41.26,41.32
9/9/2016,40.93,41.74,40.93,41.34
9/12/2016,41.46,41.59,40.505,40.69
9/13/2016,40.74,41.15,40.46,40.9
9/14/2016,40.54,40.91,40.43,40.65
9/15/2016,40.85,41.01,40.43,40.5
9/16/2016,40.06,40.56,40,40.49
9/19/2016,40.09,40.625,39.95,40.25
9/20/2016,40.18,40.78,40.125,40.46
9/21/2016,40.52,40.66,40.17,40.42
9/22/2016,40.35,40.9,40.245,40.87
9/23/2016,40.2,40.55,40.005,40.19
9/26/2016,39.55,39.96,39.43,39.83
9/27/2016,39.5,39.64,39.1,39.45
9/28/2016,39.5,39.65,39.31,39.57
9/29/2016,39.06,39.898,38.78,39.5
9/30/2016,39.88,40.08,39.3,39.48
10/3/2016,39.69,39.895,39.52,39.78
10/4/2016,40.2,40.4,39.63,39.83
10/5/2016,40.83,40.897,40.38,40.5
10/6/2016,40.73,40.94,40.46,40.9
10/7/2016,40.57,40.97,40.345,40.8
10/10/2016,40.68,40.95,40.63,40.89
10/11/2016,39.95,40.65,39.775,40.6
10/12/2016,40.12,40.335,39.77,40.04
10/13/2016,39.09,39.74,38.68,39.74
10/14/2016,39.47,39.82,39.37,39.57
10/17/2016,39.3,39.65,39.19,39.57
10/18/2016,40.03,40.1,39.61,39.78
10/19/2016,40.43,40.48,39.93,40.33
10/20/2016,42.25,42.34,41.475,41.56
10/21/2016,43.05,43.16,41.93,42.02
10/24/2016,43.41,43.59,43.12,43.43
10/25/2016,43.4,43.5,43.17,43.28
10/26/2016,43.61,43.73,43.126,43.16
10/27/2016,43.7,43.88,43.3,43.73
10/28/2016,43.5,43.78,43.17,43.53
10/31/2016,43.27,43.8,43.26,43.51
11/1/2016,43.4,43.6,42.93,43.45
11/2/2016,42.87,43.25,42.73,43.16
11/3/2016,43.04,43.41,42.92,43.17
11/4/2016,42.99,43.265,42.755,43.04
11/7/2016,44.03,44.04,43.65,43.71
11/8/2016,43.88,44.25,43.705,43.88
11/9/2016,45.54,45.75,43.95,43.97
11/10/2016,46.21,47.61,45.57,45.99
11/11/2016,46.73,46.79,45.92,46.04
11/14/2016,47.53,47.87,46.96,46.98
11/15/2016,47.93,47.96,46.74,47.05
11/16/2016,47.05,47.51,46.92,47.44
11/17/2016,47.6,47.85,46.93,47
11/18/2016,47.44,47.665,47.16,47.53
11/21/2016,47.42,47.59,47.245,47.5
11/22/2016,47.25,47.55,46.9,47.33
11/23/2016,47.47,47.71,47.17,47.37
11/25/2016,47.47,47.47,47.29,47.46
11/28/2016,47.03,47.39,46.91,47.01
11/29/2016,47.05,47.305,46.84,47.1
11/30/2016,47.42,47.731,47.37,47.46
12/1/2016,48.6,48.67,47.57,47.67
12/2/2016,47.65,48.57,47.58,48.45
12/5/2016,47.86,48.51,47.75,48.21
12/6/2016,47.99,48.23,47.58,48.14
12/7/2016,48.55,48.55,47.89,48.18
12/8/2016,49.17,49.54,48.37,48.64
12/9/2016,48.62,49.02,48.335,48.97
12/12/2016,48.22,48.972,48.19,48.59
12/13/2016,48.28,48.79,47.93,48.55
12/14/2016,48.07,48.82,47.68,47.89
12/15/2016,48.35,48.835,47.9,48.27
12/16/2016,47.56,48.62,47.47,48.62
12/19/2016,47.28,47.52,47.02,47.45
12/20/2016,47.68,47.88,47.49,47.71
12/21/2016,47.55,47.75,47.31,47.73
12/22/2016,47.61,47.8,47.49,47.55
12/23/2016,47.58,47.69,47.24,47.61
12/27/2016,47.73,47.86,47.5,47.79
12/28/2016,47.65,48.52,47.64,48.4
12/29/2016,47.34,47.95,46.97,47.76
12/30/2016,47.38,47.615,47.23,47.43
1/3/2017,47.96,48.64,47.7,48.03
1/4/2017,48.71,48.74,48.08,48.25
1/5/2017,48.09,48.96,47.58,48.5
1/6/2017,48.17,48.44,47.64,47.94
1/9/2017,47.64,48.04,47.49,47.85
1/10/2017,47.72,48.15,47.605,47.75
1/11/2017,48.03,48.05,47.295,47.64
1/12/2017,47.46,47.96,47.02,47.81
1/13/2017,47.74,48.16,47.54,47.73
1/17/2017,46.43,47.455,46.38,47.38
1/18/2017,46.23,46.51,45.46,46.47
1/19/2017,44.84,46.56,44.69,46.35
1/20/2017,44.56,45.09,44.22,44.69
1/23/2017,43.87,44.76,43.85,44.41
1/24/2017,44.63,44.83,43.89,44.07
1/25/2017,44.91,45.22,44.4,45.05
1/26/2017,44.97,45.18,44.74,45.05
1/27/2017,44.78,44.96,44.48,44.83
1/30/2017,44.67,44.685,44.23,44.51
1/31/2017,44.73,44.86,44.4,44.53
2/1/2017,45.02,45.385,44.9,45.07
2/2/2017,44.8,45.085,44.5,44.65
2/3/2017,45.67,45.92,45.185,45.43
2/6/2017,45.66,45.95,45.3,45.34
2/7/2017,45.45,45.93,45.34,45.87
2/8/2017,45.14,45.33,44.91,45.2
2/9/2017,45.5,45.64,45.19,45.31
2/10/2017,45.56,45.715,45.42,45.55
2/13/2017,46.12,46.27,45.88,45.9
2/14/2017,46.82,46.86,46.1,46.13
2/15/2017,47.43,47.529,46.8,47.02
2/16/2017,47.07,47.47,46.91,47.36
2/17/2017,47.14,47.15,46.46,46.71
2/21/2017,47.5,47.635,47.23,47.25
2/22/2017,47.29,47.55,47.08,47.27
2/23/2017,47.34,47.39,47.015,47.31
2/24/2017,47.09,47.1,46.71,46.91
2/27/2017,47.11,47.36,47.02,47.03
2/28/2017,47.14,47.19,46.68,46.97
3/1/2017,48.5,48.785,47.88,47.98
3/2/2017,47.99,48.51,47.67,48.51
3/3/2017,47.95,48.22,47.75,47.83
3/6/2017,47.9,47.93,47.53,47.74
3/7/2017,47.67,47.99,47.59,47.9
3/8/2017,48.19,48.45,47.96,48.24
3/9/2017,47.93,48.47,47.8,48.26
3/10/2017,48.17,48.355,47.76,48.28
3/13/2017,48.35,48.53,48.13,48.27
3/14/2017,48.26,48.375,47.81,48.2
3/15/2017,48.33,48.75,48.21,48.5
3/16/2017,48.47,48.74,48.34,48.45
3/17/2017,47.91,48.65,47.82,48.64
3/20/2017,47.21,47.76,47.2,47.68
3/21/2017,46.42,47.49,46.11,47.48
3/22/2017,46.16,46.32,45.72,46.19
3/23/2017,46.28,46.685,45.93,46.12
3/24/2017,46.25,46.6,45.93,46.41
3/27/2017,46.25,46.3,45.12,45.29
3/28/2017,47,47.33,46.06,46.09
3/29/2017,46.72,47.035,46.675,47
3/30/2017,47.53,47.65,46.63,46.8
3/31/2017,47.23,47.61,47.2,47.32
4/3/2017,47.13,47.39,46.3,47.23
4/4/2017,46.97,47.32,46.79,46.98
4/5/2017,47,47.95,46.96,47.31
4/6/2017,47.31,47.49,46.67,46.96
4/7/2017,47.15,47.47,46.85,46.94
4/10/2017,47.06,47.4,46.84,47.15
4/11/2017,47.26,47.26,46.6,46.81
4/12/2017,46.89,47.17,46.66,47.04
4/13/2017,46.42,47.16,46.37,46.83
4/17/2017,47.05,47.12,46.292,46.66
4/18/2017,46.89,47.08,46.5,46.82
4/19/2017,46.86,47.365,46.62,47.27
4/20/2017,46.65,47.5,45.885,47.27
4/21/2017,46.75,47.255,46.625,46.73
4/24/2017,47.55,48.02,47.51,47.75
4/25/2017,47.23,48.07,47.17,47.86
4/26/2017,47.15,47.645,47.07,47.25
4/27/2017,47.22,47.45,46.88,47.25
4/28/2017,47.06,47.49,46.95,47.06
5/1/2017,47.18,47.59,46.985,47.25
5/2/2017,47.12,47.32,46.8,47.24
5/3/2017,47.4,47.455,46.79,46.88
5/4/2017,47.61,47.84,47.34,47.8
5/5/2017,47.65,47.77,47.41,47.68
5/8/2017,47.68,47.925,47.54,47.74
5/9/2017,47.12,47.833,46.9,47.7
5/10/2017,47.16,47.18,46.9,47.04
5/11/2017,46.93,47.16,46.58,46.9
5/12/2017,46.76,46.78,46.34,46.64
5/15/2017,47.11,47.21,46.84,46.84
5/16/2017,47.18,47.3,46.94,47.17
5/17/2017,46.29,46.79,46.055,46.42
5/18/2017,46.2,46.66,46.17,46.24
5/19/2017,46.54,46.78,46.28,46.41
5/22/2017,46.8,46.87,46.49,46.76
5/23/2017,47.03,47.22,46.61,46.79
5/24/2017,46.96,47.2,46.715,47.18
5/25/2017,47.38,47.52,47.04,47.14
5/26/2017,47.41,47.59,47.1,47.16
5/30/2017,47.1,47.28,46.835,47.22
5/31/2017,47.12,47.28,46.595,47.1
6/1/2017,47.42,47.46,46.91,47.21
6/2/2017,47.51,47.7,47.07,47.11
6/5/2017,47.54,47.955,47.5,47.6
6/6/2017,47.23,47.36,46.77,47.13
6/7/2017,47.9,48,47.21,47.32
6/8/2017,48.39,48.69,47.88,47.91
6/9/2017,49.4,49.46,48.5,48.67
6/12/2017,49.1,49.66,48.97,49.26
6/13/2017,49.57,49.75,49.261,49.35
6/14/2017,49.77,49.85,49,49.13
6/15/2017,49.78,49.92,49.45,49.5
6/16/2017,49.89,49.94,49.63,49.82
6/19/2017,50.28,50.39,49.92,50
6/20/2017,49.86,50.32,49.86,50.14
6/21/2017,49.59,50,49.54,50
6/22/2017,49.55,49.74,49.29,49.5
6/23/2017,49.17,49.71,49.01,49.71
6/26/2017,49.55,49.64,49.18,49.35
6/27/2017,49.68,50.01,49.63,49.83
6/28/2017,50.6,50.77,49.96,49.99
6/29/2017,51.01,51.59,50.55,51.54
6/30/2017,51.02,51.43,50.84,51.43
7/3/2017,51.83,52.065,51.26,51.31
7/5/2017,52.27,52.34,51.62,52.03
7/6/2017,51.23,52.23,51.2,52.2
7/7/2017,51.75,51.85,51.23,51.42
7/10/2017,51.88,52.08,51.61,51.67
7/11/2017,51.47,51.95,51.45,51.88
7/12/2017,51.45,51.46,51.14,51.21
7/13/2017,52.06,52.08,51.43,51.55
7/14/2017,52.36,52.5,51.6,51.69
7/17/2017,53.35,53.535,52.385,52.88
7/18/2017,53.53,53.54,52.82,52.91
7/19/2017,53.06,53.62,52.62,53.3
7/20/2017,53.91,54.59,53.26,53.56
7/21/2017,53.36,54.03,53.22,53.75
7/24/2017,53.47,53.59,53.29,53.35
7/25/2017,53.73,54.41,53.67,54.19
7/26/2017,53.39,54.07,53.235,53.73
7/27/2017,52.86,53.47,52.385,53.38
7/28/2017,52.66,52.96,52.345,52.72
7/31/2017,53.03,53.18,52.86,52.9
8/1/2017,53.71,53.83,53.16,53.35
8/2/2017,53.91,53.93,53.56,53.62
8/3/2017,53.82,53.95,53.67,53.82
8/4/2017,54.02,54.285,53.87,53.94
8/7/2017,53.71,54.03,53.6,54.02
8/8/2017,53.79,54.09,53.57,53.61
8/9/2017,54.04,54.095,53.48,53.58
8/10/2017,51.95,53.7,51.91,53.53
8/11/2017,52.19,52.68,52.04,52.05
8/14/2017,52.83,53.135,52.66,52.7
8/15/2017,53.15,53.54,52.955,53.3
8/16/2017,52.88,53.43,52.675,53.38
8/17/2017,51.8,52.79,51.77,52.69
8/18/2017,52.1,52.475,51.41,51.56
8/21/2017,52.19,52.365,51.895,52.04
8/22/2017,52.66,52.79,52.28,52.28
8/23/2017,52.77,53.097,52.25,52.26
8/24/2017,52.79,52.97,52.53,52.85
8/25/2017,52.65,53.23,52.6,52.89
8/28/2017,52.27,52.8,52.08,52.78
8/29/2017,52.09,52.22,51.535,51.77
8/30/2017,52.36,52.52,52.04,52.1
8/31/2017,52.28,52.61,52.025,52.51
9/1/2017,52.33,52.688,52.226,52.45
9/5/2017,51.2,52.005,50.955,51.98
9/6/2017,51.27,51.49,50.96,51.49
9/7/2017,50.28,51.355,50.15,51.26
9/8/2017,50.43,50.93,50.15,50.33
9/11/2017,51.53,51.56,50.91,50.92
9/12/2017,51.99,52.04,51.595,51.7
9/13/2017,51.59,51.99,50.95,51.79
9/14/2017,51.13,51.62,51.005,51.55
9/15/2017,51.56,51.67,50.99,51.1
9/18/2017,51.7,51.93,51.54,51.68
9/19/2017,52.04,52.125,51.61,51.72
9/20/2017,52.4,52.53,51.565,52.16
9/21/2017,52.42,52.66,52.041,52.44
9/22/2017,52.37,52.455,51.9,52.2
9/25/2017,52.2,52.47,51.74,52.24
9/26/2017,52.12,52.4,52.05,52.37
9/27/2017,52.76,52.96,52.47,52.96
9/28/2017,53.01,53.02,52.53,52.75
9/29/2017,53.02,53.315,52.8,53.02
10/2/2017,53.65,53.665,52.86,52.91
10/3/2017,53.8,53.96,53.45,53.96
10/4/2017,53.8,54.07,53.59,53.65
10/5/2017,54.43,54.565,53.73,53.8
10/6/2017,54.47,54.81,54.04,54.62
10/9/2017,54.33,54.64,54.15,54.55
10/10/2017,54.66,54.73,54.28,54.37
10/11/2017,54.88,54.94,54.35,54.62
10/12/2017,54.74,55.29,54.66,54.95
10/13/2017,54.67,55.093,54.33,54.57
10/16/2017,54.71,54.965,54.47,54.78
10/17/2017,53.96,54.76,53.76,54.76
10/18/2017,54.46,54.64,54.095,54.23
10/19/2017,52.85,54.14,52.24,54.01
10/20/2017,53.12,53.84,52.93,53.49
10/23/2017,52.51,53.12,52.29,53.09
10/24/2017,52.88,53.05,52.705,52.73
10/25/2017,51.76,53.11,51.37,53.01
10/26/2017,52.22,52.58,51.83,52.04
10/27/2017,52.14,52.3,51.648,52.07
10/30/2017,51.65,52.055,51.6,51.75
10/31/2017,51.45,51.9,51.39,51.54
11/1/2017,51.65,52.078,51.56,51.67
11/2/2017,51.4,51.86,51.145,51.43
11/3/2017,51.33,51.5,51.05,51.3
11/6/2017,51.35,51.48,51.2,51.26
11/7/2017,51.07,51.72,50.97,51.5
11/8/2017,51.22,51.42,50.89,51.07
11/9/2017,50.82,51.24,50.59,50.85
11/10/2017,50.93,51.01,50.53,50.89
11/13/2017,51.02,51.07,50.57,50.6
11/14/2017,51.85,51.98,50.64,50.67
11/15/2017,51.94,52.17,51.2,51.38
11/16/2017,52.23,52.71,52.1,52.11
11/17/2017,52.47,52.8,51.92,52
11/20/2017,52.52,52.77,52.37,52.63
11/21/2017,52.42,52.64,52.03,52.64
11/22/2017,52.43,52.59,52.31,52.41
11/24/2017,52.23,52.55,52.19,52.51
11/27/2017,52.18,52.57,52.035,52.37
11/28/2017,53.13,53.27,52.15,52.31
11/29/2017,54.41,54.66,53.44,53.58
11/30/2017,54.74,55.28,54.43,54.72
12/1/2017,54.45,55.16,53.675,54.92
12/4/2017,54.97,55.4,54.83,55.21
12/5/2017,54.43,55.2,54.34,55.2
12/6/2017,54.02,54.38,53.82,54.34
12/7/2017,54.22,54.405,53.76,53.8
12/8/2017,54.67,54.75,54.28,54.62
12/11/2017,54.54,54.85,54.37,54.69
12/12/2017,54.97,55.23,54.57,54.67
12/13/2017,54.38,55.2,54.36,54.99
12/14/2017,54.02,54.64,53.96,54.57
12/15/2017,54.2,54.635,53.91,54.29
12/18/2017,54.42,55,54.36,54.8
12/19/2017,54.2,55,54.17,54.94
12/20/2017,53.95,54.795,53.82,54.73
12/21/2017,54.36,54.7,54.17,54.29
12/22/2017,54,54.62,53.82,54.48
12/26/2017,53.81,54.38,53.715,54.1
12/27/2017,53.84,53.938,53.715,53.9
12/28/2017,54.12,54.26,53.84,54.01
12/29/2017,53.86,54.42,53.85,54.39
1/2/2018,53.82,54.4,53.68,54.27
1/3/2018,54.15,54.25,53.66,53.92
1/4/2018,54.69,55.05,54.26,54.37
1/5/2018,54.83,54.92,54.43,54.85
1/8/2018,55.06,55.26,54.75,54.87
1/9/2018,55.56,55.78,55.08,55.12
1/10/2018,57.3,57.39,55.75,55.95
1/11/2018,57.83,57.86,57.24,57.58
1/12/2018,58.42,58.68,57.97,58.16
1/16/2018,57.54,58.99,57.36,58.68
1/17/2018,57.89,58.19,57.11,57.8
1/18/2018,55.35,55.84,54.67,55.41
1/19/2018,56.61,57,55.45,55.56
1/22/2018,57.72,57.81,56.47,56.6
1/23/2018,57.72,57.96,57.18,57.48
1/24/2018,57.77,58.33,57.37,57.86
1/25/2018,56.85,57.89,56.71,57.75
1/26/2018,57.78,57.78,56.67,56.86
1/29/2018,57.52,57.94,57.26,57.39
1/30/2018,56.7,57.61,56.7,57.16
1/31/2018,56.7,57.155,56.38,56.69
2/1/2018,57.5,57.55,56.38,56.68
2/2/2018,56.33,57.775,56.22,57.12
2/5/2018,54.38,56.72,54.27,55.76
2/6/2018,55.49,55.65,52.68,53.32
2/7/2018,55.34,56.205,55.21,55.22
2/8/2018,53.29,55.64,53.24,55.3
2/9/2018,54.08,54.46,52.11,53.98
2/12/2018,54.61,55.17,53.9,54.51
2/13/2018,54.81,55,54.12,54.36
2/14/2018,55.98,56.055,54.53,54.53
2/15/2018,56.16,56.68,55.67,56.5
2/16/2018,56.25,56.6,55.9,55.98
2/20/2018,56.42,56.825,56.05,56.2
2/21/2018,56.45,57.36,56.29,56.47
2/22/2018,55.9,57.41,55.8,56.74
2/23/2018,56.9,56.93,56.14,56.19
2/26/2018,58.18,58.22,56.88,57.22
2/27/2018,57.99,58.67,57.97,58.2
2/28/2018,57.03,58.3,56.99,58.06
3/1/2018,55.51,57.19,55.12,57.04
3/2/2018,55.37,55.47,54.11,55.19
3/5/2018,56.41,56.68,54.805,54.98
3/6/2018,56.87,57.16,56.3,56.83
3/7/2018,56.9,57.1,56.07,56.39
3/8/2018,55.69,57.56,55.14,57.4
3/9/2018,57.23,57.45,55.73,55.94
3/12/2018,56.44,57.41,56.31,57.26
3/13/2018,55.96,56.83,55.815,56.69
3/14/2018,54.87,56.26,54.54,56.25
3/15/2018,54.85,55.09,54.51,55.01
3/16/2018,55,55.5,54.87,55.01
3/19/2018,54.34,55.26,53.77,55.02
3/20/2018,54.43,54.77,54.19,54.47
3/21/2018,54.61,55.37,54.41,54.5
3/22/2018,52.02,54.06,51.85,54
3/23/2018,50.73,52.41,50.61,52.12
3/26/2018,52.14,52.29,50.865,51.49
3/27/2018,50.72,52.27,50.14,52.12
3/28/2018,50.61,51.38,50.11,50.81
3/29/2018,51.53,52,50.86,50.91
4/2/2018,50.15,51.57,49.39,51.26
4/3/2018,50.99,51.08,49.95,50.52
4/4/2018,51.48,51.59,49.9,50.06
4/5/2018,51.73,52.14,51.485,51.76
4/6/2018,50.35,51.535,49.82,51.19
4/9/2018,50.52,51.755,50.46,50.75
4/10/2018,51.38,51.78,51.01,51.39
4/11/2018,50.95,51.36,50.65,50.86
4/12/2018,52.01,52.26,51.335,51.38
4/13/2018,51.57,52.54,51.25,52.42
4/16/2018,51.99,52.285,51.765,51.9
4/17/2018,52.19,52.83,52.14,52.43
4/18/2018,52.26,53.01,52.07,52.44
4/19/2018,55.24,55.25,53.5,53.72
4/20/2018,55.42,55.92,54.475,55.42
4/23/2018,55.73,56.33,55.34,55.34
4/24/2018,55.39,56.625,54.97,56.05
4/25/2018,55.4,55.83,54.76,55.21
4/26/2018,55.44,55.8,55.005,55.4
4/27/2018,55.32,55.65,54.945,55.42
4/30/2018,54.51,55.54,54.5,55.2
5/1/2018,54.19,54.508,53.453,54.39
5/2/2018,53.99,54.445,53.37,54
5/3/2018,53.85,54.22,52.66,53.61
5/4/2018,54.49,54.85,53.19,53.34
5/7/2018,55.59,55.66,54.41,54.59
5/8/2018,56.08,56.425,55.5,55.54
5/9/2018,56.86,56.865,55.945,56.19
5/10/2018,57.27,57.32,56.64,56.85
5/11/2018,57.18,57.52,57.02,57.24
5/14/2018,57.3,57.62,57.08,57.42
5/15/2018,56.89,57.35,56.54,57.05
5/16/2018,57.06,57.26,56.6,56.8
5/17/2018,57.28,57.74,56.67,57.01
5/18/2018,56.96,57.24,56.8,57.14
5/21/2018,57.72,57.821,57.17,57.4
5/22/2018,57.59,58.08,57.56,57.75
5/23/2018,57.45,57.46,56.525,57.12
5/24/2018,57.24,57.63,56.63,57.33
5/25/2018,57,57.22,56.61,56.97
5/29/2018,55.19,56.485,54.785,56.27
5/30/2018,55.4,56.18,54.95,55.82
5/31/2018,54.75,55.27,54.38,55.18
6/1/2018,55.35,56,55.205,55.45
6/4/2018,55.77,55.88,55.23,55.58
6/5/2018,55.59,55.93,55.17,55.43
6/6/2018,56.57,56.57,55.795,55.8
6/7/2018,57.65,58.22,57.22,57.72
6/8/2018,57.56,57.88,56.9,57.43
6/11/2018,57.7,58.015,57.41,57.64
6/12/2018,57.67,57.94,57.31,57.84
6/13/2018,57.32,57.935,57.05,57.67
6/14/2018,56.8,57.4,56.56,57.32
6/15/2018,56.93,57.09,56.09,56.65
6/18/2018,57.24,57.26,56.29,56.6
6/19/2018,57.34,57.49,56.51,56.6
6/20/2018,57.37,57.87,57.37,57.7
6/21/2018,57.15,57.54,56.58,57.21
6/22/2018,56.75,57.72,56.685,57.56
6/25/2018,55.67,56.74,55.2,56.66
6/26/2018,55.18,55.6,54.83,55.54
6/27/2018,54.2,55.57,54.135,55.19
6/28/2018,54.3,54.58,53.685,54.37
6/29/2018,53.93,55.13,53.9,54.86
7/2/2018,54.09,54.09,53.281,53.47
7/3/2018,53.19,54.64,53.055,54.32
7/5/2018,53.2,53.7,53.05,53.55
7/6/2018,53.2,53.55,52.85,53.03
7/9/2018,54.11,54.16,53.48,53.48
7/10/2018,54.03,54.4,53.82,54.21
7/11/2018,53.39,53.89,53.245,53.69
7/12/2018,53.5,53.684,52.97,53.5
7/13/2018,53.03,53.64,52.74,53.34
7/16/2018,53.7,53.78,52.95,53.12
7/17/2018,54.05,54.16,53.47,53.47
7/18/2018,55.64,55.695,54.24,54.24
7/19/2018,52.73,54.5,52.1,54.35
7/20/2018,52.46,53.04,52.385,52.71
7/23/2018,53.25,53.355,52.32,52.46
7/24/2018,54.19,54.47,53.43,53.51
7/25/2018,53.3,54.25,53.28,54.25
7/26/2018,53.4,53.8,53.26,53.3
7/27/2018,53.41,53.81,53.31,53.46
7/30/2018,53.46,53.78,53.18,53.21
7/31/2018,53.47,53.81,53.21,53.8
8/1/2018,53.28,54.15,52.95,53.6
8/2/2018,52.63,53.01,52.32,52.94
8/3/2018,52.77,52.91,52.47,52.65
8/6/2018,53.03,53.395,52.65,52.78
8/7/2018,52.94,53.55,52.925,53.15
8/8/2018,53.14,53.31,52.88,53.04
8/9/2018,52.29,53.18,52.27,53.09
8/10/2018,51.02,51.67,50.56,51.63
8/13/2018,50.14,51.1,50.12,51.1
8/14/2018,50.97,51.14,50.31,50.31
8/15/2018,50.96,51.175,50.57,50.58
8/16/2018,51.52,51.76,51.11,51.12
8/17/2018,51.69,51.744,51.29,51.4
8/20/2018,51.94,51.98,51.74,51.75
8/21/2018,52.54,52.81,51.64,51.74
8/22/2018,52.5,52.74,52.18,52.44
8/23/2018,52.33,52.46,52.17,52.43
8/24/2018,52.56,52.72,52.39,52.54
8/27/2018,52.98,53.44,52.76,52.84
8/28/2018,52.89,53.13,52.82,53.05
8/29/2018,52.5,52.91,52.3,52.9
8/30/2018,52.23,52.52,52.12,52.36
8/31/2018,52.15,52.18,51.7,52.03
9/4/2018,52.4,52.69,51.9,52.16
9/5/2018,52.25,52.879,52.14,52.41
9/6/2018,52.19,52.345,51.84,52.22
9/7/2018,52.18,52.46,51.86,52.32
9/10/2018,52.03,52.45,51.94,52.23
9/11/2018,52.24,52.49,51.69,51.88
9/12/2018,52.01,52.29,51.9,52.2
9/13/2018,51.22,52.09,50.98,52.04
9/14/2018,51.65,51.75,51.37,51.4
9/17/2018,51.22,51.69,50.975,51.68
9/18/2018,51.45,51.57,51.11,51.4
9/19/2018,52.43,52.855,51.47,51.53
9/20/2018,53.33,53.38,52.69,52.76
9/21/2018,53.39,53.51,53.03,53.38
9/24/2018,52.37,53.36,52.223,53.36
9/25/2018,52.31,52.65,52.205,52.49
9/26/2018,51.92,52.64,51.79,52.5
9/27/2018,51.54,52.07,51.32,51.94
9/28/2018,50.99,51.52,50.9,51.18
10/1/2018,51.9,51.93,50.93,51.15
10/2/2018,51.75,52.06,51.235,51.8
10/3/2018,52.18,52.52,51.895,52.07
10/4/2018,52.68,52.92,52.09,52.26
10/5/2018,52.59,53.14,52.42,52.83
10/8/2018,52.78,52.85,52.3,52.41
10/9/2018,52.23,52.52,51.965,52.45
10/10/2018,50.72,52.48,50.7,52.38
10/11/2018,49.19,50.93,49.13,50.42
10/12/2018,49.1,50.51,48.25,50.51
10/15/2018,48.45,49.15,48.45,48.96
10/16/2018,49.35,49.36,48.33,48.74
10/17/2018,49.15,49.45,48.12,48.58
10/18/2018,47.79,48.31,47.053,47.56
10/19/2018,47.4,47.62,46.37,47.09
10/22/2018,46.47,47.65,46.46,47.44
10/23/2018,46.28,46.59,45.16,45.56
10/24/2018,45.33,46.38,45.2,46.24
10/25/2018,46.15,46.68,45.585,45.76
10/26/2018,45.47,46.03,45.305,45.71
10/29/2018,45.77,46.36,45.17,45.82
10/30/2018,46.92,46.975,45.925,46.1
10/31/2018,47.33,47.88,47.11,47.22
11/1/2018,47.52,47.82,47.22,47.61
11/2/2018,47.21,48.29,46.89,48
11/5/2018,47.97,48.11,47.37,47.37
11/6/2018,48.32,48.36,47.68,47.96
11/7/2018,48.77,48.87,47.75,48.5
11/8/2018,49.03,49.24,48.44,48.53
11/9/2018,48.5,48.9,48.21,48.82
11/12/2018,47.98,48.49,47.88,48.33
11/13/2018,48.2,48.74,48.05,48.17
11/14/2018,48.23,49.02,47.605,48.54
11/15/2018,49.22,49.24,47.455,47.75
11/16/2018,49.39,49.61,48.9,49
11/19/2018,50.12,50.325,49.19,49.34
11/20/2018,49.38,49.89,48.97,49.78
11/21/2018,49.96,50.465,49.45,49.62
11/23/2018,49.86,50.24,49.32,49.6
11/26/2018,50.93,51.41,50.38,50.44
11/27/2018,51.37,51.38,50.55,50.66
11/28/2018,51.61,51.67,50.34,51.54
11/29/2018,50.68,51.44,50.55,50.94
11/30/2018,51.31,51.39,50.6,50.6
12/3/2018,50.64,51.98,50.34,51.8
12/4/2018,48.7,50.79,48.42,50.53
12/6/2018,47.84,48,46.67,47.8
12/7/2018,47.71,48.58,47.39,47.8
12/10/2018,47.56,47.695,46.575,47.45
12/11/2018,47.67,49,47.59,48.39
12/12/2018,48.06,48.95,47.63,48.2
12/13/2018,48.09,48.69,47.72,48.13
12/14/2018,48.67,49,47.58,47.59
12/17/2018,48.98,49.89,48.14,48.39
12/18/2018,46.73,49.45,46.69,49.2
12/19/2018,45.5,47.21,45.265,46.64
12/20/2018,45.01,46.405,44.97,45.12
12/21/2018,44.64,45.89,44.12,44.58
12/24/2018,44.49,45.52,44.22,44.26
12/26/2018,46.16,46.16,43.67,44.65
12/27/2018,46.82,46.82,45.405,45.405
12/28/2018,46.65,47.26,46.35,47.1
12/31/2018,47.07,47.545,46.64,46.89
1/2/2019,47.5,47.55,46.41,46.55
