Date,SP500
1/4/2010,113.33
1/5/2010,113.63
1/6/2010,113.71
1/7/2010,114.19
1/8/2010,114.57
1/11/2010,114.73
1/12/2010,113.66
1/13/2010,114.62
1/14/2010,114.93
1/15/2010,113.64
1/19/2010,115.06
1/20/2010,113.89
1/21/2010,111.7
1/22/2010,109.21
1/25/2010,109.77
1/26/2010,109.31
1/27/2010,109.83
1/28/2010,108.57
1/29/2010,107.39
2/1/2010,109.06
2/2/2010,110.38
2/3/2010,109.83
2/4/2010,106.44
2/5/2010,106.66
2/8/2010,105.89
2/9/2010,107.22
2/10/2010,107.01
2/11/2010,108.13
2/12/2010,108.04
2/16/2010,109.74
2/17/2010,110.26
2/18/2010,110.91
2/19/2010,111.14
2/22/2010,111.16
2/23/2010,109.81
2/24/2010,110.82
2/25/2010,110.67
2/26/2010,110.74
3/1/2010,111.89
3/2/2010,112.2
3/3/2010,112.3
3/4/2010,112.641
3/5/2010,114.25
3/8/2010,114.27
3/9/2010,114.46
3/10/2010,114.97
3/11/2010,115.45
3/12/2010,115.46
3/15/2010,115.49
3/16/2010,116.41
3/17/2010,117.1
3/18/2010,117.037
3/19/2010,115.97
3/22/2010,116.592
3/23/2010,117.41
3/24/2010,116.84
3/25/2010,116.65
3/26/2010,116.582
3/29/2010,117.32
3/30/2010,117.4
3/31/2010,117
4/1/2010,117.8
4/5/2010,118.76
4/6/2010,119.04
4/7/2010,118.36
4/8/2010,118.772
4/9/2010,119.55
4/12/2010,119.74
4/13/2010,119.83
4/14/2010,121.19
4/15/2010,121.29
4/16/2010,119.36
4/19/2010,119.81
4/20/2010,120.88
4/21/2010,120.66
4/22/2010,121.02
4/23/2010,121.812
4/26/2010,121.35
4/27/2010,118.48
4/28/2010,119.38
4/29/2010,120.857
4/30/2010,118.812
5/3/2010,120.35
5/4/2010,117.52
5/5/2010,116.82
5/6/2010,112.942
5/7/2010,111.26
5/10/2010,116.16
5/11/2010,115.83
5/12/2010,117.45
5/13/2010,115.99
5/14/2010,113.89
5/17/2010,113.95
5/18/2010,112.4
5/19/2010,111.76
5/20/2010,107.54
5/21/2010,109.115
5/24/2010,107.71
5/25/2010,107.818
5/26/2010,107.17
5/27/2010,110.76
5/28/2010,109.369
6/1/2010,107.53
6/2/2010,110.33
6/3/2010,110.71
6/4/2010,106.82
6/7/2010,105.49
6/8/2010,106.62
6/9/2010,106.05
6/10/2010,109.15
6/11/2010,109.68
6/14/2010,109.509
6/15/2010,112
6/16/2010,111.96
6/17/2010,112.14
6/18/2010,111.729
6/21/2010,111.41
6/22/2010,109.57
6/23/2010,109.23
6/24/2010,107.42
6/25/2010,107.867
6/28/2010,107.53
6/29/2010,104.21
6/30/2010,103.22
7/1/2010,102.76
7/2/2010,102.2
7/6/2010,102.87
7/7/2010,106.107
7/8/2010,107.16
7/9/2010,107.96
7/12/2010,108.03
7/13/2010,109.66
7/14/2010,109.651
7/15/2010,109.68
7/16/2010,106.66
7/19/2010,107.29
7/20/2010,108.48
7/21/2010,107.07
7/22/2010,109.461
7/23/2010,110.41
7/26/2010,111.56
7/27/2010,111.55
7/28/2010,110.83
7/29/2010,110.29
7/30/2010,110.27
8/2/2010,112.76
8/3/2010,112.22
8/4/2010,112.97
8/5/2010,112.85
8/6/2010,112.392
8/9/2010,112.992
8/10/2010,112.375
8/11/2010,109.3
8/12/2010,108.63
8/13/2010,108.31
8/16/2010,108.26
8/17/2010,109.59
8/18/2010,109.79
8/19/2010,107.88
8/20/2010,107.53
8/23/2010,107.123
8/24/2010,105.53
8/25/2010,105.94
8/26/2010,105.23
8/27/2010,106.86
8/30/2010,105.311
8/31/2010,105.31
9/1/2010,108.46
9/2/2010,109.47
9/3/2010,110.89
9/7/2010,109.64
9/8/2010,110.41
9/9/2010,110.92
9/10/2010,111.482
9/13/2010,112.72
9/14/2010,112.65
9/15/2010,113.08
9/16/2010,113.05
9/17/2010,112.49
9/20/2010,114.21
9/21/2010,113.98
9/22/2010,113.42
9/23/2010,112.497
9/24/2010,114.82
9/27/2010,114.27
9/28/2010,114.67
9/29/2010,114.47
9/30/2010,114.13
10/1/2010,114.61
10/4/2010,113.75
10/5/2010,116.04
10/6/2010,116.03
10/7/2010,115.89
10/8/2010,116.537
10/11/2010,116.65
10/12/2010,117.01
10/13/2010,117.92
10/14/2010,117.46
10/15/2010,117.7
10/18/2010,118.28
10/19/2010,116.73
10/20/2010,117.87
10/21/2010,118.13
10/22/2010,118.347
10/25/2010,118.7
10/26/2010,118.72
10/27/2010,118.38
10/28/2010,118.4
10/29/2010,118.49
11/1/2010,118.53
11/2/2010,119.475
11/3/2010,119.95
11/4/2010,122.26
11/5/2010,122.725
11/8/2010,122.49
11/9/2010,121.61
11/10/2010,122.1
11/11/2010,121.635
11/12/2010,120.198
11/15/2010,120.03
11/16/2010,118.16
11/17/2010,118.217
11/18/2010,119.957
11/19/2010,120.29
11/22/2010,120.19
11/23/2010,118.447
11/24/2010,120.2
11/26/2010,118.8
11/29/2010,119.162
11/30/2010,118.492
12/1/2010,121.01
12/2/2010,122.56
12/3/2010,122.89
12/6/2010,122.76
12/7/2010,122.83
12/8/2010,123.28
12/9/2010,123.76
12/10/2010,124.48
12/13/2010,124.56
12/14/2010,124.67
12/15/2010,124.098
12/16/2010,124.82
12/17/2010,124.3
12/20/2010,124.6
12/21/2010,125.39
12/22/2010,125.78
12/23/2010,125.6
12/27/2010,125.65
12/28/2010,125.83
12/29/2010,125.92
12/30/2010,125.72
12/31/2010,125.75
1/3/2011,127.05
1/4/2011,126.98
1/5/2011,127.64
1/6/2011,127.39
1/7/2011,127.14
1/10/2011,126.98
1/11/2011,127.43
1/12/2011,128.58
1/13/2011,128.367
1/14/2011,129.3
1/18/2011,129.52
1/19/2011,128.25
1/20/2011,128.08
1/21/2011,128.37
1/24/2011,129.1
1/25/2011,129.169
1/26/2011,129.669
1/27/2011,129.99
1/28/2011,127.72
1/31/2011,128.68
2/1/2011,130.74
2/2/2011,130.485
2/3/2011,130.78
2/4/2011,131.15
2/7/2011,131.97
2/8/2011,132.57
2/9/2011,132.269
2/10/2011,132.321
2/11/2011,133.11
2/14/2011,133.43
2/15/2011,133.01
2/16/2011,133.85
2/17/2011,134.25
2/18/2011,134.53
2/22/2011,131.83
2/23/2011,131.02
2/24/2011,130.93
2/25/2011,132.33
2/28/2011,133.15
3/1/2011,130.93
3/2/2011,131.21
3/3/2011,133.47
3/4/2011,132.47
3/7/2011,131.43
3/8/2011,132.58
3/9/2011,132.39
3/10/2011,129.937
3/11/2011,130.84
3/14/2011,130.05
3/15/2011,128.56
3/16/2011,126.175
3/17/2011,127.85
3/18/2011,127.76
3/21/2011,129.74
3/22/2011,129.289
3/23/2011,129.66
3/24/2011,130.9
3/25/2011,131.3
3/28/2011,130.979
3/29/2011,131.86
3/30/2011,132.77
3/31/2011,132.59
4/1/2011,133.15
4/4/2011,133.26
4/5/2011,133.24
4/6/2011,133.66
4/7/2011,133.32
4/8/2011,132.86
4/11/2011,132.46
4/12/2011,131.47
4/13/2011,131.46
4/14/2011,131.56
4/15/2011,132.04
4/18/2011,130.56
4/19/2011,131.31
4/20/2011,133.1
4/21/2011,133.78
4/25/2011,133.64
4/26/2011,134.791
4/27/2011,135.67
4/28/2011,136.11
4/29/2011,136.43
5/2/2011,136.22
5/3/2011,135.73
5/4/2011,134.83
5/5/2011,133.61
5/6/2011,134.2
5/9/2011,134.72
5/10/2011,135.87
5/11/2011,134.44
5/12/2011,135.08
5/13/2011,134.04
5/16/2011,133.19
5/17/2011,133.17
5/18/2011,134.36
5/19/2011,134.68
5/20/2011,133.61
5/23/2011,132.06
5/24/2011,131.95
5/25/2011,132.39
5/26/2011,133
5/27/2011,133.51
5/31/2011,134.9
6/1/2011,131.87
6/2/2011,131.73
6/3/2011,130.419
6/6/2011,129.044
6/7/2011,128.96
6/8/2011,128.419
6/9/2011,129.4
6/10/2011,127.6
6/13/2011,127.7
6/14/2011,129.32
6/15/2011,127.02
6/16/2011,127.3
6/17/2011,127.05
6/20/2011,127.7
6/21/2011,129.449
6/22/2011,128.669
6/23/2011,128.301
6/24/2011,126.81
6/27/2011,127.94
6/28/2011,129.61
6/29/2011,130.72
6/30/2011,131.97
7/1/2011,133.92
7/5/2011,133.81
7/6/2011,133.97
7/7/2011,135.36
7/8/2011,134.4
7/11/2011,131.97
7/12/2011,131.4
7/13/2011,131.84
7/14/2011,130.93
7/15/2011,131.69
7/18/2011,130.61
7/19/2011,132.73
7/20/2011,132.65
7/21/2011,134.49
7/22/2011,134.58
7/25/2011,133.83
7/26/2011,133.33
7/27/2011,130.6
7/28/2011,130.22
7/29/2011,129.33
8/1/2011,128.78
8/2/2011,125.49
8/3/2011,126.17
8/4/2011,120.26
8/5/2011,120.08
8/8/2011,112.26
8/9/2011,117.48
8/10/2011,112.29
8/11/2011,117.33
8/12/2011,118.12
8/15/2011,120.62
8/16/2011,119.59
8/17/2011,119.67
8/18/2011,114.51
8/19/2011,112.64
8/22/2011,112.73
8/23/2011,116.44
8/24/2011,118.08
8/25/2011,116.28
8/26/2011,117.97
8/29/2011,121.36
8/30/2011,121.68
8/31/2011,122.22
9/1/2011,120.94
9/2/2011,117.85
9/6/2011,116.99
9/7/2011,120.29
9/8/2011,119.04
9/9/2011,115.92
9/12/2011,116.67
9/13/2011,117.74
9/14/2011,119.37
9/15/2011,121.43
9/16/2011,121.521
9/19/2011,120.31
9/20/2011,120.17
9/21/2011,116.63
9/22/2011,112.86
9/23/2011,113.54
9/26/2011,116.24
9/27/2011,117.54
9/28/2011,115.145
9/29/2011,116.05
9/30/2011,113.15
10/3/2011,109.93
10/4/2011,112.34
10/5/2011,114.42
10/6/2011,116.49
10/7/2011,115.71
10/10/2011,119.58
10/11/2011,119.7
10/12/2011,120.75
10/13/2011,120.51
10/14/2011,122.57
10/17/2011,120.23
10/18/2011,122.58
10/19/2011,121.13
10/20/2011,121.66
10/21/2011,123.97
10/24/2011,125.49
10/25/2011,123.048
10/26/2011,124.3
10/27/2011,128.63
10/28/2011,128.6
10/31/2011,125.5
11/1/2011,122.002
11/2/2011,123.99
11/3/2011,126.25
11/4/2011,125.481
11/7/2011,126.26
11/8/2011,127.88
11/9/2011,123.161
11/10/2011,124.32
11/11/2011,126.66
11/14/2011,125.46
11/15/2011,126.083
11/16/2011,124.08
11/17/2011,122.105
11/18/2011,121.979
11/21/2011,119.661
11/22/2011,119.19
11/23/2011,116.56
11/25/2011,116.34
11/28/2011,119.71
11/29/2011,120.05
11/30/2011,124.99
12/1/2011,124.97
12/2/2011,124.86
12/5/2011,126.22
12/6/2011,126.26
12/7/2011,126.73
12/8/2011,123.95
12/9/2011,126.05
12/12/2011,124.21
12/13/2011,123.05
12/14/2011,121.74
12/15/2011,122.185
12/16/2011,121.59
12/19/2011,120.29
12/20/2011,123.93
12/21/2011,124.17
12/22/2011,125.27
12/23/2011,126.39
12/27/2011,126.49
12/28/2011,124.83
12/29/2011,126.12
12/30/2011,125.5
1/3/2012,127.495
1/4/2012,127.7
1/5/2012,128.039
1/6/2012,127.71
1/9/2012,128.02
1/10/2012,129.13
1/11/2012,129.199
1/12/2012,129.509
1/13/2012,128.84
1/17/2012,129.34
1/18/2012,130.77
1/19/2012,131.46
1/20/2012,131.54
1/23/2012,131.61
1/24/2012,131.46
1/25/2012,132.56
1/26/2012,131.88
1/27/2012,131.82
1/30/2012,131.37
1/31/2012,131.32
2/1/2012,132.47
2/2/2012,132.68
2/3/2012,134.54
2/6/2012,134.45
2/7/2012,134.79
2/8/2012,135.19
2/9/2012,135.36
2/10/2012,134.361
2/13/2012,135.36
2/14/2012,135.19
2/15/2012,134.56
2/16/2012,136.049
2/17/2012,136.41
2/21/2012,136.47
2/22/2012,136.032
2/23/2012,136.631
2/24/2012,136.93
2/27/2012,137.16
2/28/2012,137.559
2/29/2012,137.02
3/1/2012,137.73
3/2/2012,137.312
3/5/2012,136.75
3/6/2012,134.75
3/7/2012,135.69
3/8/2012,137.04
3/9/2012,137.57
3/12/2012,137.58
3/13/2012,140.062
3/14/2012,139.91
3/15/2012,140.72
3/16/2012,140.3
3/19/2012,140.85
3/20/2012,140.44
3/21/2012,140.21
3/22/2012,139.2
3/23/2012,139.65
3/26/2012,141.61
3/27/2012,141.17
3/28/2012,140.47
3/29/2012,140.23
3/30/2012,140.81
4/2/2012,141.84
4/3/2012,141.26
4/4/2012,139.86
4/5/2012,139.79
4/9/2012,138.22
4/10/2012,135.9
4/11/2012,137
4/12/2012,138.79
4/13/2012,137.14
4/16/2012,137.05
4/17/2012,139.082
4/18/2012,138.61
4/19/2012,137.72
4/20/2012,137.95
4/23/2012,136.79
4/24/2012,137.31
4/25/2012,139.19
4/26/2012,140.16
4/27/2012,140.39
4/30/2012,139.87
5/1/2012,140.74
5/2/2012,140.325
5/3/2012,139.25
5/4/2012,137
5/7/2012,137.1
5/8/2012,136.55
5/9/2012,135.74
5/10/2012,136.02
5/11/2012,135.61
5/14/2012,134.11
5/15/2012,133.34
5/16/2012,132.829
5/17/2012,130.86
5/18/2012,129.74
5/21/2012,131.97
5/22/2012,132.2
5/23/2012,132.27
5/24/2012,132.53
5/25/2012,132.1
5/29/2012,133.7
5/30/2012,131.76
5/31/2012,131.47
6/1/2012,128.16
6/4/2012,128.1
6/5/2012,129.07
6/6/2012,131.97
6/7/2012,132.05
6/8/2012,133.1
6/11/2012,131.415
6/12/2012,132.92
6/13/2012,132.07
6/14/2012,133.47
6/15/2012,134.14
6/18/2012,134.4
6/19/2012,135.7
6/20/2012,135.48
6/21/2012,132.44
6/22/2012,133.46
6/25/2012,131.32
6/26/2012,131.98
6/27/2012,133.173
6/28/2012,132.79
6/29/2012,136.105
7/2/2012,136.51
7/3/2012,137.412
7/5/2012,136.79
7/6/2012,135.49
7/9/2012,135.32
7/10/2012,134.14
7/11/2012,134.16
7/12/2012,133.51
7/13/2012,135.75
7/16/2012,135.43
7/17/2012,136.36
7/18/2012,137.37
7/19/2012,137.73
7/20/2012,136.47
7/23/2012,135.09
7/24/2012,133.925
7/25/2012,133.96
7/26/2012,136.17
7/27/2012,138.675
7/30/2012,138.68
7/31/2012,137.71
8/1/2012,137.59
8/2/2012,136.64
8/3/2012,139.349
8/6/2012,139.62
8/7/2012,140.32
8/8/2012,140.49
8/9/2012,140.61
8/10/2012,140.84
8/13/2012,140.77
8/14/2012,140.79
8/15/2012,140.95
8/16/2012,141.99
8/17/2012,142.18
8/20/2012,142.19
8/21/2012,141.76
8/22/2012,141.82
8/23/2012,140.665
8/24/2012,141.51
8/27/2012,141.54
8/28/2012,141.4
8/29/2012,141.51
8/30/2012,140.49
8/31/2012,141.16
9/4/2012,141.03
9/5/2012,140.91
9/6/2012,143.77
9/7/2012,144.33
9/10/2012,143.51
9/11/2012,143.91
9/12/2012,144.39
9/13/2012,146.59
9/14/2012,147.24
9/17/2012,146.74
9/18/2012,146.62
9/19/2012,146.7
9/20/2012,146.71
9/21/2012,145.87
9/24/2012,145.645
9/25/2012,144.1
9/26/2012,143.295
9/27/2012,144.64
9/28/2012,143.97
10/1/2012,144.345
10/2/2012,144.5
10/3/2012,145.09
10/4/2012,146.125
10/5/2012,146.14
10/8/2012,145.642
10/9/2012,144.2
10/10/2012,143.28
10/11/2012,143.36
10/12/2012,142.89
10/15/2012,144.08
10/16/2012,145.54
10/17/2012,146.2
10/18/2012,145.82
10/19/2012,143.389
10/22/2012,143.41
10/23/2012,141.42
10/24/2012,141.02
10/25/2012,141.43
10/26/2012,141.35
10/31/2012,141.35
11/1/2012,142.83
11/2/2012,141.56
11/5/2012,141.848
11/6/2012,142.96
11/7/2012,139.72
11/8/2012,138.04
11/9/2012,138.16
11/12/2012,138.265
11/13/2012,137.79
11/14/2012,135.929
11/15/2012,135.7
11/16/2012,136.37
11/19/2012,139.13
11/20/2012,139.19
11/21/2012,139.45
11/23/2012,141.35
11/26/2012,141.05
11/27/2012,140.33
11/28/2012,141.46
11/29/2012,142.12
11/30/2012,142.155
12/3/2012,141.45
12/4/2012,141.25
12/5/2012,141.5
12/6/2012,141.98
12/7/2012,142.415
12/10/2012,142.472
12/11/2012,143.44
12/12/2012,143.51
12/13/2012,142.63
12/14/2012,142.105
12/17/2012,143.77
12/18/2012,145.37
12/19/2012,144.29
12/20/2012,145.12
12/21/2012,142.79
12/24/2012,142.35
12/26/2012,141.75
12/27/2012,141.561
12/28/2012,140.03
12/31/2012,142.41
1/2/2013,146.06
1/3/2013,145.734
1/4/2013,146.37
1/7/2013,145.969
1/8/2013,145.549
1/9/2013,145.92
1/10/2013,147.08
1/11/2013,147.07
1/14/2013,146.97
1/15/2013,147.07
1/16/2013,147.05
1/17/2013,148
1/18/2013,148.33
1/22/2013,149.13
1/23/2013,149.37
1/24/2013,149.41
1/25/2013,150.25
1/28/2013,150.07
1/29/2013,150.66
1/30/2013,150.07
1/31/2013,149.7
2/1/2013,151.24
2/4/2013,149.535
2/5/2013,151.05
2/6/2013,151.16
2/7/2013,150.96
2/8/2013,151.8
2/11/2013,151.77
2/12/2013,152.02
2/13/2013,152.151
2/14/2013,152.29
2/15/2013,152.11
2/19/2013,153.25
2/20/2013,151.34
2/21/2013,150.42
2/22/2013,151.89
2/25/2013,149
2/26/2013,150.02
2/27/2013,151.91
2/28/2013,151.61
3/1/2013,152.11
3/4/2013,152.92
3/5/2013,154.29
3/6/2013,154.5
3/7/2013,154.776
3/8/2013,155.44
3/11/2013,156.03
3/12/2013,155.68
3/13/2013,155.905
3/14/2013,156.73
3/15/2013,155.83
3/18/2013,154.97
3/19/2013,154.61
3/20/2013,155.69
3/21/2013,154.359
3/22/2013,155.6
3/25/2013,154.95
3/26/2013,156.19
3/27/2013,156.19
3/28/2013,156.67
4/1/2013,156.05
4/2/2013,156.82
4/3/2013,155.23
4/4/2013,155.86
4/5/2013,155.158
4/8/2013,156.21
4/9/2013,156.75
4/10/2013,158.67
4/11/2013,159.19
4/12/2013,158.8
4/15/2013,155.118
4/16/2013,157.41
4/17/2013,155.11
4/18/2013,154.14
4/19/2013,155.48
4/22/2013,156.17
4/23/2013,157.78
4/24/2013,157.88
4/25/2013,158.52
4/26/2013,158.24
4/29/2013,159.3
4/30/2013,159.68
5/1/2013,158.28
5/2/2013,159.75
5/3/2013,146.041
5/6/2013,146.414
5/7/2013,147.156
5/8/2013,147.826
5/9/2013,147.41
5/10/2013,147.889
5/13/2013,148.007
5/14/2013,149.536
5/15/2013,150.337
5/16/2013,149.636
5/17/2013,151.084
5/20/2013,151.075
5/21/2013,151.292
5/22/2013,150.17
5/23/2013,149.735
5/24/2013,149.607
5/28/2013,150.504
5/29/2013,149.527
5/30/2013,150.079
5/31/2013,147.921
6/3/2013,148.74
6/4/2013,148.025
6/5/2013,145.954
6/6/2013,147.274
6/7/2013,149.147
6/10/2013,149.147
6/11/2013,147.607
6/12/2013,146.387
6/13/2013,148.613
6/14/2013,147.676
6/17/2013,148.156
6/18/2013,149.323
6/19/2013,147.264
6/20/2013,143.615
6/21/2013,144.076
6/24/2013,142.256
6/25/2013,143.628
6/26/2013,145.045
6/27/2013,145.897
6/28/2013,145.299
7/1/2013,146.15
7/2/2013,146.014
7/3/2013,146.078
7/5/2013,147.654
7/8/2013,148.492
7/9/2013,149.565
7/10/2013,149.621
7/11/2013,151.657
7/12/2013,151.721
7/15/2013,152.305
7/16/2013,151.734
7/17/2013,152.119
7/18/2013,152.952
7/19/2013,153.224
7/22/2013,153.523
7/23/2013,153.197
7/24/2013,152.635
7/25/2013,153.007
7/26/2013,153.17
7/29/2013,152.699
7/30/2013,152.697
7/31/2013,152.808
8/1/2013,154.574
8/2/2013,154.836
8/5/2013,154.61
8/6/2013,153.731
8/7/2013,153.233
8/8/2013,153.795
8/9/2013,153.351
8/12/2013,153.171
8/13/2013,153.623
8/14/2013,152.835
8/15/2013,150.697
8/16/2013,150.199
8/19/2013,149.239
8/20/2013,149.972
8/21/2013,149.049
8/22/2013,150.407
8/23/2013,150.915
8/26/2013,150.353
8/27/2013,147.935
8/28/2013,148.46
8/29/2013,148.695
8/30/2013,148.225
9/3/2013,148.895
9/4/2013,150.127
9/5/2013,150.317
9/6/2013,150.389
9/9/2013,151.833
9/10/2013,152.952
9/11/2013,153.433
9/12/2013,153.025
9/13/2013,153.369
9/16/2013,154.257
9/17/2013,154.945
9/18/2013,156.739
9/19/2013,156.476
9/20/2013,155.382
9/23/2013,153.966
9/24/2013,153.603
9/25/2013,153.16
9/26/2013,153.748
9/27/2013,153.041
9/30/2013,152.226
10/1/2013,153.431
10/2/2013,153.286
10/3/2013,151.873
10/4/2013,153.024
10/7/2013,151.701
10/8/2013,149.934
10/9/2013,150.043
10/10/2013,153.277
10/11/2013,154.265
10/14/2013,154.881
10/15/2013,153.757
10/16/2013,155.905
10/17/2013,156.947
10/18/2013,158.005
10/21/2013,158.016
10/22/2013,158.931
10/23/2013,158.17
10/24/2013,158.696
10/25/2013,159.42
10/28/2013,159.674
10/29/2013,160.526
10/30/2013,159.728
10/31/2013,159.275
11/1/2013,159.656
11/4/2013,160.218
11/5/2013,159.71
11/6/2013,160.526
11/7/2013,158.496
11/8/2013,160.635
11/11/2013,160.662
11/12/2013,160.336
11/13/2013,161.622
11/14/2013,162.429
11/15/2013,163.135
11/18/2013,162.564
11/19/2013,162.211
11/20/2013,161.704
11/21/2013,163.008
11/22/2013,163.824
11/25/2013,163.661
11/26/2013,163.706
11/27/2013,164.105
11/29/2013,163.996
12/2/2013,163.57
12/3/2013,162.863
12/4/2013,162.845
12/5/2013,162.13
12/6/2013,163.942
12/9/2013,164.358
12/10/2013,163.769
12/11/2013,161.93
12/12/2013,161.396
12/13/2013,161.377
12/16/2013,162.38
12/17/2013,161.867
12/18/2013,164.63
12/19/2013,164.44
12/20/2013,165.397
12/23/2013,165.315
12/24/2013,165.677
12/26/2013,166.515
12/27/2013,166.506
12/30/2013,166.483
12/31/2013,167.271
1/2/2014,165.668
1/3/2014,165.636
1/6/2014,165.161
1/7/2014,166.175
1/8/2014,166.211
1/9/2014,166.32
1/10/2014,166.773
1/13/2014,164.549
1/14/2014,166.347
1/15/2014,167.244
1/16/2014,167.026
1/17/2014,166.315
1/21/2014,166.809
1/22/2014,166.918
1/23/2014,165.55
1/24/2014,162.018
1/27/2014,161.221
1/28/2014,162.181
1/29/2014,160.623
1/30/2014,162.326
1/31/2014,161.375
2/3/2014,157.743
2/4/2014,158.844
2/5/2014,158.649
2/6/2014,160.741
2/7/2014,162.734
2/10/2014,163.032
2/11/2014,164.817
2/12/2014,164.898
2/13/2014,165.749
2/14/2014,166.664
2/18/2014,166.863
2/19/2014,165.759
2/20/2014,166.737
2/21/2014,166.546
2/24/2014,167.47
2/25/2014,167.407
2/26/2014,167.416
2/27/2014,168.294
2/28/2014,168.72
3/3/2014,167.534
3/4/2014,169.888
3/5/2014,170.042
3/6/2014,170.432
3/7/2014,170.504
3/10/2014,170.414
3/11/2014,169.571
3/12/2014,169.617
3/13/2014,167.715
3/14/2014,167.244
3/17/2014,168.016
3/18/2014,169.215
3/19/2014,168.314
3/20/2014,169.294
3/21/2014,168.64
3/24/2014,167.942
3/25/2014,168.739
3/26/2014,167.526
3/27/2014,167.172
3/28/2014,167.997
3/31/2014,169.373
4/1/2014,170.496
4/2/2014,171.067
4/3/2014,170.84
4/4/2014,168.821
4/7/2014,166.955
4/8/2014,167.643
4/9/2014,169.446
4/10/2014,165.882
4/11/2014,164.392
4/14/2014,165.687
4/15/2014,166.828
4/16/2014,168.572
4/17/2014,168.812
4/21/2014,169.4
4/22/2014,170.17
4/23/2014,169.772
4/24/2014,170.116
4/25/2014,168.721
4/28/2014,169.251
4/29/2014,170.043
4/30/2014,170.551
5/1/2014,170.564
5/2/2014,170.324
5/5/2014,170.65
5/6/2014,169.165
5/7/2014,170.161
5/8/2014,169.976
5/9/2014,170.234
5/12/2014,171.887
5/13/2014,172.045
5/14/2014,171.23
5/15/2014,169.726
5/16/2014,170.315
5/19/2014,170.94
5/20/2014,169.862
5/21/2014,171.293
5/22/2014,171.71
5/23/2014,172.398
5/27/2014,173.458
5/28/2014,173.331
5/29/2014,174.228
5/30/2014,174.509
6/2/2014,174.703
6/3/2014,174.617
6/4/2014,174.97
6/5/2014,176.112
6/6/2014,176.949
6/9/2014,177.135
6/10/2014,177.153
6/11/2014,176.537
6/12/2014,175.287
6/13/2014,175.822
6/16/2014,175.967
6/17/2014,176.456
6/18/2014,177.746
6/19/2014,196.48
6/20/2014,195.94
6/23/2014,195.88
6/24/2014,194.7
6/25/2014,195.58
6/26/2014,195.44
6/27/2014,195.82
6/30/2014,195.72
7/1/2014,197.03
7/2/2014,197.23
7/3/2014,198.2
7/7/2014,197.51
7/8/2014,196.24
7/9/2014,197.12
7/10/2014,196.34
7/11/2014,196.61
7/14/2014,197.6
7/15/2014,197.23
7/16/2014,197.96
7/17/2014,195.71
7/18/2014,197.71
7/21/2014,197.34
7/22/2014,198.2
7/23/2014,198.64
7/24/2014,198.65
7/25/2014,197.72
7/28/2014,197.8
7/29/2014,196.95
7/30/2014,196.98
7/31/2014,193.09
8/1/2014,192.5
8/4/2014,193.89
8/5/2014,192.01
8/6/2014,192.07
8/7/2014,191.03
8/8/2014,193.24
8/11/2014,193.8
8/12/2014,193.53
8/13/2014,194.84
8/14/2014,195.76
8/15/2014,195.72
8/18/2014,197.36
8/19/2014,198.39
8/20/2014,198.92
8/21/2014,199.5
8/22/2014,199.19
8/25/2014,200.2
8/26/2014,200.33
8/27/2014,200.25
8/28/2014,200.14
8/29/2014,200.71
9/2/2014,200.61
9/3/2014,200.5
9/4/2014,200.21
9/5/2014,201.11
9/8/2014,200.59
9/9/2014,199.32
9/10/2014,200.07
9/11/2014,200.3
9/12/2014,199.13
9/15/2014,198.98
9/16/2014,200.48
9/17/2014,200.75
9/18/2014,201.82
9/19/2014,200.7
9/22/2014,199.15
9/23/2014,198.01
9/24/2014,199.56
9/25/2014,196.34
9/26/2014,197.9
9/29/2014,197.54
9/30/2014,197.02
10/1/2014,194.35
10/2/2014,194.38
10/3/2014,196.52
10/6/2014,196.29
10/7/2014,193.26
10/8/2014,196.64
10/9/2014,192.74
10/10/2014,190.54
10/13/2014,187.41
10/14/2014,187.7
10/15/2014,186.43
10/16/2014,186.27
10/17/2014,188.47
10/20/2014,190.3
10/21/2014,194.07
10/22/2014,192.69
10/23/2014,194.93
10/24/2014,196.43
10/27/2014,196.16
10/28/2014,198.41
10/29/2014,198.11
10/30/2014,199.38
10/31/2014,201.66
11/3/2014,201.77
11/4/2014,201.07
11/5/2014,202.34
11/6/2014,203.15
11/7/2014,203.34
11/10/2014,203.98
11/11/2014,204.18
11/12/2014,203.96
11/13/2014,204.19
11/14/2014,204.24
11/17/2014,204.37
11/18/2014,205.55
11/19/2014,205.22
11/20/2014,205.58
11/21/2014,206.68
11/24/2014,207.26
11/25/2014,207.11
11/26/2014,207.64
11/28/2014,207.2
12/1/2014,205.76
12/2/2014,207.09
12/3/2014,207.89
12/4/2014,207.66
12/5/2014,208
12/8/2014,206.61
12/9/2014,206.47
12/10/2014,203.16
12/11/2014,204.19
12/12/2014,200.89
12/15/2014,199.51
12/16/2014,197.91
12/17/2014,201.79
12/18/2014,206.78
12/19/2014,206.52
12/22/2014,207.47
12/23/2014,207.75
12/24/2014,207.77
12/26/2014,208.44
12/29/2014,208.72
12/30/2014,207.6
12/31/2014,205.54
1/2/2015,205.43
1/5/2015,201.72
1/6/2015,199.82
1/7/2015,202.31
1/8/2015,205.9
1/9/2015,204.25
1/12/2015,202.65
1/13/2015,202.08
1/14/2015,200.86
1/15/2015,199.02
1/16/2015,201.63
1/20/2015,202.06
1/21/2015,203.08
1/22/2015,206.1
1/23/2015,204.97
1/26/2015,205.45
1/27/2015,202.74
1/28/2015,200.14
1/29/2015,201.99
1/30/2015,199.45
2/2/2015,201.92
2/3/2015,204.84
2/4/2015,204.06
2/5/2015,206.12
2/6/2015,205.55
2/9/2015,204.63
2/10/2015,206.81
2/11/2015,206.93
2/12/2015,208.92
2/13/2015,209.78
2/17/2015,210.11
2/18/2015,210.13
2/19/2015,209.98
2/20/2015,211.24
2/23/2015,211.21
2/24/2015,211.81
2/25/2015,211.63
2/26/2015,211.38
2/27/2015,210.66
3/2/2015,211.99
3/3/2015,211.12
3/4/2015,210.23
3/5/2015,210.46
3/6/2015,207.5
3/9/2015,208.36
3/10/2015,204.98
3/11/2015,204.5
3/12/2015,207.1
3/13/2015,205.83
3/16/2015,208.58
3/17/2015,207.96
3/18/2015,210.46
3/19/2015,209.5
3/20/2015,210.41
3/23/2015,210
3/24/2015,208.82
3/25/2015,205.76
3/26/2015,205.27
3/27/2015,205.74
3/30/2015,208.25
3/31/2015,206.43
4/1/2015,205.7
4/2/2015,206.44
4/6/2015,207.83
4/7/2015,207.28
4/8/2015,207.98
4/9/2015,208.9
4/10/2015,210.04
4/13/2015,209.09
4/14/2015,209.49
4/15/2015,210.43
4/16/2015,210.37
4/17/2015,207.95
4/20/2015,209.85
4/21/2015,209.6
4/22/2015,210.63
4/23/2015,211.16
4/24/2015,211.65
4/27/2015,210.77
4/28/2015,211.44
4/29/2015,210.57
4/30/2015,208.46
5/1/2015,210.72
5/4/2015,211.32
5/5/2015,208.9
5/6/2015,208.04
5/7/2015,208.87
5/8/2015,211.62
5/11/2015,210.61
5/12/2015,209.98
5/13/2015,210.02
5/14/2015,212.21
5/15/2015,212.44
5/18/2015,213.1
5/19/2015,213.03
5/20/2015,212.88
5/21/2015,213.5
5/22/2015,212.99
5/26/2015,210.7
5/27/2015,212.7
5/28/2015,212.46
5/29/2015,211.14
6/1/2015,211.57
6/2/2015,211.36
6/3/2015,211.92
6/4/2015,210.13
6/5/2015,209.77
6/8/2015,208.48
6/9/2015,208.45
6/10/2015,210.95
6/11/2015,211.63
6/12/2015,210.01
6/15/2015,209.11
6/16/2015,210.25
6/17/2015,210.59
6/18/2015,212.78
6/19/2015,210.81
6/22/2015,211.89
6/23/2015,212.04
6/24/2015,210.5
6/25/2015,209.86
6/26/2015,209.82
6/29/2015,205.42
6/30/2015,205.85
7/1/2015,207.5
7/2/2015,207.31
7/6/2015,206.72
7/7/2015,208.02
7/8/2015,204.53
7/9/2015,204.9
7/10/2015,207.48
7/13/2015,209.77
7/14/2015,210.68
7/15/2015,210.61
7/16/2015,212.3
7/17/2015,212.48
7/20/2015,212.59
7/21/2015,211.75
7/22/2015,211.37
7/23/2015,210.18
7/24/2015,208
7/27/2015,206.79
7/28/2015,209.33
7/29/2015,210.77
7/30/2015,210.82
7/31/2015,210.5
8/3/2015,209.79
8/4/2015,209.38
8/5/2015,210.07
8/6/2015,208.35
8/7/2015,207.95
8/10/2015,210.57
8/11/2015,208.67
8/12/2015,208.92
8/13/2015,208.66
8/14/2015,209.42
8/17/2015,210.59
8/18/2015,209.98
8/19/2015,208.32
8/20/2015,203.97
8/21/2015,197.63
8/24/2015,189.55
8/25/2015,187.27
8/26/2015,194.46
8/27/2015,199.27
8/28/2015,199.28
8/31/2015,197.67
9/1/2015,191.77
9/2/2015,195.41
9/3/2015,195.55
9/4/2015,192.59
9/8/2015,197.43
9/9/2015,194.79
9/10/2015,195.85
9/11/2015,196.74
9/14/2015,196.01
9/15/2015,198.46
9/16/2015,200.18
9/17/2015,199.73
9/18/2015,195.45
9/21/2015,196.46
9/22/2015,193.91
9/23/2015,193.6
9/24/2015,192.9
9/25/2015,192.85
9/28/2015,188.01
9/29/2015,188.12
9/30/2015,191.63
10/1/2015,192.13
10/2/2015,195
10/5/2015,198.47
10/6/2015,197.79
10/7/2015,199.41
10/8/2015,201.21
10/9/2015,201.33
10/12/2015,201.52
10/13/2015,200.25
10/14/2015,199.29
10/15/2015,202.35
10/16/2015,203.27
10/19/2015,203.37
10/20/2015,203.09
10/21/2015,201.85
10/22/2015,205.26
10/23/2015,207.51
10/26/2015,207
10/27/2015,206.6
10/28/2015,208.95
10/29/2015,208.83
10/30/2015,207.93
11/2/2015,210.39
11/3/2015,211
11/4/2015,210.36
11/5/2015,210.15
11/6/2015,210.04
11/9/2015,208.08
11/10/2015,208.56
11/11/2015,207.74
11/12/2015,204.84
11/13/2015,202.54
11/16/2015,205.62
11/17/2015,205.47
11/18/2015,208.73
11/19/2015,208.55
11/20/2015,209.31
11/23/2015,209.07
11/24/2015,209.35
11/25/2015,209.32
11/27/2015,209.56
11/30/2015,208.69
12/1/2015,210.68
12/2/2015,208.53
12/3/2015,205.61
12/4/2015,209.62
12/7/2015,208.35
12/8/2015,206.95
12/9/2015,205.34
12/10/2015,205.87
12/11/2015,201.88
12/14/2015,202.9
12/15/2015,205.03
12/16/2015,208.03
12/17/2015,204.86
12/18/2015,200.02
12/21/2015,201.67
12/22/2015,203.5
12/23/2015,206.02
12/24/2015,205.68
12/28/2015,205.21
12/29/2015,207.4
12/30/2015,205.93
12/31/2015,203.87
1/4/2016,201.02
1/5/2016,201.36
1/6/2016,198.82
1/7/2016,194.05
1/8/2016,191.92
1/11/2016,192.11
1/12/2016,193.66
1/13/2016,188.83
1/14/2016,191.93
1/15/2016,187.81
1/19/2016,188.06
1/20/2016,185.65
1/21/2016,186.69
1/22/2016,190.52
1/25/2016,187.64
1/26/2016,190.2
1/27/2016,188.13
1/28/2016,189.11
1/29/2016,193.72
2/1/2016,193.65
2/2/2016,190.16
2/3/2016,191.3
2/4/2016,191.6
2/5/2016,187.95
2/8/2016,185.42
2/9/2016,185.43
2/10/2016,185.27
2/11/2016,182.86
2/12/2016,186.63
2/16/2016,189.78
2/17/2016,192.88
2/18/2016,192.09
2/19/2016,192
2/22/2016,194.78
2/23/2016,192.32
2/24/2016,193.2
2/25/2016,195.54
2/26/2016,195.09
2/29/2016,193.56
3/1/2016,198.11
3/2/2016,199
3/3/2016,199.78
3/4/2016,200.43
3/7/2016,200.59
3/8/2016,198.4
3/9/2016,199.38
3/10/2016,199.54
3/11/2016,202.76
3/14/2016,202.5
3/15/2016,202.17
3/16/2016,203.34
3/17/2016,204.63
3/18/2016,204.38
3/21/2016,204.67
3/22/2016,204.56
3/23/2016,203.21
3/24/2016,203.12
3/28/2016,203.24
3/29/2016,205.12
3/30/2016,206.02
3/31/2016,205.52
4/1/2016,206.92
4/4/2016,206.25
4/5/2016,204.19
4/6/2016,206.42
4/7/2016,203.95
4/8/2016,204.5
4/11/2016,204.02
4/12/2016,205.92
4/13/2016,208
4/14/2016,208.01
4/15/2016,207.78
4/18/2016,209.24
4/19/2016,209.9
4/20/2016,210.1
4/21/2016,208.97
4/22/2016,208.97
4/25/2016,208.61
4/26/2016,208.92
4/27/2016,209.35
4/28/2016,207.45
4/29/2016,206.33
5/2/2016,207.97
5/3/2016,206.16
5/4/2016,205.01
5/5/2016,204.97
5/6/2016,205.72
5/9/2016,205.89
5/10/2016,208.45
5/11/2016,206.5
5/12/2016,206.56
5/13/2016,204.76
5/16/2016,206.78
5/17/2016,204.85
5/18/2016,204.91
5/19/2016,204.2
5/20/2016,205.49
5/23/2016,205.21
5/24/2016,207.87
5/25/2016,209.28
5/26/2016,209.34
5/27/2016,210.24
5/31/2016,209.84
6/1/2016,210.27
6/2/2016,210.91
6/3/2016,210.28
6/6/2016,211.35
6/7/2016,211.68
6/8/2016,212.37
6/9/2016,212.08
6/10/2016,210.07
6/13/2016,208.45
6/14/2016,208.04
6/15/2016,207.75
6/16/2016,208.37
6/17/2016,206.52
6/20/2016,207.85
6/21/2016,208.44
6/22/2016,208.1
6/23/2016,210.81
6/24/2016,203.13
6/27/2016,199.6
6/28/2016,203.2
6/29/2016,206.66
6/30/2016,209.48
7/1/2016,209.92
7/5/2016,208.41
7/6/2016,209.66
7/7/2016,209.53
7/8/2016,212.65
7/11/2016,213.4
7/12/2016,214.95
7/13/2016,214.92
7/14/2016,216.12
7/15/2016,215.83
7/18/2016,216.41
7/19/2016,216.19
7/20/2016,217.09
7/21/2016,216.27
7/22/2016,217.24
7/25/2016,216.65
7/26/2016,216.75
7/27/2016,216.52
7/28/2016,216.77
7/29/2016,217.12
8/1/2016,216.94
8/2/2016,215.55
8/3/2016,216.18
8/4/2016,216.41
8/5/2016,218.18
8/8/2016,218.05
8/9/2016,218.18
8/10/2016,217.64
8/11/2016,218.65
8/12/2016,218.46
8/15/2016,219.09
8/16/2016,217.96
8/17/2016,218.37
8/18/2016,218.86
8/19/2016,218.54
8/22/2016,218.53
8/23/2016,218.97
8/24/2016,217.85
8/25/2016,217.7
8/26/2016,217.29
8/29/2016,218.36
8/30/2016,218
8/31/2016,217.38
9/1/2016,217.39
9/2/2016,218.37
9/6/2016,219.03
9/7/2016,219.01
9/8/2016,218.51
9/9/2016,213.28
9/12/2016,216.34
9/13/2016,213.23
9/14/2016,213.15
9/15/2016,215.28
9/16/2016,213.37
9/19/2016,213.41
9/20/2016,213.42
9/21/2016,215.82
9/22/2016,217.18
9/23/2016,215.99
9/26/2016,214.24
9/27/2016,215.57
9/28/2016,216.64
9/29/2016,214.68
9/30/2016,216.3
10/3/2016,215.78
10/4/2016,214.68
10/5/2016,215.63
10/6/2016,215.78
10/7/2016,215.04
10/10/2016,216.16
10/11/2016,213.43
10/12/2016,213.71
10/13/2016,213.01
10/14/2016,213.12
10/17/2016,212.38
10/18/2016,213.71
10/19/2016,214.28
10/20/2016,213.88
10/21/2016,213.98
10/24/2016,214.89
10/25/2016,214.17
10/26/2016,213.74
10/27/2016,213.17
10/28/2016,212.54
10/31/2016,212.55
11/1/2016,211.01
11/2/2016,209.74
11/3/2016,208.78
11/4/2016,208.55
11/7/2016,213.15
11/8/2016,214.11
11/9/2016,216.38
11/10/2016,216.92
11/11/2016,216.42
11/14/2016,216.59
11/15/2016,218.28
11/16/2016,217.87
11/17/2016,218.99
11/18/2016,218.5
11/21/2016,220.15
11/22/2016,220.58
11/23/2016,220.7
11/25/2016,221.52
11/28/2016,220.48
11/29/2016,220.91
11/30/2016,220.38
12/1/2016,219.57
12/2/2016,219.68
12/5/2016,221
12/6/2016,221.7
12/7/2016,224.6
12/8/2016,225.15
12/9/2016,226.51
12/12/2016,226.25
12/13/2016,227.76
12/14/2016,225.88
12/15/2016,226.81
12/16/2016,225.04
12/19/2016,225.53
12/20/2016,226.4
12/21/2016,225.77
12/22/2016,225.38
12/23/2016,225.71
12/27/2016,226.27
12/28/2016,224.4
12/29/2016,224.35
12/30/2016,223.53
1/3/2017,225.24
1/4/2017,226.58
1/5/2017,226.4
1/6/2017,227.21
1/9/2017,226.46
1/10/2017,226.46
1/11/2017,227.1
1/12/2017,226.53
1/13/2017,227.05
1/17/2017,226.25
1/18/2017,226.75
1/19/2017,225.91
1/20/2017,226.74
1/23/2017,226.15
1/24/2017,227.6
1/25/2017,229.57
1/26/2017,229.33
1/27/2017,228.97
1/30/2017,227.55
1/31/2017,227.53
2/1/2017,227.62
2/2/2017,227.77
2/3/2017,229.34
2/6/2017,228.93
2/7/2017,228.94
2/8/2017,229.24
2/9/2017,230.6
2/10/2017,231.51
2/13/2017,232.77
2/14/2017,233.7
2/15/2017,234.92
2/16/2017,234.72
2/17/2017,235.09
2/21/2017,236.49
2/22/2017,236.28
2/23/2017,236.44
2/24/2017,236.74
2/27/2017,237.11
2/28/2017,236.47
3/1/2017,239.78
3/2/2017,238.27
3/3/2017,238.42
3/6/2017,237.71
3/7/2017,237
3/8/2017,236.56
3/9/2017,236.86
3/10/2017,237.69
3/13/2017,237.81
3/14/2017,236.9
3/15/2017,238.95
3/16/2017,238.48
3/17/2017,237.03
3/20/2017,236.77
3/21/2017,233.73
3/22/2017,234.28
3/23/2017,234.03
3/24/2017,233.86
3/27/2017,233.62
3/28/2017,235.32
3/29/2017,235.54
3/30/2017,236.29
3/31/2017,235.74
4/3/2017,235.33
4/4/2017,235.48
4/5/2017,234.78
4/6/2017,235.44
4/7/2017,235.2
4/10/2017,235.34
4/11/2017,235.06
4/12/2017,234.03
4/13/2017,232.51
4/17/2017,234.57
4/18/2017,233.87
4/19/2017,233.44
4/20/2017,235.34
4/21/2017,234.59
4/24/2017,237.17
4/25/2017,238.55
4/26/2017,238.4
4/27/2017,238.6
4/28/2017,238.08
5/1/2017,238.68
5/2/2017,238.77
5/3/2017,238.48
5/4/2017,238.76
5/5/2017,239.7
5/8/2017,239.66
5/9/2017,239.44
5/10/2017,239.87
5/11/2017,239.38
5/12/2017,238.98
5/15/2017,240.3
5/16/2017,240.08
5/17/2017,235.82
5/18/2017,236.77
5/19/2017,238.31
5/22/2017,239.52
5/23/2017,240.05
5/24/2017,240.61
5/25/2017,241.76
5/26/2017,241.71
5/30/2017,241.5
5/31/2017,241.44
6/1/2017,243.36
6/2/2017,244.17
6/5/2017,243.99
6/6/2017,243.21
6/7/2017,243.66
6/8/2017,243.78
6/9/2017,243.41
6/12/2017,243.36
6/13/2017,244.55
6/14/2017,244.24
6/15/2017,243.77
6/16/2017,242.64
6/19/2017,244.66
6/20/2017,243.01
6/21/2017,242.95
6/22/2017,242.84
6/23/2017,243.13
6/26/2017,243.29
6/27/2017,241.33
6/28/2017,243.49
6/29/2017,241.35
6/30/2017,241.8
7/3/2017,242.21
7/5/2017,242.77
7/6/2017,240.55
7/7/2017,242.11
7/10/2017,242.37
7/11/2017,242.19
7/12/2017,244.01
7/13/2017,244.42
7/14/2017,245.56
7/17/2017,245.53
7/18/2017,245.66
7/19/2017,246.99
7/20/2017,247.1
7/21/2017,246.88
7/24/2017,246.82
7/25/2017,247.42
7/26/2017,247.43
7/27/2017,247.2
7/28/2017,246.91
7/31/2017,246.77
8/1/2017,247.32
8/2/2017,247.44
8/3/2017,246.96
8/4/2017,247.41
8/7/2017,247.87
8/8/2017,247.26
8/9/2017,247.25
8/10/2017,243.76
8/11/2017,244.12
8/14/2017,246.54
8/15/2017,246.51
8/16/2017,246.94
8/17/2017,243.09
8/18/2017,242.71
8/21/2017,242.9
8/22/2017,245.44
8/23/2017,244.56
8/24/2017,243.99
8/25/2017,244.56
8/28/2017,244.57
8/29/2017,244.85
8/30/2017,246.01
8/31/2017,247.49
9/1/2017,247.84
9/5/2017,246.06
9/6/2017,246.9
9/7/2017,246.87
9/8/2017,246.58
9/11/2017,249.21
9/12/2017,250.05
9/13/2017,250.17
9/14/2017,250.09
9/15/2017,249.19
9/18/2017,249.72
9/19/2017,249.97
9/20/2017,250.06
9/21/2017,249.39
9/22/2017,249.44
9/25/2017,248.93
9/26/2017,249.08
9/27/2017,250.05
9/28/2017,250.35
9/29/2017,251.23
10/2/2017,252.32
10/3/2017,252.86
10/4/2017,253.16
10/5/2017,254.66
10/6/2017,254.37
10/9/2017,253.95
10/10/2017,254.62
10/11/2017,255.02
10/12/2017,254.64
10/13/2017,254.95
10/16/2017,255.29
10/17/2017,255.47
10/18/2017,255.72
10/19/2017,255.79
10/20/2017,257.11
10/23/2017,256.11
10/24/2017,256.56
10/25/2017,255.29
10/26/2017,255.62
10/27/2017,257.709
10/30/2017,256.75
10/31/2017,257.149
11/1/2017,257.49
11/2/2017,257.589
11/3/2017,258.45
11/6/2017,258.85
11/7/2017,258.67
11/8/2017,259.11
11/9/2017,258.17
11/10/2017,258.089
11/13/2017,258.329
11/14/2017,257.73
11/15/2017,256.44
11/16/2017,258.62
11/17/2017,257.86
11/20/2017,258.3
11/21/2017,259.99
11/22/2017,259.76
11/24/2017,260.36
11/27/2017,260.23
11/28/2017,262.87
11/29/2017,262.71
11/30/2017,265.01
12/1/2017,264.46
12/4/2017,264.14
12/5/2017,263.19
12/6/2017,263.24
12/7/2017,264.07
12/8/2017,265.51
12/11/2017,266.31
12/12/2017,266.78
12/13/2017,266.75
12/14/2017,265.66
12/15/2017,266.51
12/18/2017,268.2
12/19/2017,267.17
12/20/2017,267.03
12/21/2017,267.58
12/22/2017,267.51
12/26/2017,267.19
12/27/2017,267.32
12/28/2017,267.87
12/29/2017,266.86
1/2/2018,268.77
1/3/2018,270.47
1/4/2018,271.61
1/5/2018,273.42
1/8/2018,273.92
1/9/2018,274.54
1/10/2018,274.12
1/11/2018,276.12
1/12/2018,277.92
1/16/2018,276.97
1/17/2018,279.61
1/18/2018,279.14
1/19/2018,280.41
1/22/2018,282.69
1/23/2018,283.29
1/24/2018,283.18
1/25/2018,283.3
1/26/2018,286.58
1/29/2018,284.68
1/30/2018,281.76
1/31/2018,281.9
2/1/2018,281.58
2/2/2018,275.45
2/5/2018,263.93
2/6/2018,269.13
2/7/2018,267.67
2/8/2018,257.63
2/9/2018,261.5
2/12/2018,265.34
2/13/2018,266
2/14/2018,269.59
2/15/2018,273.03
2/16/2018,273.11
2/20/2018,271.4
2/21/2018,270.05
2/22/2018,270.4
2/23/2018,274.71
2/26/2018,277.9
2/27/2018,274.43
2/28/2018,271.65
3/1/2018,267.7
3/2/2018,269.08
3/5/2018,272.19
3/6/2018,272.88
3/7/2018,272.78
3/8/2018,274.1
3/9/2018,278.87
3/12/2018,278.52
3/13/2018,276.72
3/14/2018,275.3
3/15/2018,275
3/16/2018,274.2
3/19/2018,270.49
3/20/2018,270.95
3/21/2018,270.43
3/22/2018,263.67
3/23/2018,258.05
3/26/2018,265.11
3/27/2018,260.6
3/28/2018,259.829
3/29/2018,263.15
4/2/2018,257.47
4/3/2018,260.769
4/4/2018,263.56
4/5/2018,265.64
4/6/2018,259.72
4/9/2018,261
4/10/2018,265.15
4/11/2018,263.76
4/12/2018,265.93
4/13/2018,265.15
4/16/2018,267.33
4/17/2018,270.19
4/18/2018,270.39
4/19/2018,268.89
4/20/2018,266.61
4/23/2018,266.57
4/24/2018,262.98
4/25/2018,263.63
4/26/2018,266.31
4/27/2018,266.56
4/30/2018,264.51
5/1/2018,264.98
5/2/2018,263.2
5/3/2018,262.62
5/4/2018,266.02
5/7/2018,266.92
5/8/2018,266.92
5/9/2018,269.5
5/10/2018,272.02
5/11/2018,272.85
5/14/2018,272.98
5/15/2018,271.1
5/16/2018,272.24
5/17/2018,272.01
5/18/2018,271.33
5/21/2018,273.37
5/22/2018,272.61
5/23/2018,273.36
5/24/2018,272.8
5/25/2018,272.15
5/29/2018,269.02
5/30/2018,272.61
5/31/2018,270.94
6/1/2018,273.6
6/4/2018,274.9
6/5/2018,275.1
6/6/2018,277.4
6/7/2018,277.37
6/8/2018,278.19
6/11/2018,278.56
6/12/2018,278.92
6/13/2018,278.03
6/14/2018,278.73
6/15/2018,277.13
6/18/2018,276.56
6/19/2018,275.5
6/20/2018,275.97
6/21/2018,274.24
6/22/2018,274.74
6/25/2018,271
6/26/2018,271.6
6/27/2018,269.35
6/28/2018,270.89
6/29/2018,271.28
7/2/2018,271.86
7/3/2018,270.9
7/5/2018,273.11
7/6/2018,275.42
7/9/2018,277.9
7/10/2018,278.9
7/11/2018,276.86
7/12/2018,279.37
7/13/2018,279.59
7/16/2018,279.34
7/17/2018,280.47
7/18/2018,281.06
7/19/2018,280
7/20/2018,279.68
7/23/2018,280.2
7/24/2018,281.61
7/25/2018,284.01
7/26/2018,283.34
7/27/2018,281.42
7/30/2018,279.95
7/31/2018,281.33
8/1/2018,280.86
8/2/2018,282.39
8/3/2018,283.6
8/6/2018,284.64
8/7/2018,285.58
8/8/2018,285.46
8/9/2018,285.07
8/10/2018,283.16
8/13/2018,282.1
8/14/2018,283.9
8/15/2018,281.78
8/16/2018,284.06
8/17/2018,285.06
8/20/2018,285.67
8/21/2018,286.34
8/22/2018,286.17
8/23/2018,285.79
8/24/2018,287.51
8/27/2018,289.78
8/28/2018,289.92
8/29/2018,291.48
8/30/2018,290.3
8/31/2018,290.31
9/4/2018,289.81
9/5/2018,289.03
9/6/2018,288.16
9/7/2018,287.6
9/10/2018,288.1
9/11/2018,289.05
9/12/2018,289.12
9/13/2018,290.83
9/14/2018,290.88
9/17/2018,289.34
9/18/2018,290.91
9/19/2018,291.22
9/20/2018,293.58
9/21/2018,291.99
9/24/2018,291.02
9/25/2018,290.75
9/26/2018,289.88
9/27/2018,290.69
9/28/2018,290.72
10/1/2018,291.73
10/2/2018,291.56
10/3/2018,291.72
10/4/2018,289.44
10/5/2018,287.82
10/8/2018,287.82
10/9/2018,287.4
10/10/2018,278.3
10/11/2018,272.17
10/12/2018,275.95
10/15/2018,274.4
10/16/2018,280.4
10/17/2018,280.45
10/18/2018,276.4
10/19/2018,276.25
10/22/2018,275.01
10/23/2018,273.61
10/24/2018,265.32
10/25/2018,270.08
10/26/2018,265.33
10/29/2018,263.86
10/30/2018,267.77
10/31/2018,270.63
11/1/2018,273.51
11/2/2018,271.89
11/5/2018,273.39
11/6/2018,275.12
11/7/2018,281.01
11/8/2018,280.5
11/9/2018,277.76
11/12/2018,272.57
11/13/2018,272.06
11/14/2018,270.2
11/15/2018,273.02
11/16/2018,273.73
11/19/2018,269.1
11/20/2018,264.12
11/21/2018,265.02
11/23/2018,263.25
11/26/2018,267.5
11/27/2018,268.4
11/28/2018,274.58
11/29/2018,273.98
11/30/2018,275.65
12/3/2018,279.3
12/4/2018,270.25
12/6/2018,269.84
12/7/2018,263.57
12/10/2018,264.07
12/11/2018,264.13
12/12/2018,265.46
12/13/2018,265.37
12/14/2018,260.47
12/17/2018,255.36
12/18/2018,255.08
12/19/2018,251.26
12/20/2018,247.17
12/21/2018,240.7
12/24/2018,234.34
12/26/2018,246.18
12/27/2018,248.07
12/28/2018,247.75
12/31/2018,249.92
1/2/2019,250.18
