Date,USDGBP
1/4/2010,0.6207324643078833
1/5/2010,0.6253908692933083
1/6/2010,0.6242197253433209
1/7/2010,0.6277463904582548
1/8/2010,0.6242197253433209
1/10/2010,0.6218905472636815
1/11/2010,0.6207324643078833
1/12/2010,0.6191950464396285
1/13/2010,0.6142506142506142
1/14/2010,0.612369871402327
1/15/2010,0.6153846153846154
1/17/2010,0.6142506142506142
1/18/2010,0.6116207951070336
1/19/2010,0.6116207951070336
1/20/2010,0.6134969325153374
1/21/2010,0.6172839506172839
1/22/2010,0.6207324643078833
1/24/2010,0.6207324643078833
1/25/2010,0.6157635467980295
1/26/2010,0.6195786864931846
1/27/2010,0.6184291898577613
1/28/2010,0.6195786864931846
1/29/2010,0.6257822277847309
1/31/2010,0.6261740763932373
2/1/2010,0.6273525721455457
2/2/2010,0.6257822277847309
2/3/2010,0.6285355122564426
2/4/2010,0.6345177664974619
2/5/2010,0.6402048655569783
2/7/2010,0.641025641025641
2/8/2010,0.6422607578676943
2/9/2010,0.6373486297004461
2/10/2010,0.641025641025641
2/11/2010,0.6369426751592356
2/12/2010,0.6381620931716656
2/14/2010,0.6385696040868455
2/15/2010,0.6385696040868455
2/16/2010,0.6337135614702154
2/17/2010,0.6381620931716656
2/18/2010,0.648508430609598
2/19/2010,0.6472491909385114
2/21/2010,0.6464124111182935
2/22/2010,0.6451612903225806
2/23/2010,0.6476683937823834
2/24/2010,0.6489292667099287
2/25/2010,0.6561679790026247
2/26/2010,0.6557377049180328
2/28/2010,0.6587615283267457
3/1/2010,0.6680026720106881
3/2/2010,0.6657789613848203
3/3/2010,0.6622516556291391
3/4/2010,0.665335994677312
3/5/2010,0.6605019815059445
3/7/2010,0.6605019815059445
3/8/2010,0.6648936170212766
3/9/2010,0.6662225183211193
3/10/2010,0.6684491978609626
3/11/2010,0.6640106241699867
3/12/2010,0.6587615283267457
3/14/2010,0.6583278472679394
3/15/2010,0.6648936170212766
3/16/2010,0.6565988181221273
3/17/2010,0.6531678641410843
3/18/2010,0.6557377049180328
3/19/2010,0.6662225183211193
3/21/2010,0.66711140760507
3/22/2010,0.6618133686300464
3/23/2010,0.6657789613848203
3/24/2010,0.6715916722632639
3/25/2010,0.6738544474393531
3/26/2010,0.6711409395973155
3/28/2010,0.6706908115358821
3/29/2010,0.6675567423230974
3/30/2010,0.6631299734748011
3/31/2010,0.6583278472679394
4/1/2010,0.6540222367560496
4/2/2010,0.6578947368421053
4/4/2010,0.6557377049180328
4/5/2010,0.6544502617801047
4/6/2010,0.6565988181221273
4/7/2010,0.6570302233902761
4/8/2010,0.6540222367560496
4/9/2010,0.6506180871828238
4/11/2010,0.6480881399870382
4/12/2010,0.6510416666666666
4/13/2010,0.6506180871828238
4/14/2010,0.6464124111182935
4/15/2010,0.6468305304010349
4/16/2010,0.649772579597141
4/18/2010,0.6544502617801047
4/19/2010,0.6523157208088715
4/20/2010,0.6510416666666666
4/21/2010,0.6489292667099287
4/22/2010,0.651890482398957
4/23/2010,0.6506180871828238
4/25/2010,0.6501950585175552
4/26/2010,0.6464124111182935
4/27/2010,0.6557377049180328
4/28/2010,0.6583278472679394
4/29/2010,0.651890482398957
4/30/2010,0.6535947712418301
5/2/2010,0.6535947712418301
5/3/2010,0.6561679790026247
5/4/2010,0.6609385327164573
5/5/2010,0.6626905235255135
5/6/2010,0.6715916722632639
5/7/2010,0.6747638326585695
5/9/2010,0.6756756756756757
5/10/2010,0.6743088334457181
5/11/2010,0.6688963210702341
5/12/2010,0.6738544474393531
5/13/2010,0.6854009595613434
5/14/2010,0.6882312456985547
5/16/2010,0.6910850034554251
5/17/2010,0.6915629322268326
5/18/2010,0.7017543859649122
5/19/2010,0.6934812760055479
5/20/2010,0.6949270326615705
5/21/2010,0.6906077348066297
5/23/2010,0.6925207756232687
5/24/2010,0.6954102920723226
5/25/2010,0.6949270326615705
5/26/2010,0.6949270326615705
5/27/2010,0.6868131868131868
5/28/2010,0.6920415224913494
5/30/2010,0.6915629322268326
5/31/2010,0.6896551724137931
6/1/2010,0.681663258350375
6/2/2010,0.681663258350375
6/3/2010,0.6830601092896175
6/4/2010,0.6910850034554251
6/6/2010,0.6934812760055479
6/7/2010,0.6910850034554251
6/8/2010,0.6925207756232687
6/9/2010,0.687757909215956
6/10/2010,0.6793478260869565
6/11/2010,0.6882312456985547
6/13/2010,0.6844626967830254
6/14/2010,0.678886625933469
6/15/2010,0.676132521974307
6/16/2010,0.6802721088435374
6/17/2010,0.6756756756756757
6/18/2010,0.6747638326585695
6/20/2010,0.6743088334457181
6/21/2010,0.6775067750677507
6/22/2010,0.6756756756756757
6/23/2010,0.6684491978609626
6/24/2010,0.6697923643670461
6/25/2010,0.6635700066357001
6/27/2010,0.6648936170212766
6/28/2010,0.6622516556291391
6/29/2010,0.6644518272425249
6/30/2010,0.6688963210702341
7/1/2010,0.6596306068601583
7/2/2010,0.6583278472679394
7/4/2010,0.6587615283267457
7/5/2010,0.6622516556291391
7/6/2010,0.6600660066006601
7/7/2010,0.6587615283267457
7/8/2010,0.6605019815059445
7/9/2010,0.6640106241699867
7/11/2010,0.6635700066357001
7/12/2010,0.665335994677312
7/13/2010,0.6583278472679394
7/14/2010,0.655307994757536
7/15/2010,0.648508430609598
7/16/2010,0.6540222367560496
7/18/2010,0.6540222367560496
7/19/2010,0.6574621959237344
7/20/2010,0.6540222367560496
7/21/2010,0.6587615283267457
7/22/2010,0.6544502617801047
7/23/2010,0.648508430609598
7/25/2010,0.6476683937823834
7/26/2010,0.6459948320413437
7/27/2010,0.6418485237483954
7/28/2010,0.641025641025641
7/29/2010,0.641025641025641
7/30/2010,0.6377551020408163
8/1/2010,0.6369426751592356
8/2/2010,0.6297229219143576
8/3/2010,0.6273525721455457
8/4/2010,0.6297229219143576
8/5/2010,0.630119722747322
8/6/2010,0.6265664160401003
8/8/2010,0.6265664160401003
8/9/2010,0.6297229219143576
8/10/2010,0.6325110689437066
8/11/2010,0.6397952655150351
8/12/2010,0.6414368184733803
8/13/2010,0.6414368184733803
8/15/2010,0.6418485237483954
8/16/2010,0.639386189258312
8/17/2010,0.6422607578676943
8/18/2010,0.6430868167202572
8/19/2010,0.6422607578676943
8/20/2010,0.643915003219575
8/22/2010,0.6430868167202572
8/23/2010,0.6455777921239508
8/24/2010,0.6493506493506493
8/25/2010,0.6464124111182935
8/26/2010,0.6443298969072165
8/27/2010,0.6447453255963894
8/29/2010,0.6435006435006435
8/30/2010,0.6464124111182935
8/31/2010,0.651890482398957
9/1/2010,0.6476683937823834
9/2/2010,0.649772579597141
9/3/2010,0.6468305304010349
9/5/2010,0.6472491909385114
9/6/2010,0.6510416666666666
9/7/2010,0.6514657980456027
9/8/2010,0.6464124111182935
9/9/2010,0.6489292667099287
9/10/2010,0.6514657980456027
9/12/2010,0.649772579597141
9/13/2010,0.6501950585175552
9/14/2010,0.643915003219575
9/15/2010,0.6397952655150351
9/16/2010,0.641025641025641
9/17/2010,0.6402048655569783
9/19/2010,0.639386189258312
9/20/2010,0.6435006435006435
9/21/2010,0.6397952655150351
9/22/2010,0.639386189258312
9/23/2010,0.6385696040868455
9/24/2010,0.6321112515802781
9/26/2010,0.6321112515802781
9/27/2010,0.6329113924050632
9/28/2010,0.6329113924050632
9/29/2010,0.6329113924050632
9/30/2010,0.6357279084551811
10/1/2010,0.6317119393556537
10/3/2010,0.6321112515802781
10/4/2010,0.6329113924050632
10/5/2010,0.6285355122564426
10/6/2010,0.6305170239596469
10/7/2010,0.630119722747322
10/8/2010,0.6269592476489029
10/10/2010,0.6269592476489029
10/11/2010,0.630119722747322
10/12/2010,0.6329113924050632
10/13/2010,0.6277463904582548
10/14/2010,0.6257822277847309
10/15/2010,0.6257822277847309
10/17/2010,0.6253908692933083
10/18/2010,0.6289308176100629
10/19/2010,0.6389776357827476
10/20/2010,0.6313131313131313
10/21/2010,0.6365372374283896
10/22/2010,0.6377551020408163
10/24/2010,0.6377551020408163
10/25/2010,0.6369426751592356
10/26/2010,0.6313131313131313
10/27/2010,0.6333122229259025
10/28/2010,0.6265664160401003
10/29/2010,0.6242197253433209
10/31/2010,0.6234413965087281
11/1/2010,0.6230529595015576
11/2/2010,0.6238303181534621
11/3/2010,0.6211180124223602
11/4/2010,0.6146281499692686
11/5/2010,0.6180469715698392
11/7/2010,0.6172839506172839
11/8/2010,0.6207324643078833
11/9/2010,0.6253908692933083
11/10/2010,0.620347394540943
11/11/2010,0.6211180124223602
11/12/2010,0.6199628022318661
11/14/2010,0.620347394540943
11/15/2010,0.6234413965087281
11/16/2010,0.6297229219143576
11/17/2010,0.6285355122564426
11/18/2010,0.6230529595015576
11/19/2010,0.6257822277847309
11/21/2010,0.625
11/22/2010,0.6273525721455457
11/23/2010,0.6329113924050632
11/24/2010,0.6337135614702154
11/25/2010,0.6349206349206349
11/26/2010,0.6414368184733803
11/28/2010,0.6418485237483954
11/29/2010,0.6435006435006435
11/30/2010,0.6422607578676943
12/1/2010,0.6406149903907752
12/2/2010,0.6418485237483954
12/3/2010,0.6341154090044389
12/5/2010,0.6345177664974619
12/6/2010,0.6369426751592356
12/7/2010,0.6349206349206349
12/8/2010,0.6333122229259025
12/9/2010,0.6341154090044389
12/10/2010,0.6325110689437066
12/12/2010,0.6333122229259025
12/13/2010,0.6305170239596469
12/14/2010,0.6345177664974619
12/15/2010,0.6430868167202572
12/16/2010,0.6397952655150351
12/17/2010,0.6447453255963894
12/19/2010,0.6447453255963894
12/20/2010,0.6451612903225806
12/21/2010,0.6468305304010349
12/22/2010,0.6493506493506493
12/23/2010,0.6476683937823834
12/24/2010,0.6476683937823834
12/26/2010,0.6493506493506493
12/27/2010,0.6476683937823834
12/28/2010,0.6514657980456027
12/29/2010,0.6451612903225806
12/30/2010,0.6480881399870382
1/2/2011,0.6422607578676943
1/3/2011,0.6459948320413437
1/4/2011,0.6414368184733803
1/5/2011,0.6447453255963894
1/6/2011,0.6472491909385114
1/7/2011,0.6435006435006435
1/9/2011,0.6435006435006435
1/10/2011,0.6418485237483954
1/11/2011,0.641025641025641
1/12/2011,0.6353240152477764
1/13/2011,0.6313131313131313
1/14/2011,0.630119722747322
1/16/2011,0.630119722747322
1/17/2011,0.6293266205160478
1/18/2011,0.6269592476489029
1/19/2011,0.6261740763932373
1/20/2011,0.6289308176100629
1/21/2011,0.625
1/23/2011,0.6253908692933083
1/24/2011,0.6257822277847309
1/25/2011,0.6325110689437066
1/26/2011,0.628140703517588
1/27/2011,0.628140703517588
1/28/2011,0.6305170239596469
1/30/2011,0.6321112515802781
1/31/2011,0.6242197253433209
2/1/2011,0.6199628022318661
2/2/2011,0.6172839506172839
2/3/2011,0.6199628022318661
2/4/2011,0.6215040397762586
2/6/2011,0.6215040397762586
2/7/2011,0.620347394540943
2/8/2011,0.6226650062266501
2/9/2011,0.6215040397762586
2/10/2011,0.6215040397762586
2/11/2011,0.6253908692933083
2/13/2011,0.625
2/14/2011,0.6242197253433209
2/15/2011,0.6199628022318661
2/16/2011,0.6215040397762586
2/17/2011,0.6184291898577613
2/18/2011,0.6161429451632778
2/20/2011,0.6157635467980295
2/21/2011,0.6165228113440198
2/22/2011,0.6191950464396285
2/23/2011,0.6161429451632778
2/24/2011,0.6195786864931846
2/25/2011,0.6207324643078833
2/27/2011,0.6215040397762586
2/28/2011,0.6150061500615006
3/1/2011,0.6153846153846154
3/2/2011,0.6127450980392157
3/3/2011,0.6146281499692686
3/4/2011,0.6146281499692686
3/6/2011,0.6150061500615006
3/7/2011,0.6176652254478073
3/8/2011,0.6188118811881188
3/9/2011,0.6172839506172839
3/10/2011,0.6226650062266501
3/11/2011,0.6218905472636815
3/13/2011,0.6226650062266501
3/14/2011,0.6184291898577613
3/15/2011,0.6222775357809583
3/16/2011,0.6253908692933083
3/17/2011,0.6195786864931846
3/18/2011,0.6165228113440198
3/20/2011,0.6165228113440198
3/21/2011,0.6134969325153374
3/22/2011,0.6116207951070336
3/23/2011,0.6157635467980295
3/24/2011,0.6207324643078833
3/25/2011,0.6246096189881324
3/27/2011,0.6246096189881324
3/28/2011,0.6257822277847309
3/29/2011,0.6246096189881324
3/30/2011,0.6218905472636815
3/31/2011,0.6242197253433209
4/1/2011,0.6207324643078833
4/3/2011,0.620347394540943
4/4/2011,0.6207324643078833
4/5/2011,0.6134969325153374
4/6/2011,0.6127450980392157
4/7/2011,0.6131207847946045
4/8/2011,0.6108735491753208
4/10/2011,0.6101281269066504
4/11/2011,0.612369871402327
4/12/2011,0.6150061500615006
4/13/2011,0.6146281499692686
4/14/2011,0.6112469437652812
4/15/2011,0.6138735420503376
4/17/2011,0.6131207847946045
4/18/2011,0.6150061500615006
4/19/2011,0.612369871402327
4/20/2011,0.6101281269066504
4/21/2011,0.6056935190793459
4/22/2011,0.6056935190793459
4/24/2011,0.6045949214026601
4/25/2011,0.6064281382656155
4/26/2011,0.6060606060606061
4/27/2011,0.6009615384615384
4/28/2011,0.6009615384615384
4/29/2011,0.5988023952095809
5/1/2011,0.5991611743559018
5/2/2011,0.6009615384615384
5/3/2011,0.6067961165048543
5/4/2011,0.6067961165048543
5/5/2011,0.6097560975609756
5/6/2011,0.6101281269066504
5/8/2011,0.6108735491753208
5/9/2011,0.6097560975609756
5/10/2011,0.6112469437652812
5/11/2011,0.6112469437652812
5/12/2011,0.6146281499692686
5/13/2011,0.6180469715698392
5/15/2011,0.6184291898577613
5/16/2011,0.6176652254478073
5/17/2011,0.6153846153846154
5/18/2011,0.6191950464396285
5/19/2011,0.6165228113440198
5/20/2011,0.6157635467980295
5/22/2011,0.6165228113440198
5/23/2011,0.6222775357809583
5/24/2011,0.6184291898577613
5/25/2011,0.6142506142506142
5/26/2011,0.6101281269066504
5/27/2011,0.6067961165048543
5/29/2011,0.6067961165048543
5/30/2011,0.6060606060606061
5/31/2011,0.6075334143377886
6/1/2011,0.612369871402327
6/2/2011,0.6108735491753208
6/3/2011,0.6086427267194157
6/5/2011,0.60790273556231
6/6/2011,0.6116207951070336
6/7/2011,0.608272506082725
6/8/2011,0.6097560975609756
6/9/2011,0.6108735491753208
6/10/2011,0.6165228113440198
6/12/2011,0.6161429451632778
6/13/2011,0.6112469437652812
6/14/2011,0.6108735491753208
6/15/2011,0.6172839506172839
6/16/2011,0.6188118811881188
6/17/2011,0.6180469715698392
6/19/2011,0.6191950464396285
6/20/2011,0.6161429451632778
6/21/2011,0.6165228113440198
6/22/2011,0.6234413965087281
6/23/2011,0.6242197253433209
6/24/2011,0.6265664160401003
6/26/2011,0.6269592476489029
6/27/2011,0.6257822277847309
6/28/2011,0.6257822277847309
6/29/2011,0.6226650062266501
6/30/2011,0.6242197253433209
7/1/2011,0.6226650062266501
7/3/2011,0.6222775357809583
7/4/2011,0.6218905472636815
7/5/2011,0.6226650062266501
7/6/2011,0.6246096189881324
7/7/2011,0.6261740763932373
7/8/2011,0.6234413965087281
7/10/2011,0.6238303181534621
7/11/2011,0.6289308176100629
7/12/2011,0.628140703517588
7/13/2011,0.6180469715698392
7/14/2011,0.6191950464396285
7/15/2011,0.620347394540943
7/17/2011,0.6207324643078833
7/18/2011,0.6226650062266501
7/19/2011,0.620347394540943
7/20/2011,0.6188118811881188
7/21/2011,0.6127450980392157
7/22/2011,0.6134969325153374
7/24/2011,0.6138735420503376
7/25/2011,0.6142506142506142
7/26/2011,0.6093845216331505
7/27/2011,0.6127450980392157
7/28/2011,0.6116207951070336
7/29/2011,0.6090133982947625
7/31/2011,0.6093845216331505
8/1/2011,0.6131207847946045
8/2/2011,0.6146281499692686
8/3/2011,0.6086427267194157
8/4/2011,0.6161429451632778
8/5/2011,0.6101281269066504
8/7/2011,0.6090133982947625
8/8/2011,0.6131207847946045
8/9/2011,0.6134969325153374
8/10/2011,0.6207324643078833
8/11/2011,0.6165228113440198
8/12/2011,0.6142506142506142
8/14/2011,0.6142506142506142
8/15/2011,0.6108735491753208
8/16/2011,0.608272506082725
8/17/2011,0.6049606775559588
8/18/2011,0.6071645415907712
8/19/2011,0.6071645415907712
8/21/2011,0.6071645415907712
8/22/2011,0.60790273556231
8/23/2011,0.6064281382656155
8/24/2011,0.6112469437652812
8/25/2011,0.6138735420503376
8/26/2011,0.6119951040391677
8/28/2011,0.6119951040391677
8/29/2011,0.6101281269066504
8/30/2011,0.6131207847946045
8/31/2011,0.6157635467980295
9/1/2011,0.6176652254478073
9/2/2011,0.6165228113440198
9/4/2011,0.6188118811881188
9/5/2011,0.6215040397762586
9/6/2011,0.6269592476489029
9/7/2011,0.6261740763932373
9/8/2011,0.6269592476489029
9/9/2011,0.630119722747322
9/11/2011,0.6309148264984227
9/12/2011,0.6313131313131313
9/13/2011,0.6337135614702154
9/14/2011,0.6341154090044389
9/15/2011,0.6333122229259025
9/16/2011,0.6333122229259025
9/18/2011,0.6365372374283896
9/19/2011,0.6381620931716656
9/20/2011,0.6357279084551811
9/21/2011,0.6455777921239508
9/22/2011,0.6501950585175552
9/23/2011,0.6464124111182935
9/25/2011,0.6464124111182935
9/26/2011,0.6430868167202572
9/27/2011,0.6397952655150351
9/28/2011,0.6430868167202572
9/29/2011,0.6406149903907752
9/30/2011,0.6414368184733803
10/2/2011,0.6422607578676943
10/3/2011,0.6480881399870382
10/4/2011,0.6468305304010349
10/5/2011,0.6468305304010349
10/6/2011,0.6480881399870382
10/7/2011,0.6426735218508998
10/9/2011,0.6430868167202572
10/10/2011,0.639386189258312
10/11/2011,0.6418485237483954
10/12/2011,0.6357279084551811
10/13/2011,0.6353240152477764
10/14/2011,0.6325110689437066
10/16/2011,0.6325110689437066
10/17/2011,0.6353240152477764
10/18/2011,0.6369426751592356
10/19/2011,0.6341154090044389
10/20/2011,0.6329113924050632
10/21/2011,0.6265664160401003
10/23/2011,0.6273525721455457
10/24/2011,0.6253908692933083
10/25/2011,0.625
10/26/2011,0.6261740763932373
10/27/2011,0.6215040397762586
10/28/2011,0.620347394540943
10/30/2011,0.6207324643078833
10/31/2011,0.6222775357809583
11/1/2011,0.6277463904582548
11/2/2011,0.6289308176100629
11/3/2011,0.6238303181534621
11/4/2011,0.6246096189881324
11/6/2011,0.6238303181534621
11/7/2011,0.6226650062266501
11/8/2011,0.6215040397762586
11/9/2011,0.6285355122564426
11/10/2011,0.6277463904582548
11/11/2011,0.6222775357809583
11/13/2011,0.6222775357809583
11/14/2011,0.6293266205160478
11/15/2011,0.6329113924050632
11/16/2011,0.6369426751592356
11/17/2011,0.6353240152477764
11/18/2011,0.6337135614702154
11/20/2011,0.6341154090044389
11/21/2011,0.6397952655150351
11/22/2011,0.639386189258312
11/23/2011,0.6443298969072165
11/24/2011,0.6464124111182935
11/25/2011,0.6472491909385114
11/27/2011,0.6459948320413437
11/28/2011,0.6455777921239508
11/29/2011,0.6414368184733803
11/30/2011,0.6369426751592356
12/1/2011,0.6377551020408163
12/2/2011,0.641025641025641
12/4/2011,0.641025641025641
12/5/2011,0.639386189258312
12/6/2011,0.641025641025641
12/7/2011,0.6373486297004461
12/8/2011,0.6397952655150351
12/9/2011,0.6381620931716656
12/11/2011,0.6389776357827476
12/12/2011,0.6422607578676943
12/13/2011,0.6464124111182935
12/14/2011,0.6464124111182935
12/15/2011,0.6443298969072165
12/16/2011,0.6435006435006435
12/18/2011,0.6443298969072165
12/19/2011,0.6451612903225806
12/20/2011,0.6385696040868455
12/21/2011,0.6385696040868455
12/22/2011,0.6381620931716656
12/23/2011,0.6418485237483954
12/26/2011,0.6402048655569783
12/27/2011,0.6385696040868455
12/28/2011,0.6480881399870382
12/29/2011,0.6489292667099287
12/30/2011,0.6435006435006435
1/2/2012,0.6447453255963894
1/3/2012,0.639386189258312
1/4/2012,0.641025641025641
1/5/2012,0.6455777921239508
1/6/2012,0.648508430609598
1/8/2012,0.6489292667099287
1/9/2012,0.6472491909385114
1/10/2012,0.6464124111182935
1/11/2012,0.6523157208088715
1/12/2012,0.651890482398957
1/13/2012,0.6531678641410843
1/15/2012,0.6535947712418301
1/16/2012,0.6527415143603134
1/17/2012,0.6523157208088715
1/18/2012,0.648508430609598
1/19/2012,0.6459948320413437
1/20/2012,0.6422607578676943
1/22/2012,0.6435006435006435
1/23/2012,0.6422607578676943
1/24/2012,0.6402048655569783
1/25/2012,0.6389776357827476
1/26/2012,0.6381620931716656
1/27/2012,0.6361323155216285
1/29/2012,0.6361323155216285
1/30/2012,0.6369426751592356
1/31/2012,0.6345177664974619
2/1/2012,0.6313131313131313
2/2/2012,0.6329113924050632
2/3/2012,0.6325110689437066
2/5/2012,0.6329113924050632
2/6/2012,0.6325110689437066
2/7/2012,0.6293266205160478
2/8/2012,0.6329113924050632
2/9/2012,0.6325110689437066
2/10/2012,0.6349206349206349
2/12/2012,0.6341154090044389
2/13/2012,0.6361323155216285
2/14/2012,0.6373486297004461
2/15/2012,0.6377551020408163
2/16/2012,0.6329113924050632
2/17/2012,0.6317119393556537
2/19/2012,0.6305170239596469
2/20/2012,0.6321112515802781
2/21/2012,0.6333122229259025
2/22/2012,0.6381620931716656
2/23/2012,0.6353240152477764
2/24/2012,0.630119722747322
2/26/2012,0.6297229219143576
2/27/2012,0.6317119393556537
2/28/2012,0.628140703517588
2/29/2012,0.628140703517588
3/1/2012,0.6269592476489029
3/2/2012,0.6317119393556537
3/4/2012,0.6317119393556537
3/5/2012,0.630119722747322
3/6/2012,0.6361323155216285
3/7/2012,0.6357279084551811
3/8/2012,0.6321112515802781
3/9/2012,0.6381620931716656
3/11/2012,0.6385696040868455
3/12/2012,0.6389776357827476
3/13/2012,0.6369426751592356
3/14/2012,0.6389776357827476
3/15/2012,0.6369426751592356
3/16/2012,0.6313131313131313
3/18/2012,0.6317119393556537
3/19/2012,0.6297229219143576
3/20/2012,0.6305170239596469
3/21/2012,0.630119722747322
3/22/2012,0.6321112515802781
3/23/2012,0.6305170239596469
3/25/2012,0.630119722747322
3/26/2012,0.6265664160401003
3/27/2012,0.6269592476489029
3/28/2012,0.6293266205160478
3/29/2012,0.6269592476489029
3/30/2012,0.6246096189881324
4/1/2012,0.6246096189881324
4/2/2012,0.6238303181534621
4/3/2012,0.6289308176100629
4/4/2012,0.6289308176100629
4/5/2012,0.6321112515802781
4/6/2012,0.630119722747322
4/8/2012,0.630119722747322
4/9/2012,0.6289308176100629
4/10/2012,0.6309148264984227
4/11/2012,0.628140703517588
4/12/2012,0.6269592476489029
4/13/2012,0.6313131313131313
4/15/2012,0.6317119393556537
4/16/2012,0.6293266205160478
4/17/2012,0.6273525721455457
4/18/2012,0.6246096189881324
4/19/2012,0.6230529595015576
4/20/2012,0.620347394540943
4/22/2012,0.6199628022318661
4/23/2012,0.6207324643078833
4/24/2012,0.6195786864931846
4/25/2012,0.6184291898577613
4/26/2012,0.6184291898577613
4/27/2012,0.6150061500615006
4/29/2012,0.6146281499692686
4/30/2012,0.6161429451632778
5/1/2012,0.6165228113440198
5/2/2012,0.6176652254478073
5/3/2012,0.6176652254478073
5/4/2012,0.6191950464396285
5/6/2012,0.6207324643078833
5/7/2012,0.6180469715698392
5/8/2012,0.6195786864931846
5/9/2012,0.6199628022318661
5/10/2012,0.6199628022318661
5/11/2012,0.6226650062266501
5/13/2012,0.6222775357809583
5/14/2012,0.6215040397762586
5/15/2012,0.6257822277847309
5/16/2012,0.628140703517588
5/17/2012,0.6337135614702154
5/18/2012,0.6325110689437066
5/20/2012,0.6325110689437066
5/21/2012,0.6321112515802781
5/22/2012,0.6349206349206349
5/23/2012,0.6381620931716656
5/24/2012,0.6389776357827476
5/25/2012,0.6389776357827476
5/27/2012,0.6381620931716656
5/28/2012,0.6385696040868455
5/29/2012,0.6397952655150351
5/30/2012,0.6459948320413437
5/31/2012,0.649772579597141
6/1/2012,0.6510416666666666
6/3/2012,0.651890482398957
6/4/2012,0.649772579597141
6/5/2012,0.6501950585175552
6/6/2012,0.6459948320413437
6/7/2012,0.6443298969072165
6/8/2012,0.6464124111182935
6/10/2012,0.643915003219575
6/11/2012,0.6459948320413437
6/12/2012,0.6426735218508998
6/13/2012,0.6443298969072165
6/14/2012,0.6430868167202572
6/15/2012,0.6365372374283896
6/17/2012,0.6365372374283896
6/18/2012,0.6377551020408163
6/19/2012,0.6365372374283896
6/20/2012,0.6369426751592356
6/21/2012,0.6414368184733803
6/22/2012,0.6418485237483954
6/24/2012,0.6418485237483954
6/25/2012,0.6426735218508998
6/26/2012,0.6397952655150351
6/27/2012,0.6426735218508998
6/28/2012,0.6447453255963894
6/29/2012,0.6369426751592356
7/1/2012,0.6381620931716656
7/2/2012,0.6373486297004461
7/3/2012,0.6377551020408163
7/4/2012,0.6418485237483954
7/5/2012,0.6443298969072165
7/6/2012,0.6459948320413437
7/8/2012,0.6464124111182935
7/9/2012,0.6443298969072165
7/10/2012,0.6447453255963894
7/11/2012,0.6451612903225806
7/12/2012,0.648508430609598
7/13/2012,0.6422607578676943
7/15/2012,0.6418485237483954
7/16/2012,0.6402048655569783
7/17/2012,0.6385696040868455
7/18/2012,0.639386189258312
7/19/2012,0.6365372374283896
7/20/2012,0.6402048655569783
7/22/2012,0.641025641025641
7/23/2012,0.6447453255963894
7/24/2012,0.6455777921239508
7/25/2012,0.6459948320413437
7/26/2012,0.6377551020408163
7/27/2012,0.6353240152477764
7/29/2012,0.6361323155216285
7/30/2012,0.6365372374283896
7/31/2012,0.6385696040868455
8/1/2012,0.6435006435006435
8/2/2012,0.6447453255963894
8/3/2012,0.639386189258312
8/5/2012,0.6389776357827476
8/6/2012,0.6418485237483954
8/7/2012,0.6406149903907752
8/8/2012,0.6385696040868455
8/9/2012,0.6402048655569783
8/10/2012,0.6377551020408163
8/12/2012,0.6385696040868455
8/13/2012,0.6381620931716656
8/14/2012,0.6381620931716656
8/15/2012,0.6381620931716656
8/16/2012,0.6357279084551811
8/17/2012,0.6373486297004461
8/19/2012,0.6377551020408163
8/20/2012,0.6369426751592356
8/21/2012,0.6341154090044389
8/22/2012,0.6297229219143576
8/23/2012,0.6309148264984227
8/24/2012,0.6325110689437066
8/26/2012,0.6329113924050632
8/27/2012,0.6333122229259025
8/28/2012,0.6321112515802781
8/29/2012,0.6321112515802781
8/30/2012,0.6337135614702154
8/31/2012,0.6305170239596469
9/2/2012,0.6305170239596469
9/3/2012,0.630119722747322
9/4/2012,0.6305170239596469
9/5/2012,0.6289308176100629
9/6/2012,0.6277463904582548
9/7/2012,0.625
9/9/2012,0.625
9/10/2012,0.6253908692933083
9/11/2012,0.6222775357809583
9/12/2012,0.6211180124223602
9/13/2012,0.6191950464396285
9/14/2012,0.6169031462060457
9/16/2012,0.6165228113440198
9/17/2012,0.6157635467980295
9/18/2012,0.6157635467980295
9/19/2012,0.6161429451632778
9/20/2012,0.6165228113440198
9/21/2012,0.6165228113440198
9/23/2012,0.6161429451632778
9/24/2012,0.6165228113440198
9/25/2012,0.6176652254478073
9/26/2012,0.6184291898577613
9/27/2012,0.6161429451632778
9/28/2012,0.6188118811881188
9/30/2012,0.620347394540943
10/1/2012,0.6199628022318661
10/2/2012,0.620347394540943
10/3/2012,0.6211180124223602
10/4/2012,0.6180469715698392
10/5/2012,0.620347394540943
10/7/2012,0.6199628022318661
10/8/2012,0.6238303181534621
10/9/2012,0.6253908692933083
10/10/2012,0.625
10/11/2012,0.6234413965087281
10/12/2012,0.6222775357809583
10/14/2012,0.6230529595015576
10/15/2012,0.6222775357809583
10/16/2012,0.620347394540943
10/17/2012,0.6199628022318661
10/18/2012,0.6230529595015576
10/19/2012,0.625
10/21/2012,0.6253908692933083
10/22/2012,0.6242197253433209
10/23/2012,0.6273525721455457
10/24/2012,0.6238303181534621
10/25/2012,0.6207324643078833
10/26/2012,0.6211180124223602
10/28/2012,0.6218905472636815
10/29/2012,0.6242197253433209
10/30/2012,0.6222775357809583
10/31/2012,0.6199628022318661
11/1/2012,0.6199628022318661
11/2/2012,0.6242197253433209
11/4/2012,0.6246096189881324
11/5/2012,0.6257822277847309
11/6/2012,0.6253908692933083
11/7/2012,0.6261740763932373
11/8/2012,0.6261740763932373
11/9/2012,0.6293266205160478
11/11/2012,0.6293266205160478
11/12/2012,0.630119722747322
11/13/2012,0.630119722747322
11/14/2012,0.6317119393556537
11/15/2012,0.6305170239596469
11/16/2012,0.6297229219143576
11/18/2012,0.6293266205160478
11/19/2012,0.6293266205160478
11/20/2012,0.628140703517588
11/21/2012,0.6265664160401003
11/22/2012,0.6277463904582548
11/23/2012,0.6238303181534621
11/25/2012,0.6242197253433209
11/26/2012,0.6238303181534621
11/27/2012,0.6246096189881324
11/28/2012,0.6246096189881324
11/29/2012,0.6238303181534621
11/30/2012,0.625
12/2/2012,0.6242197253433209
12/3/2012,0.6215040397762586
12/4/2012,0.6215040397762586
12/5/2012,0.6215040397762586
12/6/2012,0.6234413965087281
12/7/2012,0.6234413965087281
12/9/2012,0.6238303181534621
12/10/2012,0.6222775357809583
12/11/2012,0.6207324643078833
12/12/2012,0.6199628022318661
12/13/2012,0.6207324643078833
12/14/2012,0.6188118811881188
12/16/2012,0.6184291898577613
12/17/2012,0.6172839506172839
12/18/2012,0.6153846153846154
12/19/2012,0.6153846153846154
12/20/2012,0.6146281499692686
12/21/2012,0.6184291898577613
12/23/2012,0.6191950464396285
12/24/2012,0.6207324643078833
12/26/2012,0.620347394540943
12/27/2012,0.6207324643078833
12/28/2012,0.6188118811881188
12/30/2012,0.6188118811881188
12/31/2012,0.6150061500615006
1/2/2013,0.6153846153846154
1/3/2013,0.6222775357809583
1/4/2013,0.6226650062266501
1/6/2013,0.6226650062266501
1/7/2013,0.620347394540943
1/8/2013,0.6230529595015576
1/9/2013,0.6246096189881324
1/10/2013,0.6188118811881188
1/11/2013,0.6199628022318661
1/13/2013,0.620347394540943
1/14/2013,0.6222775357809583
1/15/2013,0.6222775357809583
1/16/2013,0.6253908692933083
1/17/2013,0.6261740763932373
1/18/2013,0.6305170239596469
1/20/2013,0.6309148264984227
1/21/2013,0.6317119393556537
1/22/2013,0.6317119393556537
1/23/2013,0.6321112515802781
1/24/2013,0.6337135614702154
1/25/2013,0.6329113924050632
1/27/2013,0.6341154090044389
1/28/2013,0.6373486297004461
1/29/2013,0.6353240152477764
1/30/2013,0.6333122229259025
1/31/2013,0.6305170239596469
2/1/2013,0.6373486297004461
2/3/2013,0.6369426751592356
2/4/2013,0.6349206349206349
2/5/2013,0.6385696040868455
2/6/2013,0.6385696040868455
2/7/2013,0.6369426751592356
2/8/2013,0.6333122229259025
2/10/2013,0.6333122229259025
2/11/2013,0.6389776357827476
2/12/2013,0.6381620931716656
2/13/2013,0.643915003219575
2/14/2013,0.6459948320413437
2/15/2013,0.6447453255963894
2/17/2013,0.6464124111182935
2/18/2013,0.6464124111182935
2/19/2013,0.648508430609598
2/20/2013,0.6570302233902761
2/21/2013,0.655307994757536
2/22/2013,0.6591957811470007
2/24/2013,0.6626905235255135
2/25/2013,0.6596306068601583
2/26/2013,0.6609385327164573
2/27/2013,0.6596306068601583
2/28/2013,0.6596306068601583
3/1/2013,0.6648936170212766
3/3/2013,0.665335994677312
3/4/2013,0.6613756613756615
3/5/2013,0.6609385327164573
3/6/2013,0.66711140760507
3/7/2013,0.6657789613848203
3/8/2013,0.6706908115358821
3/10/2013,0.6711409395973155
3/11/2013,0.6711409395973155
3/12/2013,0.6711409395973155
3/13/2013,0.6702412868632708
3/14/2013,0.6631299734748011
3/15/2013,0.6618133686300464
3/17/2013,0.6622516556291391
3/18/2013,0.6626905235255135
3/19/2013,0.6626905235255135
3/20/2013,0.6626905235255135
3/21/2013,0.6591957811470007
3/22/2013,0.6570302233902761
3/24/2013,0.6561679790026247
3/25/2013,0.6591957811470007
3/26/2013,0.6596306068601583
3/27/2013,0.6613756613756615
3/28/2013,0.6578947368421053
3/29/2013,0.6578947368421053
3/31/2013,0.6583278472679394
4/1/2013,0.6570302233902761
4/2/2013,0.6622516556291391
4/3/2013,0.6609385327164573
4/4/2013,0.6570302233902761
4/5/2013,0.651890482398957
4/7/2013,0.651890482398957
4/8/2013,0.655307994757536
4/9/2013,0.6527415143603134
4/10/2013,0.6527415143603134
4/11/2013,0.649772579597141
4/12/2013,0.651890482398957
4/14/2013,0.6514657980456027
4/15/2013,0.6540222367560496
4/16/2013,0.6514657980456027
4/17/2013,0.6561679790026247
4/18/2013,0.6544502617801047
4/19/2013,0.6565988181221273
4/21/2013,0.6570302233902761
4/22/2013,0.6540222367560496
4/23/2013,0.6570302233902761
4/24/2013,0.6548788474132285
4/25/2013,0.6480881399870382
4/26/2013,0.6464124111182935
4/28/2013,0.6459948320413437
4/29/2013,0.6459948320413437
4/30/2013,0.643915003219575
5/1/2013,0.6422607578676943
5/2/2013,0.643915003219575
5/3/2013,0.6426735218508998
5/5/2013,0.6422607578676943
5/6/2013,0.643915003219575
5/7/2013,0.6464124111182935
5/8/2013,0.6435006435006435
5/9/2013,0.6476683937823834
5/10/2013,0.6510416666666666
5/12/2013,0.651890482398957
5/13/2013,0.6535947712418301
5/14/2013,0.6570302233902761
5/15/2013,0.6565988181221273
5/16/2013,0.6548788474132285
5/17/2013,0.6591957811470007
5/19/2013,0.6591957811470007
5/20/2013,0.655307994757536
5/21/2013,0.6596306068601583
5/22/2013,0.665335994677312
5/23/2013,0.6626905235255135
5/24/2013,0.6613756613756615
5/26/2013,0.6613756613756615
5/27/2013,0.6622516556291391
5/28/2013,0.6657789613848203
5/29/2013,0.6609385327164573
5/30/2013,0.6570302233902761
5/31/2013,0.6583278472679394
6/2/2013,0.6578947368421053
6/3/2013,0.6527415143603134
6/4/2013,0.6535947712418301
6/5/2013,0.649772579597141
6/6/2013,0.641025641025641
6/7/2013,0.6430868167202572
6/9/2013,0.6443298969072165
6/10/2013,0.6426735218508998
6/11/2013,0.639386189258312
6/12/2013,0.6377551020408163
6/13/2013,0.6369426751592356
6/14/2013,0.6369426751592356
6/16/2013,0.6357279084551811
6/17/2013,0.6365372374283896
6/18/2013,0.6397952655150351
6/19/2013,0.6464124111182935
6/20/2013,0.6447453255963894
6/21/2013,0.648508430609598
6/23/2013,0.6501950585175552
6/24/2013,0.6472491909385114
6/25/2013,0.6493506493506493
6/26/2013,0.6531678641410843
6/27/2013,0.6557377049180328
6/28/2013,0.6578947368421053
6/30/2013,0.6578947368421053
7/1/2013,0.6574621959237344
7/2/2013,0.6600660066006601
7/3/2013,0.6544502617801047
7/4/2013,0.665335994677312
7/5/2013,0.6720430107526881
7/7/2013,0.6734006734006733
7/8/2013,0.6697923643670461
7/9/2013,0.6738544474393531
7/10/2013,0.6613756613756615
7/11/2013,0.6591957811470007
7/12/2013,0.6622516556291391
7/14/2013,0.6622516556291391
7/15/2013,0.6626905235255135
7/16/2013,0.6613756613756615
7/17/2013,0.6578947368421053
7/18/2013,0.6570302233902761
7/19/2013,0.655307994757536
7/21/2013,0.6544502617801047
7/22/2013,0.6510416666666666
7/23/2013,0.6506180871828238
7/24/2013,0.6535947712418301
7/25/2013,0.6501950585175552
7/26/2013,0.6501950585175552
7/28/2013,0.649772579597141
7/29/2013,0.651890482398957
7/30/2013,0.6561679790026247
7/31/2013,0.6591957811470007
8/1/2013,0.6618133686300464
8/2/2013,0.6544502617801047
8/4/2013,0.6544502617801047
8/5/2013,0.6514657980456027
8/6/2013,0.651890482398957
8/7/2013,0.6455777921239508
8/8/2013,0.643915003219575
8/9/2013,0.6447453255963894
8/11/2013,0.6447453255963894
8/12/2013,0.6472491909385114
8/13/2013,0.6476683937823834
8/14/2013,0.6447453255963894
8/15/2013,0.6397952655150351
8/16/2013,0.6402048655569783
8/18/2013,0.6402048655569783
8/19/2013,0.639386189258312
8/20/2013,0.6385696040868455
8/21/2013,0.6406149903907752
8/22/2013,0.6414368184733803
8/23/2013,0.6426735218508998
8/25/2013,0.6422607578676943
8/26/2013,0.6418485237483954
8/27/2013,0.6435006435006435
8/28/2013,0.6443298969072165
8/29/2013,0.6451612903225806
8/30/2013,0.6451612903225806
9/1/2013,0.6447453255963894
9/2/2013,0.6435006435006435
9/3/2013,0.6426735218508998
9/4/2013,0.6402048655569783
9/5/2013,0.6418485237483954
9/6/2013,0.6402048655569783
9/8/2013,0.6397952655150351
9/9/2013,0.6373486297004461
9/10/2013,0.6357279084551811
9/11/2013,0.6321112515802781
9/12/2013,0.6329113924050632
9/13/2013,0.630119722747322
9/15/2013,0.6277463904582548
9/16/2013,0.6289308176100629
9/17/2013,0.6289308176100629
9/18/2013,0.6199628022318661
9/19/2013,0.6238303181534621
9/20/2013,0.625
9/22/2013,0.6246096189881324
9/23/2013,0.6234413965087281
9/24/2013,0.6253908692933083
9/25/2013,0.6222775357809583
9/26/2013,0.6238303181534621
9/27/2013,0.6199628022318661
9/29/2013,0.6188118811881188
9/30/2013,0.6180469715698392
10/1/2013,0.6176652254478073
10/2/2013,0.6161429451632778
10/3/2013,0.6191950464396285
10/4/2013,0.625
10/6/2013,0.6238303181534621
10/7/2013,0.6215040397762586
10/8/2013,0.6207324643078833
10/9/2013,0.6269592476489029
10/10/2013,0.6261740763932373
10/11/2013,0.6269592476489029
10/13/2013,0.6265664160401003
10/14/2013,0.6261740763932373
10/15/2013,0.6257822277847309
10/16/2013,0.6273525721455457
10/17/2013,0.6195786864931846
10/18/2013,0.6188118811881188
10/20/2013,0.6184291898577613
10/21/2013,0.6199628022318661
10/22/2013,0.6161429451632778
10/23/2013,0.6188118811881188
10/24/2013,0.6176652254478073
10/25/2013,0.6188118811881188
10/27/2013,0.6184291898577613
10/28/2013,0.6199628022318661
10/29/2013,0.6234413965087281
10/30/2013,0.6242197253433209
10/31/2013,0.6234413965087281
11/1/2013,0.628140703517588
11/3/2013,0.628140703517588
11/4/2013,0.6261740763932373
11/5/2013,0.6234413965087281
11/6/2013,0.6218905472636815
11/7/2013,0.6218905472636815
11/8/2013,0.6246096189881324
11/10/2013,0.625
11/11/2013,0.6257822277847309
11/12/2013,0.6297229219143576
11/13/2013,0.6234413965087281
11/14/2013,0.6230529595015576
11/15/2013,0.6207324643078833
11/17/2013,0.6207324643078833
11/18/2013,0.6207324643078833
11/19/2013,0.6199628022318661
11/20/2013,0.6215040397762586
11/21/2013,0.6184291898577613
11/22/2013,0.6165228113440198
11/24/2013,0.6161429451632778
11/25/2013,0.6184291898577613
11/26/2013,0.6172839506172839
11/27/2013,0.6142506142506142
11/28/2013,0.612369871402327
11/29/2013,0.6112469437652812
12/1/2013,0.6108735491753208
12/2/2013,0.6116207951070336
12/3/2013,0.6105006105006104
12/4/2013,0.6108735491753208
12/5/2013,0.612369871402327
12/6/2013,0.6119951040391677
12/8/2013,0.6127450980392157
12/9/2013,0.6090133982947625
12/10/2013,0.60790273556231
12/11/2013,0.6108735491753208
12/12/2013,0.612369871402327
12/13/2013,0.6138735420503376
12/15/2013,0.6138735420503376
12/16/2013,0.6138735420503376
12/17/2013,0.6146281499692686
12/18/2013,0.6105006105006104
12/19/2013,0.6112469437652812
12/20/2013,0.612369871402327
12/22/2013,0.6127450980392157
12/23/2013,0.6119951040391677
12/24/2013,0.6112469437652812
12/26/2013,0.6093845216331505
12/27/2013,0.6071645415907712
12/29/2013,0.6067961165048543
12/30/2013,0.6064281382656155
12/31/2013,0.6035003017501509
1/2/2014,0.608272506082725
1/3/2014,0.6093845216331505
1/5/2014,0.6093845216331505
1/6/2014,0.6093845216331505
1/7/2014,0.6101281269066504
1/8/2014,0.608272506082725
1/9/2014,0.6071645415907712
1/10/2014,0.6067961165048543
1/12/2014,0.6064281382656155
1/13/2014,0.6105006105006104
1/14/2014,0.6086427267194157
1/15/2014,0.6112469437652812
1/16/2014,0.6119951040391677
1/17/2014,0.6090133982947625
1/19/2014,0.6093845216331505
1/20/2014,0.6090133982947625
1/21/2014,0.6071645415907712
1/22/2014,0.6038647342995169
1/23/2014,0.6013229104028863
1/24/2014,0.6067961165048543
1/26/2014,0.6064281382656155
1/27/2014,0.6035003017501509
1/28/2014,0.6038647342995169
1/29/2014,0.6042296072507553
1/30/2014,0.6064281382656155
1/31/2014,0.6086427267194157
2/2/2014,0.6086427267194157
2/3/2014,0.6134969325153374
2/4/2014,0.6127450980392157
2/5/2014,0.6127450980392157
2/6/2014,0.6127450980392157
2/7/2014,0.6097560975609756
2/9/2014,0.6097560975609756
2/10/2014,0.6097560975609756
2/11/2014,0.608272506082725
2/12/2014,0.6024096385542169
2/13/2014,0.6006006006006006
2/14/2014,0.5973715651135005
2/16/2014,0.5966587112171838
2/17/2014,0.5984440454817475
2/18/2014,0.5995203836930455
2/19/2014,0.599880023995201
2/20/2014,0.6002400960384154
2/21/2014,0.6020469596628537
2/23/2014,0.6013229104028863
2/24/2014,0.6006006006006006
2/25/2014,0.599880023995201
2/26/2014,0.6002400960384154
2/27/2014,0.5991611743559018
2/28/2014,0.5977286312014345
3/2/2014,0.5977286312014345
3/3/2014,0.6002400960384154
3/4/2014,0.6002400960384154
3/5/2014,0.5984440454817475
3/6/2014,0.5973715651135005
3/7/2014,0.5984440454817475
3/9/2014,0.5977286312014345
3/10/2014,0.6013229104028863
3/11/2014,0.6020469596628537
3/12/2014,0.6020469596628537
3/13/2014,0.601684717208183
3/14/2014,0.6009615384615384
3/16/2014,0.6009615384615384
3/17/2014,0.6013229104028863
3/18/2014,0.6027727546714888
3/19/2014,0.6049606775559588
3/20/2014,0.6060606060606061
3/21/2014,0.6067961165048543
3/23/2014,0.6064281382656155
3/24/2014,0.6064281382656155
3/25/2014,0.6049606775559588
3/26/2014,0.6035003017501509
3/27/2014,0.6024096385542169
3/28/2014,0.6013229104028863
3/30/2014,0.6009615384615384
3/31/2014,0.6002400960384154
4/1/2014,0.6013229104028863
4/2/2014,0.601684717208183
4/3/2014,0.6027727546714888
4/4/2014,0.6035003017501509
4/6/2014,0.6035003017501509
4/7/2014,0.6024096385542169
4/8/2014,0.5973715651135005
4/9/2014,0.5955926146515783
4/10/2014,0.5963029218843173
4/11/2014,0.5977286312014345
4/13/2014,0.5980861244019139
4/14/2014,0.5980861244019139
4/15/2014,0.5980861244019139
4/16/2014,0.5952380952380952
4/17/2014,0.5959475566150179
4/18/2014,0.5959475566150179
4/20/2014,0.5959475566150179
4/21/2014,0.5955926146515783
4/22/2014,0.5945303210463734
4/23/2014,0.5959475566150179
4/24/2014,0.5952380952380952
4/25/2014,0.5952380952380952
4/27/2014,0.5952380952380952
4/28/2014,0.5952380952380952
4/29/2014,0.5945303210463734
4/30/2014,0.5927682276229994
5/1/2014,0.5920663114268798
5/2/2014,0.5927682276229994
5/4/2014,0.5927682276229994
5/5/2014,0.5931198102016607
5/6/2014,0.5892751915144373
5/7/2014,0.5899705014749262
5/8/2014,0.5906674542232723
5/9/2014,0.5938242280285035
5/11/2014,0.5934718100890207
5/12/2014,0.5927682276229994
5/13/2014,0.5941770647653001
5/14/2014,0.5966587112171838
5/15/2014,0.5955926146515783
5/16/2014,0.594883997620464
5/18/2014,0.5945303210463734
5/19/2014,0.594883997620464
5/20/2014,0.5941770647653001
5/21/2014,0.5920663114268798
5/22/2014,0.5931198102016607
5/23/2014,0.5941770647653001
5/25/2014,0.5941770647653001
5/26/2014,0.5938242280285035
5/27/2014,0.594883997620464
5/28/2014,0.5984440454817475
5/29/2014,0.5980861244019139
5/30/2014,0.5970149253731343
6/1/2014,0.5970149253731343
6/2/2014,0.5973715651135005
6/3/2014,0.5973715651135005
6/4/2014,0.5977286312014345
6/5/2014,0.5952380952380952
6/6/2014,0.5952380952380952
6/8/2014,0.5952380952380952
6/9/2014,0.5952380952380952
6/10/2014,0.5973715651135005
6/11/2014,0.5955926146515783
6/12/2014,0.5899705014749262
6/13/2014,0.589622641509434
6/15/2014,0.5892751915144373
6/16/2014,0.5892751915144373
6/17/2014,0.589622641509434
6/18/2014,0.5885815185403178
6/19/2014,0.5871990604815032
6/20/2014,0.5878894767783657
6/22/2014,0.5875440658049353
6/23/2014,0.5875440658049353
6/24/2014,0.5889281507656066
6/25/2014,0.5889281507656066
6/26/2014,0.5875440658049353
6/27/2014,0.5871990604815032
6/29/2014,0.5871990604815032
6/30/2014,0.5847953216374269
7/1/2014,0.5834305717619603
7/2/2014,0.5827505827505828
7/3/2014,0.5830903790087463
7/4/2014,0.5827505827505828
7/6/2014,0.5830903790087463
7/7/2014,0.5837711617046117
7/8/2014,0.5837711617046117
7/9/2014,0.5830903790087463
7/10/2014,0.5841121495327103
7/11/2014,0.5841121495327103
7/13/2014,0.5841121495327103
7/14/2014,0.585480093676815
7/15/2014,0.5834305717619603
7/16/2014,0.5837711617046117
7/17/2014,0.5851375073142188
7/18/2014,0.585480093676815
7/20/2014,0.585480093676815
7/21/2014,0.5861664712778429
7/22/2014,0.5861664712778429
7/23/2014,0.5871990604815032
7/24/2014,0.5885815185403178
7/25/2014,0.5892751915144373
7/27/2014,0.5889281507656066
7/28/2014,0.5889281507656066
7/29/2014,0.5903187721369539
7/30/2014,0.591715976331361
7/31/2014,0.5920663114268798
8/1/2014,0.5945303210463734
8/3/2014,0.5945303210463734
8/4/2014,0.5931198102016607
8/5/2014,0.5927682276229994
8/6/2014,0.5934718100890207
8/7/2014,0.5945303210463734
8/8/2014,0.5963029218843173
8/10/2014,0.5963029218843173
8/11/2014,0.5959475566150179
8/12/2014,0.5952380952380952
8/13/2014,0.5995203836930455
8/14/2014,0.5995203836930455
8/15/2014,0.5991611743559018
8/17/2014,0.5984440454817475
8/18/2014,0.5980861244019139
8/19/2014,0.6020469596628537
8/20/2014,0.6027727546714888
8/21/2014,0.6035003017501509
8/22/2014,0.6035003017501509
8/24/2014,0.6045949214026601
8/25/2014,0.6038647342995169
8/26/2014,0.6045949214026601
8/27/2014,0.6035003017501509
8/28/2014,0.6031363088057901
8/29/2014,0.6027727546714888
8/31/2014,0.6027727546714888
9/1/2014,0.6020469596628537
9/2/2014,0.6075334143377886
9/3/2014,0.60790273556231
9/4/2014,0.6138735420503376
9/5/2014,0.6127450980392157
9/7/2014,0.6169031462060457
9/8/2014,0.6215040397762586
9/9/2014,0.620347394540943
9/10/2014,0.6176652254478073
9/11/2014,0.6157635467980295
9/12/2014,0.6150061500615006
9/14/2014,0.6153846153846154
9/15/2014,0.6165228113440198
9/16/2014,0.6150061500615006
9/17/2014,0.6150061500615006
9/18/2014,0.6090133982947625
9/19/2014,0.6142506142506142
9/21/2014,0.6134969325153374
9/22/2014,0.6112469437652812
9/23/2014,0.6101281269066504
9/24/2014,0.6127450980392157
9/25/2014,0.612369871402327
9/26/2014,0.6157635467980295
9/28/2014,0.6161429451632778
9/29/2014,0.6157635467980295
9/30/2014,0.6169031462060457
10/1/2014,0.6180469715698392
10/2/2014,0.6191950464396285
10/3/2014,0.6265664160401003
10/5/2014,0.6265664160401003
10/6/2014,0.6222775357809583
10/7/2014,0.6218905472636815
10/8/2014,0.6188118811881188
10/9/2014,0.620347394540943
10/10/2014,0.6222775357809583
10/12/2014,0.6215040397762586
10/13/2014,0.6226650062266501
10/14/2014,0.6297229219143576
10/15/2014,0.6257822277847309
10/16/2014,0.6215040397762586
10/17/2014,0.6215040397762586
10/19/2014,0.6215040397762586
10/20/2014,0.6191950464396285
10/21/2014,0.6207324643078833
10/22/2014,0.6234413965087281
10/23/2014,0.6242197253433209
10/24/2014,0.6218905472636815
10/26/2014,0.6215040397762586
10/27/2014,0.620347394540943
10/28/2014,0.6195786864931846
10/29/2014,0.625
10/30/2014,0.6253908692933083
10/31/2014,0.6253908692933083
11/2/2014,0.6261740763932373
11/3/2014,0.6261740763932373
11/4/2014,0.625
11/5/2014,0.6265664160401003
11/6/2014,0.6313131313131313
11/7/2014,0.630119722747322
11/9/2014,0.6297229219143576
11/10/2014,0.6309148264984227
11/11/2014,0.628140703517588
11/12/2014,0.6345177664974619
11/13/2014,0.6369426751592356
11/14/2014,0.6385696040868455
11/16/2014,0.6385696040868455
11/17/2014,0.6397952655150351
11/18/2014,0.6402048655569783
11/19/2014,0.6381620931716656
11/20/2014,0.6373486297004461
11/21/2014,0.6389776357827476
11/23/2014,0.639386189258312
11/24/2014,0.6373486297004461
11/25/2014,0.6361323155216285
11/26/2014,0.6337135614702154
11/27/2014,0.6361323155216285
11/28/2014,0.6389776357827476
11/30/2014,0.6406149903907752
12/1/2014,0.6357279084551811
12/2/2014,0.639386189258312
12/3/2014,0.6373486297004461
12/4/2014,0.6381620931716656
12/5/2014,0.6418485237483954
12/7/2014,0.6426735218508998
12/8/2014,0.6389776357827476
12/9/2014,0.6377551020408163
12/10/2014,0.6353240152477764
12/11/2014,0.6365372374283896
12/12/2014,0.6361323155216285
12/14/2014,0.6361323155216285
12/15/2014,0.639386189258312
12/16/2014,0.6353240152477764
12/17/2014,0.6422607578676943
12/18/2014,0.6385696040868455
12/19/2014,0.6402048655569783
12/21/2014,0.6402048655569783
12/22/2014,0.6422607578676943
12/23/2014,0.6443298969072165
12/24/2014,0.6426735218508998
12/26/2014,0.6430868167202572
12/28/2014,0.6430868167202572
12/29/2014,0.6447453255963894
12/30/2014,0.6426735218508998
12/31/2014,0.6422607578676943
1/2/2015,0.6527415143603134
1/4/2015,0.6544502617801047
1/5/2015,0.6557377049180328
1/6/2015,0.6609385327164573
1/7/2015,0.6622516556291391
1/8/2015,0.6631299734748011
1/9/2015,0.6600660066006601
1/11/2015,0.6587615283267457
1/12/2015,0.6591957811470007
1/13/2015,0.6596306068601583
1/14/2015,0.6565988181221273
1/15/2015,0.6587615283267457
1/16/2015,0.6609385327164573
1/18/2015,0.6605019815059445
1/19/2015,0.6631299734748011
1/20/2015,0.6605019815059445
1/21/2015,0.6605019815059445
1/22/2015,0.6666666666666666
1/23/2015,0.66711140760507
1/25/2015,0.66711140760507
1/26/2015,0.6631299734748011
1/27/2015,0.6587615283267457
1/28/2015,0.6605019815059445
1/29/2015,0.6635700066357001
1/30/2015,0.6644518272425249
2/1/2015,0.6631299734748011
2/2/2015,0.6657789613848203
2/3/2015,0.6605019815059445
2/4/2015,0.6591957811470007
2/5/2015,0.6531678641410843
2/6/2015,0.6561679790026247
2/8/2015,0.6565988181221273
2/9/2015,0.6574621959237344
2/10/2015,0.6557377049180328
2/11/2015,0.6561679790026247
2/12/2015,0.649772579597141
2/13/2015,0.649772579597141
2/15/2015,0.6493506493506493
2/16/2015,0.6514657980456027
2/17/2015,0.6514657980456027
2/18/2015,0.6480881399870382
2/19/2015,0.6489292667099287
2/20/2015,0.6493506493506493
2/22/2015,0.6501950585175552
2/23/2015,0.6472491909385114
2/24/2015,0.6472491909385114
2/25/2015,0.6443298969072165
2/26/2015,0.6489292667099287
2/27/2015,0.6480881399870382
3/1/2015,0.6493506493506493
3/2/2015,0.6514657980456027
3/3/2015,0.6510416666666666
3/4/2015,0.655307994757536
3/5/2015,0.6561679790026247
3/6/2015,0.665335994677312
3/8/2015,0.6644518272425249
3/9/2015,0.6622516556291391
3/10/2015,0.6635700066357001
3/11/2015,0.6697923643670461
3/12/2015,0.6715916722632639
3/13/2015,0.6784260515603799
3/15/2015,0.6779661016949152
3/16/2015,0.6747638326585695
3/17/2015,0.6779661016949152
3/18/2015,0.6684491978609626
3/19/2015,0.6779661016949152
3/20/2015,0.6688963210702341
3/22/2015,0.6693440428380187
3/23/2015,0.6693440428380187
3/24/2015,0.6743088334457181
3/25/2015,0.6724949562878278
3/26/2015,0.6734006734006733
3/27/2015,0.6724949562878278
3/29/2015,0.6720430107526881
3/30/2015,0.6756756756756757
3/31/2015,0.6743088334457181
4/1/2015,0.6743088334457181
4/2/2015,0.6747638326585695
4/3/2015,0.6702412868632708
4/5/2015,0.6702412868632708
4/6/2015,0.6720430107526881
4/7/2015,0.6747638326585695
4/8/2015,0.6724949562878278
4/9/2015,0.6798096532970769
4/10/2015,0.683526999316473
4/12/2015,0.683526999316473
4/13/2015,0.6821282401091405
4/14/2015,0.6770480704129994
4/15/2015,0.6747638326585695
4/16/2015,0.6702412868632708
4/17/2015,0.6684491978609626
4/19/2015,0.6684491978609626
4/20/2015,0.6711409395973155
4/21/2015,0.6697923643670461
4/22/2015,0.665335994677312
4/23/2015,0.6644518272425249
4/24/2015,0.6587615283267457
4/26/2015,0.6591957811470007
4/27/2015,0.6570302233902761
4/28/2015,0.6523157208088715
4/29/2015,0.648508430609598
4/30/2015,0.6514657980456027
5/1/2015,0.6609385327164573
5/3/2015,0.6600660066006601
5/4/2015,0.6613756613756615
5/5/2015,0.6596306068601583
5/6/2015,0.6561679790026247
5/7/2015,0.649772579597141
5/8/2015,0.6476683937823834
5/10/2015,0.6480881399870382
5/11/2015,0.6422607578676943
5/12/2015,0.6385696040868455
5/13/2015,0.6357279084551811
5/14/2015,0.6341154090044389
5/15/2015,0.6361323155216285
5/17/2015,0.6357279084551811
5/18/2015,0.6385696040868455
5/19/2015,0.6447453255963894
5/20/2015,0.6435006435006435
5/21/2015,0.6389776357827476
5/22/2015,0.6459948320413437
5/24/2015,0.6464124111182935
5/25/2015,0.6464124111182935
5/26/2015,0.649772579597141
5/27/2015,0.651890482398957
5/28/2015,0.6527415143603134
5/29/2015,0.6540222367560496
5/31/2015,0.6544502617801047
6/1/2015,0.6583278472679394
6/2/2015,0.6523157208088715
6/3/2015,0.6527415143603134
6/4/2015,0.6514657980456027
6/5/2015,0.655307994757536
6/7/2015,0.655307994757536
6/8/2015,0.651890482398957
6/9/2015,0.6501950585175552
6/10/2015,0.6451612903225806
6/11/2015,0.6447453255963894
6/12/2015,0.6430868167202572
6/14/2015,0.6426735218508998
6/15/2015,0.6414368184733803
6/16/2015,0.6397952655150351
6/17/2015,0.6313131313131313
6/18/2015,0.630119722747322
6/19/2015,0.630119722747322
6/21/2015,0.630119722747322
6/22/2015,0.6321112515802781
6/23/2015,0.6357279084551811
6/24/2015,0.6369426751592356
6/25/2015,0.6353240152477764
6/26/2015,0.6349206349206349
6/28/2015,0.6377551020408163
6/29/2015,0.6361323155216285
6/30/2015,0.6377551020408163
7/1/2015,0.641025641025641
7/2/2015,0.641025641025641
7/3/2015,0.6426735218508998
7/5/2015,0.6430868167202572
7/6/2015,0.6414368184733803
7/7/2015,0.6468305304010349
7/8/2015,0.6510416666666666
7/9/2015,0.6506180871828238
7/10/2015,0.6447453255963894
7/12/2015,0.6447453255963894
7/13/2015,0.6464124111182935
7/14/2015,0.6397952655150351
7/15/2015,0.6402048655569783
7/16/2015,0.6406149903907752
7/17/2015,0.641025641025641
7/19/2015,0.641025641025641
7/20/2015,0.6426735218508998
7/21/2015,0.6430868167202572
7/22/2015,0.6406149903907752
7/23/2015,0.6447453255963894
7/24/2015,0.6447453255963894
7/26/2015,0.6443298969072165
7/27/2015,0.6426735218508998
7/28/2015,0.641025641025641
7/29/2015,0.6414368184733803
7/30/2015,0.641025641025641
7/31/2015,0.6402048655569783
8/2/2015,0.6402048655569783
8/3/2015,0.6418485237483954
8/4/2015,0.6426735218508998
8/5/2015,0.641025641025641
8/6/2015,0.6447453255963894
8/7/2015,0.6455777921239508
8/9/2015,0.6459948320413437
8/10/2015,0.6418485237483954
8/11/2015,0.6418485237483954
8/12/2015,0.6406149903907752
8/13/2015,0.6406149903907752
8/14/2015,0.6389776357827476
8/16/2015,0.639386189258312
8/17/2015,0.6418485237483954
8/18/2015,0.6385696040868455
8/19/2015,0.6377551020408163
8/20/2015,0.6377551020408163
8/21/2015,0.6373486297004461
8/23/2015,0.6381620931716656
8/24/2015,0.6345177664974619
8/25/2015,0.6373486297004461
8/26/2015,0.6464124111182935
8/27/2015,0.6489292667099287
8/28/2015,0.649772579597141
8/30/2015,0.6489292667099287
8/31/2015,0.6510416666666666
9/1/2015,0.6535947712418301
9/2/2015,0.6535947712418301
9/3/2015,0.6557377049180328
9/4/2015,0.6596306068601583
9/6/2015,0.6583278472679394
9/7/2015,0.6548788474132285
9/8/2015,0.649772579597141
9/9/2015,0.6514657980456027
9/10/2015,0.6476683937823834
9/11/2015,0.648508430609598
9/13/2015,0.6476683937823834
9/14/2015,0.648508430609598
9/15/2015,0.651890482398957
9/16/2015,0.6447453255963894
9/17/2015,0.6426735218508998
9/18/2015,0.6443298969072165
9/20/2015,0.6443298969072165
9/21/2015,0.6451612903225806
9/22/2015,0.6514657980456027
9/23/2015,0.6561679790026247
9/24/2015,0.6565988181221273
9/25/2015,0.6591957811470007
9/27/2015,0.6578947368421053
9/28/2015,0.6596306068601583
9/29/2015,0.6600660066006601
9/30/2015,0.6613756613756615
10/1/2015,0.6609385327164573
10/2/2015,0.6591957811470007
10/4/2015,0.6587615283267457
10/5/2015,0.6600660066006601
10/6/2015,0.6570302233902761
10/7/2015,0.6531678641410843
10/8/2015,0.651890482398957
10/9/2015,0.6531678641410843
10/11/2015,0.6527415143603134
10/12/2015,0.6523157208088715
10/13/2015,0.6557377049180328
10/14/2015,0.6464124111182935
10/15/2015,0.6464124111182935
10/16/2015,0.6480881399870382
10/18/2015,0.6480881399870382
10/19/2015,0.6464124111182935
10/20/2015,0.6476683937823834
10/21/2015,0.648508430609598
10/22/2015,0.6501950585175552
10/23/2015,0.6531678641410843
10/25/2015,0.6531678641410843
10/26/2015,0.6514657980456027
10/27/2015,0.6531678641410843
10/28/2015,0.655307994757536
10/29/2015,0.6527415143603134
10/30/2015,0.648508430609598
11/1/2015,0.6480881399870382
11/2/2015,0.648508430609598
11/3/2015,0.6489292667099287
11/4/2015,0.6501950585175552
11/5/2015,0.6578947368421053
11/6/2015,0.6648936170212766
11/8/2015,0.6644518272425249
11/9/2015,0.6618133686300464
11/10/2015,0.6609385327164573
11/11/2015,0.6570302233902761
11/12/2015,0.6565988181221273
11/13/2015,0.6565988181221273
11/15/2015,0.6574621959237344
11/16/2015,0.6578947368421053
11/17/2015,0.6574621959237344
11/18/2015,0.6565988181221273
11/19/2015,0.6544502617801047
11/20/2015,0.6583278472679394
11/22/2015,0.6587615283267457
11/23/2015,0.6613756613756615
11/24/2015,0.6635700066357001
11/25/2015,0.6613756613756615
11/26/2015,0.6622516556291391
11/27/2015,0.665335994677312
11/29/2015,0.665335994677312
11/30/2015,0.6644518272425249
12/1/2015,0.6635700066357001
12/2/2015,0.6693440428380187
12/3/2015,0.6609385327164573
12/4/2015,0.6618133686300464
12/6/2015,0.6622516556291391
12/7/2015,0.6648936170212766
12/8/2015,0.6666666666666666
12/9/2015,0.6591957811470007
12/10/2015,0.6596306068601583
12/11/2015,0.6570302233902761
12/13/2015,0.6583278472679394
12/14/2015,0.6600660066006601
12/15/2015,0.6648936170212766
12/16/2015,0.6680026720106881
12/17/2015,0.6702412868632708
12/18/2015,0.6715916722632639
12/20/2015,0.6711409395973155
12/21/2015,0.6715916722632639
12/22/2015,0.6747638326585695
12/23/2015,0.6724949562878278
12/24/2015,0.6702412868632708
12/27/2015,0.6702412868632708
12/28/2015,0.6715916722632639
12/29/2015,0.6747638326585695
12/30/2015,0.675219446320054
12/31/2015,0.678886625933469
1/3/2016,0.678886625933469
1/4/2016,0.6798096532970769
1/5/2016,0.681663258350375
1/6/2016,0.6839945280437757
1/7/2016,0.6839945280437757
1/8/2016,0.6887052341597797
1/10/2016,0.6887052341597797
1/11/2016,0.687757909215956
1/12/2016,0.693000693000693
1/13/2016,0.6939625260235948
1/14/2016,0.6934812760055479
1/15/2016,0.7017543859649122
1/17/2016,0.700770847932726
1/18/2016,0.7017543859649122
1/19/2016,0.7057163020465773
1/20/2016,0.704721634954193
1/21/2016,0.7032348804500703
1/22/2016,0.7012622720897616
1/24/2016,0.7017543859649122
1/25/2016,0.7022471910112359
1/26/2016,0.6973500697350069
1/27/2016,0.7022471910112359
1/28/2016,0.6968641114982578
1/29/2016,0.7022471910112359
1/31/2016,0.7022471910112359
2/1/2016,0.6934812760055479
2/2/2016,0.6944444444444444
2/3/2016,0.6858710562414265
2/4/2016,0.6863417982155114
2/5/2016,0.6896551724137931
2/7/2016,0.6896551724137931
2/8/2016,0.693000693000693
2/9/2016,0.6915629322268326
2/10/2016,0.6887052341597797
2/11/2016,0.6910850034554251
2/12/2016,0.6896551724137931
2/14/2016,0.6891798759476224
2/15/2016,0.6920415224913494
2/16/2016,0.6993006993006994
2/17/2016,0.7002801120448179
2/18/2016,0.6983240223463687
2/19/2016,0.6944444444444444
2/21/2016,0.7012622720897616
2/22/2016,0.7072135785007071
2/23/2016,0.7142857142857143
2/24/2016,0.7183908045977012
2/25/2016,0.7163323782234957
2/26/2016,0.7209805335255949
2/28/2016,0.7215007215007215
2/29/2016,0.7183908045977012
3/1/2016,0.7168458781362007
3/2/2016,0.7107320540156362
3/3/2016,0.7057163020465773
3/4/2016,0.7032348804500703
3/6/2016,0.7037297677691766
3/7/2016,0.7017543859649122
3/8/2016,0.7042253521126761
3/9/2016,0.7042253521126761
3/10/2016,0.7002801120448179
3/11/2016,0.6954102920723226
3/13/2016,0.6958942240779402
3/14/2016,0.7002801120448179
3/15/2016,0.7067137809187279
3/16/2016,0.7017543859649122
3/17/2016,0.6910850034554251
3/18/2016,0.6910850034554251
3/20/2016,0.6915629322268326
3/21/2016,0.6963788300835655
3/22/2016,0.7032348804500703
3/23/2016,0.7087172218284904
3/24/2016,0.7077140835102619
3/25/2016,0.7077140835102619
3/27/2016,0.708215297450425
3/28/2016,0.7017543859649122
3/29/2016,0.6954102920723226
3/30/2016,0.6958942240779402
3/31/2016,0.6963788300835655
4/1/2016,0.7032348804500703
4/3/2016,0.7032348804500703
4/4/2016,0.7012622720897616
4/5/2016,0.7067137809187279
4/6/2016,0.7077140835102619
4/7/2016,0.7117437722419929
4/8/2016,0.708215297450425
4/10/2016,0.7077140835102619
4/11/2016,0.7027406886858749
4/12/2016,0.7012622720897616
4/13/2016,0.7052186177715091
4/14/2016,0.7072135785007071
4/15/2016,0.7042253521126761
4/17/2016,0.7057163020465773
4/18/2016,0.7002801120448179
4/19/2016,0.6954102920723226
4/20/2016,0.6978367062107467
4/21/2016,0.6983240223463687
4/22/2016,0.6944444444444444
4/24/2016,0.6925207756232687
4/25/2016,0.6906077348066297
4/26/2016,0.6863417982155114
4/27/2016,0.6882312456985547
4/28/2016,0.6844626967830254
4/29/2016,0.684931506849315
5/1/2016,0.684931506849315
5/2/2016,0.6821282401091405
5/3/2016,0.687757909215956
5/4/2016,0.6896551724137931
5/5/2016,0.6901311249137336
5/6/2016,0.6934812760055479
5/8/2016,0.6934812760055479
5/9/2016,0.6939625260235948
5/10/2016,0.6925207756232687
5/11/2016,0.693000693000693
5/12/2016,0.6925207756232687
5/13/2016,0.6968641114982578
5/15/2016,0.6968641114982578
5/16/2016,0.6925207756232687
5/17/2016,0.6920415224913494
5/18/2016,0.6854009595613434
5/19/2016,0.6854009595613434
5/20/2016,0.6896551724137931
5/22/2016,0.6906077348066297
5/23/2016,0.6910850034554251
5/24/2016,0.6844626967830254
5/25/2016,0.6807351940095303
5/26/2016,0.6821282401091405
5/27/2016,0.6839945280437757
5/29/2016,0.6839945280437757
5/30/2016,0.683526999316473
5/31/2016,0.6906077348066297
6/1/2016,0.6939625260235948
6/2/2016,0.6944444444444444
6/3/2016,0.6891798759476224
6/5/2016,0.6954102920723226
6/6/2016,0.6920415224913494
6/7/2016,0.687757909215956
6/8/2016,0.6891798759476224
6/9/2016,0.6915629322268326
6/10/2016,0.7017543859649122
6/12/2016,0.7052186177715091
6/13/2016,0.7042253521126761
6/14/2016,0.7087172218284904
6/15/2016,0.704721634954193
6/16/2016,0.6997900629811057
6/17/2016,0.6968641114982578
6/19/2016,0.6858710562414265
6/20/2016,0.681663258350375
6/21/2016,0.6821282401091405
6/22/2016,0.6765899864682002
6/23/2016,0.6868131868131868
6/24/2016,0.7309941520467835
6/26/2016,0.7446016381236038
6/27/2016,0.7564296520423601
6/28/2016,0.7490636704119851
6/29/2016,0.7434944237918216
6/30/2016,0.7501875468867216
7/1/2016,0.7541478129713425
7/3/2016,0.753012048192771
7/4/2016,0.7535795026375283
7/5/2016,0.7716049382716049
7/6/2016,0.774593338497289
7/7/2016,0.774593338497289
7/8/2016,0.7727975270479134
7/10/2016,0.7727975270479134
7/11/2016,0.7704160246533127
7/12/2016,0.7535795026375283
7/13/2016,0.7627765064836003
7/14/2016,0.7490636704119851
7/15/2016,0.7587253414264036
7/17/2016,0.7558578987150415
7/18/2016,0.7541478129713425
7/19/2016,0.7633587786259541
7/20/2016,0.755287009063444
7/21/2016,0.7558578987150415
7/22/2016,0.7627765064836003
7/24/2016,0.7621951219512196
7/25/2016,0.7633587786259541
7/26/2016,0.76103500761035
7/27/2016,0.7564296520423601
7/28/2016,0.7598784194528876
7/29/2016,0.7558578987150415
7/31/2016,0.757002271006813
8/1/2016,0.7587253414264036
8/2/2016,0.7501875468867216
8/3/2016,0.7507507507507508
8/4/2016,0.7621951219512196
8/5/2016,0.7651109410864576
8/7/2016,0.7651109410864576
8/8/2016,0.7674597083653107
8/9/2016,0.7686395080707149
8/10/2016,0.7680491551459294
8/11/2016,0.7722007722007722
8/12/2016,0.774593338497289
8/14/2016,0.7751937984496123
8/15/2016,0.7763975155279503
8/16/2016,0.7674597083653107
8/17/2016,0.7668711656441718
8/18/2016,0.7598784194528876
8/19/2016,0.7651109410864576
8/21/2016,0.7656967840735068
8/22/2016,0.7616146230007615
8/23/2016,0.7581501137225171
8/24/2016,0.7558578987150415
8/25/2016,0.7581501137225171
8/26/2016,0.7616146230007615
8/28/2016,0.7621951219512196
8/29/2016,0.7633587786259541
8/30/2016,0.7639419404125285
8/31/2016,0.7616146230007615
9/1/2016,0.7535795026375283
9/2/2016,0.7524454477050414
9/4/2016,0.7524454477050414
9/5/2016,0.7513148009015778
9/6/2016,0.7457121551081283
9/7/2016,0.7501875468867216
9/8/2016,0.7518796992481203
9/9/2016,0.7541478129713425
9/11/2016,0.7535795026375283
9/12/2016,0.7501875468867216
9/13/2016,0.7581501137225171
9/14/2016,0.7541478129713425
9/15/2016,0.755287009063444
9/16/2016,0.7692307692307692
9/18/2016,0.7686395080707149
9/19/2016,0.7668711656441718
9/20/2016,0.7704160246533127
9/21/2016,0.7674597083653107
9/22/2016,0.764525993883792
9/23/2016,0.7716049382716049
9/25/2016,0.7710100231303008
9/26/2016,0.7716049382716049
9/27/2016,0.7692307692307692
9/28/2016,0.7674597083653107
9/29/2016,0.7716049382716049
9/30/2016,0.7710100231303008
10/2/2016,0.7739938080495358
10/3/2016,0.7782101167315175
10/4/2016,0.7861635220125786
10/5/2016,0.7843137254901962
10/6/2016,0.8077544426494346
10/7/2016,0.8045052292839904
10/9/2016,0.8045052292839904
10/10/2016,0.8103727714748784
10/11/2016,0.8149959250203749
10/12/2016,0.8210180623973727
10/13/2016,0.8183306055646481
10/14/2016,0.8210180623973727
10/16/2016,0.8216926869350862
10/17/2016,0.8190008190008191
10/18/2016,0.8130081300813008
10/19/2016,0.8136696501220504
10/20/2016,0.8163265306122448
10/21/2016,0.8176614881439085
10/23/2016,0.8190008190008191
10/24/2016,0.8183306055646481
10/25/2016,0.8216926869350862
10/26/2016,0.8176614881439085
10/27/2016,0.8223684210526316
10/28/2016,0.8203445447087776
10/30/2016,0.819672131147541
10/31/2016,0.8176614881439085
11/1/2016,0.8176614881439085
11/2/2016,0.8130081300813008
11/3/2016,0.8025682182985554
11/4/2016,0.7993605115907275
11/6/2016,0.8012820512820513
11/7/2016,0.8071025020177562
11/8/2016,0.8077544426494346
11/9/2016,0.8058017727639002
11/10/2016,0.7968127490039841
11/11/2016,0.7936507936507936
11/13/2016,0.7955449482895783
11/14/2016,0.7993605115907275
11/15/2016,0.8032128514056224
11/16/2016,0.8045052292839904
11/17/2016,0.8064516129032259
11/18/2016,0.8097165991902834
11/20/2016,0.8116883116883117
11/21/2016,0.8006405124099278
11/22/2016,0.8051529790660226
11/23/2016,0.8051529790660226
11/24/2016,0.8032128514056224
11/25/2016,0.8012820512820513
11/27/2016,0.8012820512820513
11/28/2016,0.8064516129032259
11/29/2016,0.8006405124099278
11/30/2016,0.7993605115907275
12/1/2016,0.794912559618442
12/2/2016,0.7861635220125786
12/4/2016,0.7898894154818326
12/5/2016,0.7861635220125786
12/6/2016,0.7892659826361483
12/7/2016,0.7923930269413629
12/8/2016,0.794912559618442
12/9/2016,0.7955449482895783
12/11/2016,0.7942811755361397
12/12/2016,0.7892659826361483
12/13/2016,0.7898894154818326
12/14/2016,0.7980845969672786
12/15/2016,0.8051529790660226
12/16/2016,0.8012820512820513
12/18/2016,0.8012820512820513
12/19/2016,0.8077544426494346
12/20/2016,0.8090614886731392
12/21/2016,0.8097165991902834
12/22/2016,0.8143322475570033
12/23/2016,0.8143322475570033
12/27/2016,0.8149959250203749
12/28/2016,0.8183306055646481
12/29/2016,0.8143322475570033
12/30/2016,0.8110300081103001
1/3/2017,0.8169934640522876
1/4/2017,0.8116883116883117
1/5/2017,0.8051529790660226
1/6/2017,0.8143322475570033
1/8/2017,0.8163265306122448
1/9/2017,0.8216926869350862
1/10/2017,0.8216926869350862
1/11/2017,0.819672131147541
1/12/2017,0.8223684210526316
1/13/2017,0.8203445447087776
1/15/2017,0.8312551953449708
1/16/2017,0.8305647840531561
1/17/2017,0.8077544426494346
1/18/2017,0.8156606851549756
1/19/2017,0.8110300081103001
1/20/2017,0.8084074373484236
1/22/2017,0.8077544426494346
1/23/2017,0.7993605115907275
1/24/2017,0.7980845969672786
1/25/2017,0.7917656373713381
1/26/2017,0.7942811755361397
1/27/2017,0.7968127490039841
1/29/2017,0.7942811755361397
1/30/2017,0.8
1/31/2017,0.794912559618442
2/1/2017,0.790513833992095
2/2/2017,0.7993605115907275
2/3/2017,0.8012820512820513
2/5/2017,0.8012820512820513
2/6/2017,0.8025682182985554
2/7/2017,0.8006405124099278
2/8/2017,0.7987220447284346
2/9/2017,0.8006405124099278
2/10/2017,0.8012820512820513
2/12/2017,0.8012820512820513
2/13/2017,0.7987220447284346
2/14/2017,0.8025682182985554
2/15/2017,0.8025682182985554
2/16/2017,0.8012820512820513
2/17/2017,0.8064516129032259
2/19/2017,0.8051529790660226
2/20/2017,0.8019246190858058
2/21/2017,0.8012820512820513
2/22/2017,0.8032128514056224
2/23/2017,0.7968127490039841
2/24/2017,0.8025682182985554
2/26/2017,0.8071025020177562
2/27/2017,0.8045052292839904
2/28/2017,0.8084074373484236
3/1/2017,0.8149959250203749
3/2/2017,0.8149959250203749
3/3/2017,0.8136696501220504
3/5/2017,0.8130081300813008
3/6/2017,0.8176614881439085
3/7/2017,0.819672131147541
3/8/2017,0.8216926869350862
3/9/2017,0.8230452674897119
3/10/2017,0.8223684210526316
3/12/2017,0.8216926869350862
3/13/2017,0.819672131147541
3/14/2017,0.8230452674897119
3/15/2017,0.8143322475570033
3/16/2017,0.8103727714748784
3/17/2017,0.8071025020177562
3/19/2017,0.8077544426494346
3/20/2017,0.8090614886731392
3/21/2017,0.8012820512820513
3/22/2017,0.8019246190858058
3/23/2017,0.7993605115907275
3/24/2017,0.8019246190858058
3/26/2017,0.7993605115907275
3/27/2017,0.7968127490039841
3/28/2017,0.8058017727639002
3/29/2017,0.8038585209003215
3/30/2017,0.8019246190858058
3/31/2017,0.7968127490039841
4/2/2017,0.7974481658692185
4/3/2017,0.8006405124099278
4/4/2017,0.8045052292839904
4/5/2017,0.8012820512820513
4/6/2017,0.8025682182985554
4/7/2017,0.8084074373484236
4/9/2017,0.8084074373484236
4/10/2017,0.8051529790660226
4/11/2017,0.8012820512820513
4/12/2017,0.7974481658692185
4/13/2017,0.8
4/14/2017,0.7987220447284346
4/16/2017,0.7980845969672786
4/17/2017,0.7968127490039841
4/18/2017,0.778816199376947
4/19/2017,0.7824726134585289
4/20/2017,0.78125
4/21/2017,0.78125
4/23/2017,0.78003120124805
4/24/2017,0.783085356303837
4/25/2017,0.7794232268121589
4/26/2017,0.778816199376947
4/27/2017,0.7757951900698214
4/28/2017,0.7727975270479134
4/30/2017,0.7733952049497292
5/1/2017,0.7757951900698214
5/2/2017,0.7727975270479134
5/3/2017,0.7770007770007771
5/4/2017,0.7739938080495358
5/5/2017,0.7710100231303008
5/7/2017,0.7716049382716049
5/8/2017,0.7727975270479134
5/9/2017,0.7727975270479134
5/10/2017,0.7739938080495358
5/11/2017,0.7763975155279503
5/12/2017,0.7763975155279503
5/14/2017,0.7763975155279503
5/15/2017,0.7751937984496123
5/16/2017,0.774593338497289
5/17/2017,0.7710100231303008
5/18/2017,0.7722007722007722
5/19/2017,0.7674597083653107
5/21/2017,0.7692307692307692
5/22/2017,0.7698229407236334
5/23/2017,0.7722007722007722
5/24/2017,0.7710100231303008
5/25/2017,0.7733952049497292
5/26/2017,0.78125
5/28/2017,0.7806401249024201
5/29/2017,0.7806401249024201
5/30/2017,0.78125
5/31/2017,0.7770007770007771
6/1/2017,0.7763975155279503
6/2/2017,0.7757951900698214
6/4/2017,0.7776049766718507
6/5/2017,0.7751937984496123
6/6/2017,0.7751937984496123
6/7/2017,0.7716049382716049
6/8/2017,0.7861635220125786
6/9/2017,0.7849293563579278
6/11/2017,0.7849293563579278
6/12/2017,0.7898894154818326
6/13/2017,0.7849293563579278
6/14/2017,0.7843137254901962
6/15/2017,0.7836990595611285
6/16/2017,0.783085356303837
6/18/2017,0.783085356303837
6/19/2017,0.7855459544383347
6/20/2017,0.7917656373713381
6/21/2017,0.7892659826361483
6/22/2017,0.7892659826361483
6/23/2017,0.7867820613690009
6/25/2017,0.7849293563579278
6/26/2017,0.7861635220125786
6/27/2017,0.7806401249024201
6/28/2017,0.7733952049497292
6/29/2017,0.7692307692307692
6/30/2017,0.7680491551459294
7/2/2017,0.7686395080707149
7/3/2017,0.7727975270479134
7/4/2017,0.7733952049497292
7/5/2017,0.7733952049497292
7/6/2017,0.7716049382716049
7/7/2017,0.7763975155279503
7/9/2017,0.7757951900698214
7/10/2017,0.7763975155279503
7/11/2017,0.7782101167315175
7/12/2017,0.7757951900698214
7/13/2017,0.7727975270479134
7/14/2017,0.7633587786259541
7/16/2017,0.7633587786259541
7/17/2017,0.7662835249042146
7/18/2017,0.7674597083653107
7/19/2017,0.7674597083653107
7/20/2017,0.7716049382716049
7/21/2017,0.7698229407236334
7/23/2017,0.7692307692307692
7/24/2017,0.7680491551459294
7/25/2017,0.7680491551459294
7/26/2017,0.7627765064836003
7/27/2017,0.7651109410864576
7/28/2017,0.7616146230007615
7/30/2017,0.76103500761035
7/31/2017,0.7581501137225171
8/1/2017,0.7575757575757576
8/2/2017,0.7564296520423601
8/3/2017,0.76103500761035
8/4/2017,0.7674597083653107
8/6/2017,0.7668711656441718
8/7/2017,0.7674597083653107
8/8/2017,0.7704160246533127
8/9/2017,0.7686395080707149
8/10/2017,0.7710100231303008
8/11/2017,0.7686395080707149
8/13/2017,0.7692307692307692
8/14/2017,0.7716049382716049
8/15/2017,0.7776049766718507
8/16/2017,0.7757951900698214
8/17/2017,0.7776049766718507
8/18/2017,0.7770007770007771
8/20/2017,0.7770007770007771
8/21/2017,0.7757951900698214
8/22/2017,0.78003120124805
8/23/2017,0.78125
8/24/2017,0.7818608287724784
8/25/2017,0.7770007770007771
8/27/2017,0.7751937984496123
8/28/2017,0.7739938080495358
8/29/2017,0.7739938080495358
8/30/2017,0.774593338497289
8/31/2017,0.7733952049497292
9/1/2017,0.7722007722007722
9/3/2017,0.7716049382716049
9/4/2017,0.7739938080495358
9/5/2017,0.7668711656441718
9/6/2017,0.7668711656441718
9/7/2017,0.7633587786259541
9/8/2017,0.7581501137225171
9/10/2017,0.7581501137225171
9/11/2017,0.7598784194528876
9/12/2017,0.753012048192771
9/13/2017,0.7575757575757576
9/14/2017,0.7468259895444361
9/15/2017,0.7363770250368188
9/17/2017,0.7369196757553427
9/18/2017,0.7401924500370096
9/19/2017,0.7401924500370096
9/20/2017,0.7412898443291327
9/21/2017,0.7369196757553427
9/22/2017,0.7412898443291327
9/24/2017,0.7407407407407407
9/25/2017,0.7423904974016333
9/26/2017,0.744047619047619
9/27/2017,0.7468259895444361
9/28/2017,0.7446016381236038
9/29/2017,0.7468259895444361
10/1/2017,0.7468259895444361
10/2/2017,0.7535795026375283
10/3/2017,0.755287009063444
10/4/2017,0.7558578987150415
10/5/2017,0.7627765064836003
10/6/2017,0.7656967840735068
10/8/2017,0.764525993883792
10/9/2017,0.76103500761035
10/10/2017,0.7575757575757576
10/11/2017,0.7558578987150415
10/12/2017,0.7541478129713425
10/13/2017,0.753012048192771
10/15/2017,0.753012048192771
10/16/2017,0.7547169811320755
10/17/2017,0.7581501137225171
10/18/2017,0.757002271006813
10/19/2017,0.7604562737642586
10/20/2017,0.7587253414264036
10/22/2017,0.7581501137225171
10/23/2017,0.7575757575757576
10/24/2017,0.7616146230007615
10/25/2017,0.7535795026375283
10/26/2017,0.7621951219512196
10/27/2017,0.7621951219512196
10/29/2017,0.7616146230007615
10/30/2017,0.757002271006813
10/31/2017,0.753012048192771
11/1/2017,0.7547169811320755
11/2/2017,0.7662835249042146
11/3/2017,0.7651109410864576
11/5/2017,0.7651109410864576
11/6/2017,0.7593014426727411
11/7/2017,0.7593014426727411
11/8/2017,0.7627765064836003
11/9/2017,0.76103500761035
11/10/2017,0.7581501137225171
11/12/2017,0.7621951219512196
11/13/2017,0.7621951219512196
11/14/2017,0.7604562737642586
11/15/2017,0.7593014426727411
11/16/2017,0.7581501137225171
11/17/2017,0.757002271006813
11/19/2017,0.7581501137225171
11/20/2017,0.755287009063444
11/21/2017,0.755287009063444
11/22/2017,0.7513148009015778
11/23/2017,0.7518796992481203
11/24/2017,0.7496251874062968
11/26/2017,0.7507507507507508
11/27/2017,0.7507507507507508
11/28/2017,0.7485029940119762
11/29/2017,0.7457121551081283
11/30/2017,0.7396449704142013
12/1/2017,0.7423904974016333
12/3/2017,0.7412898443291327
12/4/2017,0.7423904974016333
12/5/2017,0.7457121551081283
12/6/2017,0.7468259895444361
12/7/2017,0.7418397626112759
12/8/2017,0.7473841554559043
12/10/2017,0.7468259895444361
12/11/2017,0.7496251874062968
12/12/2017,0.7513148009015778
12/13/2017,0.7462686567164178
12/14/2017,0.7446016381236038
12/15/2017,0.7507507507507508
12/17/2017,0.7513148009015778
12/18/2017,0.7479431563201197
12/19/2017,0.7473841554559043
12/20/2017,0.7479431563201197
12/21/2017,0.7479431563201197
12/22/2017,0.7485029940119762
12/26/2017,0.7479431563201197
12/27/2017,0.7462686567164178
12/28/2017,0.744047619047619
12/29/2017,0.7407407407407407
1/1/2018,0.7401924500370096
1/2/2018,0.7358351729212657
1/3/2018,0.7401924500370096
1/4/2018,0.7380073800738007
1/5/2018,0.7374631268436579
1/7/2018,0.7369196757553427
1/8/2018,0.7374631268436579
1/9/2018,0.7390983000739098
1/10/2018,0.7401924500370096
1/11/2018,0.7385524372230428
1/12/2018,0.7283321194464675
1/14/2018,0.7283321194464675
1/15/2018,0.7251631617113851
1/16/2018,0.7251631617113851
1/17/2018,0.7235890014471781
1/18/2018,0.7199424046076314
1/19/2018,0.7220216606498195
1/21/2018,0.7199424046076314
1/22/2018,0.7153075822603719
1/23/2018,0.7137758743754461
1/24/2018,0.7032348804500703
1/25/2018,0.7072135785007071
1/26/2018,0.7062146892655368
1/28/2018,0.7067137809187279
1/29/2018,0.7107320540156362
1/30/2018,0.7067137809187279
1/31/2018,0.704721634954193
2/1/2018,0.7012622720897616
2/2/2018,0.708215297450425
2/4/2018,0.7087172218284904
2/5/2018,0.7173601147776183
2/6/2018,0.7168458781362007
2/7/2018,0.7209805335255949
2/8/2018,0.7178750897343862
2/9/2018,0.7235890014471781
2/11/2018,0.7235890014471781
2/12/2018,0.722543352601156
2/13/2018,0.7204610951008645
2/14/2018,0.7137758743754461
2/15/2018,0.7092198581560284
2/16/2018,0.7127583749109052
2/18/2018,0.7127583749109052
2/19/2018,0.7147962830593281
2/20/2018,0.7147962830593281
2/21/2018,0.7189072609633357
2/22/2018,0.7168458781362007
2/23/2018,0.7158196134574089
2/25/2018,0.7163323782234957
2/26/2018,0.7163323782234957
2/27/2018,0.7194244604316548
2/28/2018,0.7272727272727273
3/1/2018,0.7262164124909224
3/2/2018,0.7246376811594204
3/4/2018,0.7251631617113851
3/5/2018,0.722543352601156
3/6/2018,0.7199424046076314
3/7/2018,0.7194244604316548
3/8/2018,0.7246376811594204
3/9/2018,0.7220216606498195
3/11/2018,0.7220216606498195
3/12/2018,0.7194244604316548
3/13/2018,0.7158196134574089
3/14/2018,0.7163323782234957
3/15/2018,0.7178750897343862
3/16/2018,0.7173601147776183
3/18/2018,0.7173601147776183
3/19/2018,0.7132667617689016
3/20/2018,0.7142857142857143
3/21/2018,0.7072135785007071
3/22/2018,0.7087172218284904
3/23/2018,0.7077140835102619
3/26/2018,0.7027406886858749
3/27/2018,0.7057163020465773
3/28/2018,0.7107320540156362
3/29/2018,0.7132667617689016
3/30/2018,0.7132667617689016
4/2/2018,0.7122507122507122
4/3/2018,0.7112375533428166
4/4/2018,0.7102272727272727
4/5/2018,0.7142857142857143
4/6/2018,0.7102272727272727
4/9/2018,0.7077140835102619
4/10/2018,0.7052186177715091
4/11/2018,0.7052186177715091
4/12/2018,0.7027406886858749
4/13/2018,0.7027406886858749
4/16/2018,0.6973500697350069
4/17/2018,0.6997900629811057
4/18/2018,0.7042253521126761
4/19/2018,0.7102272727272727
4/20/2018,0.7142857142857143
4/23/2018,0.7178750897343862
4/24/2018,0.7147962830593281
4/25/2018,0.7178750897343862
4/26/2018,0.7189072609633357
4/27/2018,0.7262164124909224
4/30/2018,0.7262164124909224
5/1/2018,0.7352941176470588
5/2/2018,0.7369196757553427
5/3/2018,0.7369196757553427
5/4/2018,0.7396449704142013
5/7/2018,0.7374631268436579
5/8/2018,0.7380073800738007
5/9/2018,0.7385524372230428
5/10/2018,0.7396449704142013
5/11/2018,0.7385524372230428
5/14/2018,0.7374631268436579
5/15/2018,0.7412898443291327
5/16/2018,0.7385524372230428
5/17/2018,0.7401924500370096
5/18/2018,0.7429420505200595
5/21/2018,0.7446016381236038
5/22/2018,0.744047619047619
5/23/2018,0.7485029940119762
5/24/2018,0.7473841554559043
5/25/2018,0.7524454477050414
5/28/2018,0.7513148009015778
5/29/2018,0.7547169811320755
5/30/2018,0.753012048192771
5/31/2018,0.753012048192771
6/1/2018,0.7496251874062968
6/4/2018,0.7513148009015778
6/5/2018,0.7462686567164178
6/6/2018,0.7457121551081283
6/7/2018,0.7457121551081283
6/8/2018,0.7462686567164178
6/11/2018,0.7479431563201197
6/12/2018,0.7479431563201197
6/13/2018,0.7473841554559043
6/14/2018,0.7547169811320755
6/15/2018,0.7535795026375283
6/18/2018,0.7547169811320755
6/19/2018,0.7593014426727411
6/20/2018,0.7593014426727411
6/21/2018,0.755287009063444
6/22/2018,0.7541478129713425
6/25/2018,0.7535795026375283
6/26/2018,0.7564296520423601
6/27/2018,0.7627765064836003
6/28/2018,0.7651109410864576
6/29/2018,0.7575757575757576
7/2/2018,0.76103500761035
7/3/2018,0.7581501137225171
7/4/2018,0.7564296520423601
7/5/2018,0.7564296520423601
7/6/2018,0.753012048192771
7/9/2018,0.7547169811320755
7/10/2018,0.7547169811320755
7/11/2018,0.7575757575757576
7/12/2018,0.7593014426727411
7/13/2018,0.7558578987150415
7/16/2018,0.7558578987150415
7/17/2018,0.7633587786259541
7/18/2018,0.7651109410864576
7/19/2018,0.7680491551459294
7/20/2018,0.7616146230007615
7/23/2018,0.7633587786259541
7/24/2018,0.76103500761035
7/25/2018,0.7581501137225171
7/26/2018,0.7633587786259541
7/27/2018,0.7639419404125285
7/30/2018,0.7616146230007615
7/31/2018,0.7627765064836003
8/1/2018,0.7621951219512196
8/2/2018,0.7686395080707149
8/3/2018,0.7692307692307692
8/6/2018,0.7727975270479134
8/7/2018,0.7727975270479134
8/8/2018,0.7770007770007771
8/9/2018,0.78003120124805
8/10/2018,0.783085356303837
8/13/2018,0.7843137254901962
8/14/2018,0.7867820613690009
8/15/2018,0.7880220646178092
8/16/2018,0.7867820613690009
8/17/2018,0.7849293563579278
8/20/2018,0.78125
8/21/2018,0.7751937984496123
8/22/2018,0.7751937984496123
8/23/2018,0.78125
8/24/2018,0.778816199376947
8/27/2018,0.7757951900698214
8/28/2018,0.7776049766718507
8/29/2018,0.7674597083653107
8/30/2018,0.7686395080707149
8/31/2018,0.7722007722007722
9/3/2018,0.7776049766718507
9/4/2018,0.7782101167315175
9/5/2018,0.774593338497289
9/6/2018,0.7739938080495358
9/7/2018,0.774593338497289
9/10/2018,0.7680491551459294
9/11/2018,0.7686395080707149
9/12/2018,0.7668711656441718
9/13/2018,0.7633587786259541
9/14/2018,0.7656967840735068
9/17/2018,0.76103500761035
9/18/2018,0.7598784194528876
9/19/2018,0.76103500761035
9/20/2018,0.7535795026375283
9/21/2018,0.7651109410864576
9/24/2018,0.7627765064836003
9/25/2018,0.7593014426727411
9/26/2018,0.7593014426727411
9/27/2018,0.7651109410864576
9/28/2018,0.7680491551459294
10/1/2018,0.7668711656441718
10/2/2018,0.7710100231303008
10/3/2018,0.7733952049497292
10/4/2018,0.7680491551459294
10/5/2018,0.7627765064836003
10/8/2018,0.7639419404125285
10/9/2018,0.7604562737642586
10/10/2018,0.7575757575757576
10/11/2018,0.7558578987150415
10/12/2018,0.7593014426727411
10/15/2018,0.7604562737642586
10/16/2018,0.7587253414264036
10/17/2018,0.7633587786259541
10/18/2018,0.7680491551459294
10/19/2018,0.7656967840735068
10/22/2018,0.7716049382716049
10/23/2018,0.7704160246533127
10/24/2018,0.7763975155279503
10/25/2018,0.78003120124805
10/26/2018,0.78003120124805
10/29/2018,0.7818608287724784
10/30/2018,0.7874015748031495
10/31/2018,0.783085356303837
11/1/2018,0.7698229407236334
11/2/2018,0.7722007722007722
11/5/2018,0.7656967840735068
11/6/2018,0.7639419404125285
11/7/2018,0.7621951219512196
11/8/2018,0.7656967840735068
11/9/2018,0.7710100231303008
11/12/2018,0.7782101167315175
11/13/2018,0.7674597083653107
11/14/2018,0.7704160246533127
11/15/2018,0.7836990595611285
11/16/2018,0.78003120124805
11/19/2018,0.7776049766718507
11/20/2018,0.7824726134585289
11/21/2018,0.783085356303837
11/22/2018,0.7770007770007771
11/23/2018,0.78125
11/26/2018,0.7806401249024201
11/27/2018,0.7855459544383347
11/28/2018,0.78003120124805
11/29/2018,0.7824726134585289
11/30/2018,0.7843137254901962
12/3/2018,0.7861635220125786
12/4/2018,0.7867820613690009
12/5/2018,0.7855459544383347
12/6/2018,0.783085356303837
12/7/2018,0.7855459544383347
12/10/2018,0.7961783439490446
12/11/2018,0.8012820512820513
12/12/2018,0.7917656373713381
12/13/2018,0.790513833992095
12/14/2018,0.794912559618442
12/17/2018,0.7930214115781127
12/18/2018,0.7911392405063291
12/19/2018,0.7923930269413629
12/20/2018,0.790513833992095
12/21/2018,0.7923930269413629
12/24/2018,0.7874015748031495
12/26/2018,0.7917656373713381
12/27/2018,0.7911392405063291
12/28/2018,0.7880220646178092
12/31/2018,0.7855459544383347
1/2/2019,0.8019246190858058
