Created on 10-30-2020,https://www.CryptoDataDownload.com
Unix Timestamp,Date,Symbol,Open,High,Low,Close,Volume DAS,Volume HBTC
1604016000.0,2020-10-30,DASHBTC,0.004986,0.005013,0.004907,0.004992,3852.71,19.04
1603929600.0,2020-10-29,DASHBTC,0.005117,0.005186,0.004943,0.004986,10225.21,51.73
1603843200.0,2020-10-28,DASHBTC,0.005186,0.005213,0.005036,0.005117,21194.18,107.9
1603756800.0,2020-10-27,DASHBTC,0.005297,0.005378,0.005093,0.005186,16568.93,87.25
1603670400.0,2020-10-26,DASHBTC,0.005452,0.005548,0.005289,0.005297,18679.86,101.37
1603584000.0,2020-10-25,DASHBTC,0.005593,0.005651,0.005418,0.005452,15990.16,88.27
1603497600.0,2020-10-24,DASHBTC,0.00558,0.00564,0.005489,0.005593,18888.29,105.12
1603411200.0,2020-10-23,DASHBTC,0.005773,0.005797,0.005541,0.00558,21003.33,118.89
1603324800.0,2020-10-22,DASHBTC,0.005846,0.006038,0.005714,0.005773,21496.04,126.29
1603238400.0,2020-10-21,DASHBTC,0.005935,0.006093,0.005739,0.005846,21993.33,130.62
1603152000.0,2020-10-20,DASHBTC,0.00638,0.00658,0.005902,0.005935,50201.97,314.2
1603065600.0,2020-10-19,DASHBTC,0.00585,0.006732,0.005782,0.00638,140438.93,879.33
1602979200.0,2020-10-18,DASHBTC,0.005924,0.005926,0.005824,0.00585,5764.15,33.77
1602892800.0,2020-10-17,DASHBTC,0.005839,0.005939,0.005788,0.005924,7735.98,45.16
1602806400.0,2020-10-16,DASHBTC,0.006026,0.006071,0.005788,0.005839,17402.3,102.37
1602720000.0,2020-10-15,DASHBTC,0.006133,0.006181,0.006001,0.006026,10624.75,64.71
1602633600.0,2020-10-14,DASHBTC,0.006239,0.006285,0.006096,0.006133,13860.09,85.66
1602547200.0,2020-10-13,DASHBTC,0.006217,0.006399,0.006192,0.006239,14662.98,91.92
1602460800.0,2020-10-12,DASHBTC,0.006304,0.00654,0.00619,0.006217,32008.21,203.44
1602374400.0,2020-10-11,DASHBTC,0.006016,0.006359,0.006001,0.006304,26828.14,166.78
1602288000.0,2020-10-10,DASHBTC,0.006088,0.006131,0.005985,0.006016,11782.69,71.2
1602201600.0,2020-10-09,DASHBTC,0.006074,0.006153,0.006046,0.006088,12663.17,77.2
1602115200.0,2020-10-08,DASHBTC,0.006183,0.006214,0.006074,0.006074,14162.32,86.95
1602028800.0,2020-10-07,DASHBTC,0.006154,0.006223,0.006071,0.006183,12929.05,79.73
1601942400.0,2020-10-06,DASHBTC,0.006226,0.006347,0.006125,0.006154,24308.93,151.55
1601856000.0,2020-10-05,DASHBTC,0.006222,0.006232,0.006142,0.006226,10634.47,65.79
1601769600.0,2020-10-04,DASHBTC,0.006221,0.006295,0.006165,0.006222,10325.79,64.41
1601683200.0,2020-10-03,DASHBTC,0.006238,0.006312,0.006213,0.006221,5947.71,37.27
1601596800.0,2020-10-02,DASHBTC,0.006405,0.006476,0.006153,0.006238,21324.54,133.98
1601510400.0,2020-10-01,DASHBTC,0.00642,0.00657,0.006365,0.006405,26453.69,171.27
1601424000.0,2020-09-30,DASHBTC,0.006314,0.00642,0.006236,0.00642,10967.63,69.19
1601337600.0,2020-09-29,DASHBTC,0.006298,0.006355,0.006233,0.006314,15536.71,97.77
1601251200.0,2020-09-28,DASHBTC,0.006391,0.006413,0.006278,0.006298,16783.77,106.47
1601164800.0,2020-09-27,DASHBTC,0.006436,0.006512,0.006253,0.006391,18548.32,118.79
1601078400.0,2020-09-26,DASHBTC,0.006407,0.006495,0.006402,0.006436,11331.15,73.11
1600992000.0,2020-09-25,DASHBTC,0.00631,0.006461,0.006274,0.006407,17906.1,114.12
1600905600.0,2020-09-24,DASHBTC,0.006334,0.006487,0.006304,0.00631,12770.34,81.64
1600819200.0,2020-09-23,DASHBTC,0.006471,0.006505,0.006307,0.006334,15182.26,97.33
1600732800.0,2020-09-22,DASHBTC,0.006415,0.00657,0.006407,0.006471,29541.13,192.03
1600646400.0,2020-09-21,DASHBTC,0.006474,0.006546,0.006271,0.006415,28152.04,180.44
1600560000.0,2020-09-20,DASHBTC,0.006573,0.006624,0.006413,0.006474,17974.51,117.04
1600473600.0,2020-09-19,DASHBTC,0.006605,0.00678,0.006506,0.006573,21114.94,139.09
1600387200.0,2020-09-18,DASHBTC,0.006702,0.006716,0.006507,0.006605,23342.14,154.77
1600300800.0,2020-09-17,DASHBTC,0.006665,0.006771,0.006603,0.006702,17088.48,114.41
1600214400.0,2020-09-16,DASHBTC,0.006765,0.006765,0.006602,0.006665,12524.87,83.77
1600128000.0,2020-09-15,DASHBTC,0.007035,0.007066,0.006751,0.006765,20675.92,142.81
1600041600.0,2020-09-14,DASHBTC,0.00731,0.00734,0.00698,0.007035,21024.62,151.04
1599955200.0,2020-09-13,DASHBTC,0.0076,0.007603,0.007147,0.00731,22279.18,163.4
1599868800.0,2020-09-12,DASHBTC,0.007425,0.007668,0.007305,0.0076,24851.9,186.26
1599782400.0,2020-09-11,DASHBTC,0.007448,0.007484,0.007302,0.007425,20989.79,155.08
1599696000.0,2020-09-10,DASHBTC,0.007394,0.007496,0.007312,0.007448,20187.05,149.33
1599609600.0,2020-09-09,DASHBTC,0.007385,0.007586,0.00736,0.007394,27684.02,206.95
1599523200.0,2020-09-08,DASHBTC,0.00733,0.00756,0.00706,0.007385,75539.9,555.86
1599436800.0,2020-09-07,DASHBTC,0.006843,0.007796,0.00665,0.00733,95763.19,691.46
1599350400.0,2020-09-06,DASHBTC,0.006692,0.006958,0.006592,0.006843,23970.43,163.36
1599264000.0,2020-09-05,DASHBTC,0.006949,0.007052,0.006541,0.006692,29551.29,199.8
1599177600.0,2020-09-04,DASHBTC,0.006567,0.007009,0.006519,0.006949,41317.48,279.39
1599091200.0,2020-09-03,DASHBTC,0.007316,0.007316,0.006138,0.006567,41657.71,291.38
1599004800.0,2020-09-02,DASHBTC,0.007468,0.007537,0.007092,0.007316,32741.5,240.04
1598918400.0,2020-09-01,DASHBTC,0.007395,0.007536,0.007338,0.007468,21505.82,159.72
1598832000.0,2020-08-31,DASHBTC,0.00754,0.007603,0.007391,0.007395,17241.27,128.75
1598745600.0,2020-08-30,DASHBTC,0.007415,0.007625,0.00736,0.00754,20784.62,155.98
1598659200.0,2020-08-29,DASHBTC,0.007374,0.007512,0.007355,0.007415,13075.62,97.19
1598572800.0,2020-08-28,DASHBTC,0.00736,0.00747,0.007301,0.007374,16501.14,122.07
1598486400.0,2020-08-27,DASHBTC,0.007493,0.007545,0.007312,0.00736,22213.86,164.91
1598400000.0,2020-08-26,DASHBTC,0.007467,0.007616,0.007419,0.007493,20660.2,155.77
1598313600.0,2020-08-25,DASHBTC,0.007807,0.007814,0.00739,0.007467,27986.57,212.68
1598227200.0,2020-08-24,DASHBTC,0.007854,0.007892,0.007699,0.007807,20071.95,156.71
1598140800.0,2020-08-23,DASHBTC,0.00778,0.007979,0.00761,0.007854,24164.71,187.69
1598054400.0,2020-08-22,DASHBTC,0.00753,0.00779,0.007457,0.00778,18759.06,143.11
1597968000.0,2020-08-21,DASHBTC,0.007718,0.008105,0.007515,0.00753,64211.23,502.48
1597881600.0,2020-08-20,DASHBTC,0.007462,0.007734,0.007457,0.007718,18855.79,143.42
1597795200.0,2020-08-19,DASHBTC,0.007758,0.007817,0.007461,0.007462,39905.3,304.41
1597708800.0,2020-08-18,DASHBTC,0.007952,0.008013,0.007628,0.007758,32679.02,256.25
1597622400.0,2020-08-17,DASHBTC,0.007983,0.008426,0.007823,0.007952,88303.6,717.13
1597536000.0,2020-08-16,DASHBTC,0.007925,0.008034,0.007811,0.007983,27147.53,214.91
1597449600.0,2020-08-15,DASHBTC,0.00782,0.00809,0.007657,0.007925,40977.25,324.0
1597363200.0,2020-08-14,DASHBTC,0.007881,0.007894,0.007721,0.00782,20579.62,160.7
1597276800.0,2020-08-13,DASHBTC,0.007931,0.007941,0.007581,0.007881,27895.29,215.98
1597190400.0,2020-08-12,DASHBTC,0.007772,0.007939,0.007517,0.007931,30891.44,240.0
1597104000.0,2020-08-11,DASHBTC,0.008032,0.008118,0.007684,0.007772,29076.34,229.66
1597017600.0,2020-08-10,DASHBTC,0.008359,0.00841,0.008,0.008032,24018.1,195.28
1596931200.0,2020-08-09,DASHBTC,0.008367,0.008481,0.00815,0.008359,23379.44,194.5
1596844800.0,2020-08-08,DASHBTC,0.008326,0.009,0.008195,0.008367,39408.83,334.22
1596758400.0,2020-08-07,DASHBTC,0.008536,0.008781,0.008103,0.008326,45592.62,385.57
1596672000.0,2020-08-06,DASHBTC,0.007858,0.008849,0.007768,0.008536,107258.18,895.8
1596585600.0,2020-08-05,DASHBTC,0.00775,0.008018,0.007557,0.007858,43538.02,339.63
1596499200.0,2020-08-04,DASHBTC,0.007818,0.007858,0.007665,0.00775,17576.81,136.3
1596412800.0,2020-08-03,DASHBTC,0.007709,0.00793,0.007629,0.007818,24671.13,192.35
1596326400.0,2020-08-02,DASHBTC,0.007892,0.008005,0.0074,0.007709,50275.01,386.31
1596240000.0,2020-08-01,DASHBTC,0.007271,0.00799,0.007255,0.007892,56503.48,433.7
1596153600.0,2020-07-31,DASHBTC,0.007311,0.007397,0.00718,0.007271,20679.8,151.01
1596067200.0,2020-07-30,DASHBTC,0.007334,0.007429,0.007243,0.007311,22573.63,165.53
1595980800.0,2020-07-29,DASHBTC,0.007317,0.007681,0.007253,0.007334,36287.8,270.45
1595894400.0,2020-07-28,DASHBTC,0.007037,0.007362,0.006925,0.007317,28098.13,201.79
1595808000.0,2020-07-27,DASHBTC,0.007576,0.007683,0.006885,0.007037,45027.99,329.83
1595721600.0,2020-07-26,DASHBTC,0.007689,0.007915,0.007515,0.007576,49395.25,380.82
1595635200.0,2020-07-25,DASHBTC,0.00754,0.007718,0.00754,0.007689,23207.77,177.88
1595548800.0,2020-07-24,DASHBTC,0.007638,0.007659,0.007468,0.00754,22423.92,169.11
1595462400.0,2020-07-23,DASHBTC,0.007711,0.007735,0.007603,0.007638,22607.85,173.59
1595376000.0,2020-07-22,DASHBTC,0.007571,0.007738,0.007565,0.007711,39464.83,302.95
1595289600.0,2020-07-21,DASHBTC,0.007521,0.007618,0.007458,0.007571,23025.05,173.8
1595203200.0,2020-07-20,DASHBTC,0.007643,0.007659,0.0075,0.007521,16603.85,126.02
1595116800.0,2020-07-19,DASHBTC,0.007543,0.007645,0.007537,0.007643,15384.14,116.59
1595030400.0,2020-07-18,DASHBTC,0.007594,0.007606,0.007518,0.007543,7933.41,59.93
1594944000.0,2020-07-17,DASHBTC,0.007585,0.007645,0.007556,0.007594,9476.84,71.98
1594857600.0,2020-07-16,DASHBTC,0.007732,0.007744,0.0075,0.007585,21546.16,164.0
1594771200.0,2020-07-15,DASHBTC,0.007761,0.007793,0.007678,0.007732,14271.65,110.23
1594684800.0,2020-07-14,DASHBTC,0.007772,0.007851,0.007612,0.007761,18805.9,145.4
1594598400.0,2020-07-13,DASHBTC,0.007741,0.008159,0.007706,0.007772,47201.42,374.0
1594512000.0,2020-07-12,DASHBTC,0.00787,0.007893,0.007704,0.007741,18717.66,145.74
1594425600.0,2020-07-11,DASHBTC,0.007723,0.007901,0.007716,0.00787,21497.16,167.81
1594339200.0,2020-07-10,DASHBTC,0.007784,0.007794,0.007662,0.007723,18056.84,139.54
1594252800.0,2020-07-09,DASHBTC,0.007706,0.007846,0.007607,0.007784,24384.68,188.21
1594166400.0,2020-07-08,DASHBTC,0.007553,0.007877,0.007519,0.007706,31362.48,241.7
1594080000.0,2020-07-07,DASHBTC,0.007519,0.00761,0.00749,0.007553,19325.71,146.2
1593993600.0,2020-07-06,DASHBTC,0.007419,0.007544,0.007382,0.007519,19817.64,147.94
1593907200.0,2020-07-05,DASHBTC,0.007398,0.007425,0.007351,0.007419,10514.07,77.68
1593820800.0,2020-07-04,DASHBTC,0.007332,0.007443,0.007324,0.007398,11192.49,82.82
1593734400.0,2020-07-03,DASHBTC,0.007333,0.007368,0.007252,0.007332,12758.12,93.36
1593648000.0,2020-07-02,DASHBTC,0.007394,0.007442,0.0073,0.007333,11535.66,84.88
1593561600.0,2020-07-01,DASHBTC,0.007459,0.007472,0.007363,0.007394,11575.43,85.76
1593475200.0,2020-06-30,DASHBTC,0.007504,0.007522,0.007406,0.007459,9755.54,72.8
1593388800.0,2020-06-29,DASHBTC,0.007425,0.007521,0.007361,0.007504,20127.25,149.33
1593302400.0,2020-06-28,DASHBTC,0.007433,0.007488,0.007358,0.007425,10755.59,79.95
1593216000.0,2020-06-27,DASHBTC,0.007715,0.007743,0.007353,0.007433,13858.96,104.71
1593129600.0,2020-06-26,DASHBTC,0.007691,0.007747,0.007623,0.007715,10680.84,82.24
1593043200.0,2020-06-25,DASHBTC,0.007783,0.007801,0.007668,0.007691,12358.74,95.61
1592956800.0,2020-06-24,DASHBTC,0.00769,0.007817,0.00764,0.007783,21948.09,169.32
1592870400.0,2020-06-23,DASHBTC,0.007465,0.007928,0.00745,0.00769,28884.26,220.09
1592784000.0,2020-06-22,DASHBTC,0.007548,0.007635,0.007434,0.007465,17850.96,134.85
1592697600.0,2020-06-21,DASHBTC,0.007586,0.007612,0.007517,0.007548,9602.38,72.6
1592611200.0,2020-06-20,DASHBTC,0.007534,0.007603,0.007444,0.007586,11823.26,89.24
1592524800.0,2020-06-19,DASHBTC,0.007612,0.007616,0.007509,0.007534,11132.45,84.1
1592438400.0,2020-06-18,DASHBTC,0.007652,0.007685,0.0076,0.007612,9807.32,74.86
1592352000.0,2020-06-17,DASHBTC,0.007624,0.007706,0.007609,0.007652,10740.58,82.36
1592265600.0,2020-06-16,DASHBTC,0.007623,0.007671,0.007558,0.007624,10787.27,82.16
1592179200.0,2020-06-15,DASHBTC,0.007772,0.007789,0.007566,0.007623,19305.72,148.03
1592092800.0,2020-06-14,DASHBTC,0.007832,0.007856,0.007736,0.007772,11520.48,89.75
1592006400.0,2020-06-13,DASHBTC,0.00774,0.00786,0.007702,0.007832,16811.01,130.56
1591920000.0,2020-06-12,DASHBTC,0.007782,0.007895,0.007675,0.00774,21236.33,165.5
1591833600.0,2020-06-11,DASHBTC,0.00791,0.008039,0.007724,0.007782,35320.95,279.91
1591747200.0,2020-06-10,DASHBTC,0.007927,0.008015,0.007828,0.00791,16486.59,130.91
1591660800.0,2020-06-09,DASHBTC,0.007952,0.008026,0.007893,0.007927,16493.64,131.37
1591574400.0,2020-06-08,DASHBTC,0.008,0.008077,0.007914,0.007952,18196.59,145.36
1591488000.0,2020-06-07,DASHBTC,0.008099,0.008139,0.007916,0.008,14533.86,117.02
1591401600.0,2020-06-06,DASHBTC,0.00808,0.008167,0.008051,0.008099,10932.6,88.72
1591315200.0,2020-06-05,DASHBTC,0.008026,0.008197,0.007972,0.00808,20664.53,166.74
1591228800.0,2020-06-04,DASHBTC,0.008092,0.008179,0.007868,0.008026,25563.37,205.42
1591142400.0,2020-06-03,DASHBTC,0.008212,0.008243,0.008027,0.008092,28950.06,235.44
1591056000.0,2020-06-02,DASHBTC,0.00785,0.008326,0.007797,0.008212,39021.51,314.28
1590969600.0,2020-06-01,DASHBTC,0.008076,0.008203,0.007744,0.00785,30958.56,248.65
1590883200.0,2020-05-31,DASHBTC,0.00815,0.008422,0.00802,0.008076,31282.08,256.27
1590796800.0,2020-05-30,DASHBTC,0.007869,0.008341,0.007836,0.00815,32231.67,260.7
1590710400.0,2020-05-29,DASHBTC,0.007849,0.00792,0.007795,0.007869,13191.62,103.71
1590624000.0,2020-05-28,DASHBTC,0.007997,0.008015,0.007804,0.007849,22245.03,175.79
1590537600.0,2020-05-27,DASHBTC,0.008214,0.0084,0.007976,0.007997,22084.43,180.53
1590451200.0,2020-05-26,DASHBTC,0.00827,0.008305,0.008098,0.008214,14222.21,116.58
1590364800.0,2020-05-25,DASHBTC,0.008212,0.008329,0.008182,0.00827,17948.2,148.21
1590278400.0,2020-05-24,DASHBTC,0.008049,0.008307,0.008037,0.008212,22319.52,181.77
1590192000.0,2020-05-23,DASHBTC,0.008156,0.008186,0.008014,0.008049,17402.48,140.74
1590105600.0,2020-05-22,DASHBTC,0.008073,0.008291,0.00801,0.008156,19548.68,159.42
1590019200.0,2020-05-21,DASHBTC,0.008236,0.008272,0.008005,0.008073,22882.5,185.38
1589932800.0,2020-05-20,DASHBTC,0.007886,0.008252,0.007874,0.008236,25999.94,208.45
1589846400.0,2020-05-19,DASHBTC,0.007829,0.007943,0.007721,0.007886,20114.73,157.58
1589760000.0,2020-05-18,DASHBTC,0.007754,0.007952,0.007708,0.007829,20992.42,165.03
1589673600.0,2020-05-17,DASHBTC,0.007848,0.008102,0.007741,0.007754,18960.41,150.16
1589587200.0,2020-05-16,DASHBTC,0.007784,0.007909,0.007714,0.007848,17510.37,137.08
1589500800.0,2020-05-15,DASHBTC,0.007619,0.00792,0.007585,0.007784,19236.63,149.03
1589414400.0,2020-05-14,DASHBTC,0.00794,0.007943,0.007575,0.007619,22564.19,174.73
1589328000.0,2020-05-13,DASHBTC,0.008317,0.008324,0.00789,0.00794,16934.71,137.06
1589241600.0,2020-05-12,DASHBTC,0.008142,0.008535,0.00804,0.008317,21122.57,174.69
1589155200.0,2020-05-11,DASHBTC,0.008271,0.008366,0.007906,0.008142,23930.75,193.86
1589068800.0,2020-05-10,DASHBTC,0.008339,0.008524,0.008154,0.008271,35250.03,293.57
1588982400.0,2020-05-09,DASHBTC,0.008347,0.008438,0.008197,0.008339,26521.56,220.69
1588896000.0,2020-05-08,DASHBTC,0.007882,0.008356,0.007838,0.008347,42306.96,340.36
1588809600.0,2020-05-07,DASHBTC,0.008441,0.008503,0.007846,0.007882,28428.43,232.04
1588723200.0,2020-05-06,DASHBTC,0.008802,0.008899,0.008383,0.008441,23557.84,203.57
1588636800.0,2020-05-05,DASHBTC,0.008967,0.009026,0.008778,0.008802,16638.01,148.12
1588550400.0,2020-05-04,DASHBTC,0.009113,0.009248,0.008792,0.008967,23808.09,213.67
1588464000.0,2020-05-03,DASHBTC,0.009288,0.009326,0.009046,0.009113,21391.7,195.58
1588377600.0,2020-05-02,DASHBTC,0.009406,0.009467,0.009206,0.009288,17680.5,164.66
1588291200.0,2020-05-01,DASHBTC,0.009365,0.00955,0.009224,0.009406,22442.72,211.1
1588204800.0,2020-04-30,DASHBTC,0.009738,0.009975,0.009213,0.009365,43608.66,412.46
1588118400.0,2020-04-29,DASHBTC,0.01062,0.0107,0.009565,0.009738,45049.9,454.58
1588032000.0,2020-04-28,DASHBTC,0.01064,0.01076,0.0104,0.01062,39636.4,420.18
1587945600.0,2020-04-27,DASHBTC,0.01093,0.01098,0.01048,0.01064,39566.68,422.95
1587859200.0,2020-04-26,DASHBTC,0.01138,0.01156,0.01087,0.01093,35412.99,398.23
1587772800.0,2020-04-25,DASHBTC,0.01086,0.01146,0.01079,0.01138,32107.04,360.56
1587686400.0,2020-04-24,DASHBTC,0.01085,0.01099,0.01082,0.01086,14898.48,162.33
1587600000.0,2020-04-23,DASHBTC,0.01134,0.01146,0.01076,0.01085,33280.26,370.58
1587513600.0,2020-04-22,DASHBTC,0.01088,0.01152,0.01086,0.01134,37841.22,426.94
1587427200.0,2020-04-21,DASHBTC,0.01088,0.01101,0.01073,0.01088,22992.43,250.17
1587340800.0,2020-04-20,DASHBTC,0.01127,0.01152,0.01078,0.01088,44542.31,497.41
1587254400.0,2020-04-19,DASHBTC,0.01107,0.01168,0.01095,0.01127,46775.12,529.08
1587168000.0,2020-04-18,DASHBTC,0.01086,0.01116,0.01084,0.01107,27047.75,298.5
1587081600.0,2020-04-17,DASHBTC,0.01071,0.01098,0.01063,0.01086,21302.06,228.81
1586995200.0,2020-04-16,DASHBTC,0.01068,0.01111,0.01036,0.01071,32685.45,349.89
1586908800.0,2020-04-15,DASHBTC,0.01052,0.01074,0.01051,0.01068,11999.36,127.46
1586822400.0,2020-04-14,DASHBTC,0.0107,0.01081,0.0105,0.01052,17617.6,187.95
1586736000.0,2020-04-13,DASHBTC,0.01074,0.01092,0.01058,0.0107,25884.12,277.81
1586649600.0,2020-04-12,DASHBTC,0.0109,0.011,0.01072,0.01074,23078.93,250.51
1586563200.0,2020-04-11,DASHBTC,0.0108,0.01123,0.01074,0.0109,46403.55,508.84
1586476800.0,2020-04-10,DASHBTC,0.01138,0.01144,0.01034,0.0108,73530.64,798.14
1586390400.0,2020-04-09,DASHBTC,0.01026,0.01159,0.01021,0.01138,68317.49,745.19
1586304000.0,2020-04-08,DASHBTC,0.01003,0.01038,0.009909,0.01026,36981.48,377.26
1586217600.0,2020-04-07,DASHBTC,0.009985,0.01023,0.009851,0.01003,41676.14,418.91
1586131200.0,2020-04-06,DASHBTC,0.009867,0.01009,0.009826,0.009985,49509.33,492.14
1586044800.0,2020-04-05,DASHBTC,0.009983,0.01005,0.009803,0.009867,22136.95,219.43
1585958400.0,2020-04-04,DASHBTC,0.01001,0.01026,0.009876,0.009983,36682.43,369.99
1585872000.0,2020-04-03,DASHBTC,0.009935,0.0102,0.009935,0.01001,27884.55,280.27
1585785600.0,2020-04-02,DASHBTC,0.009938,0.01008,0.00978,0.009935,31843.75,316.21
1585699200.0,2020-04-01,DASHBTC,0.01013,0.01035,0.009908,0.009938,31032.36,315.19
1585612800.0,2020-03-31,DASHBTC,0.01031,0.01031,0.01005,0.01013,22991.23,233.53
1585526400.0,2020-03-30,DASHBTC,0.01029,0.01063,0.01011,0.01031,26677.09,275.08
1585440000.0,2020-03-29,DASHBTC,0.01046,0.01057,0.01026,0.01029,18022.63,187.45
1585353600.0,2020-03-28,DASHBTC,0.01063,0.01079,0.01016,0.01046,36428.72,377.42
1585267200.0,2020-03-27,DASHBTC,0.01012,0.01103,0.01006,0.01063,46234.66,490.45
1585180800.0,2020-03-26,DASHBTC,0.01014,0.01035,0.01002,0.01012,21010.52,213.51
1585094400.0,2020-03-25,DASHBTC,0.01031,0.01043,0.01006,0.01014,31047.74,317.56
1585008000.0,2020-03-24,DASHBTC,0.01096,0.01096,0.01024,0.01031,27800.73,290.87
1584921600.0,2020-03-23,DASHBTC,0.01073,0.01101,0.01054,0.01096,33631.12,363.2
1584835200.0,2020-03-22,DASHBTC,0.01153,0.01158,0.01066,0.01073,61045.08,683.16
1584748800.0,2020-03-21,DASHBTC,0.01156,0.01222,0.01134,0.01153,104589.12,1221.12
1584662400.0,2020-03-20,DASHBTC,0.01062,0.0122,0.009958,0.01156,99940.17,1112.13
1584576000.0,2020-03-19,DASHBTC,0.01159,0.01161,0.01018,0.01062,111642.5,1214.82
1584489600.0,2020-03-18,DASHBTC,0.00857,0.01168,0.008488,0.01159,134367.4,1343.91
1584403200.0,2020-03-17,DASHBTC,0.008577,0.008703,0.00845,0.00857,29364.38,251.33
1584316800.0,2020-03-16,DASHBTC,0.008827,0.008956,0.00837,0.008577,32223.49,278.98
1584230400.0,2020-03-15,DASHBTC,0.008873,0.009022,0.0085,0.008827,25919.57,227.79
1584144000.0,2020-03-14,DASHBTC,0.009185,0.009212,0.008759,0.008873,34518.61,307.9
1584057600.0,2020-03-13,DASHBTC,0.009157,0.0094,0.0081,0.009185,77098.46,679.19
1583971200.0,2020-03-12,DASHBTC,0.009109,0.0093,0.008,0.009157,87385.56,746.65
1583884800.0,2020-03-11,DASHBTC,0.009466,0.009494,0.008832,0.009109,29799.8,274.2
1583798400.0,2020-03-10,DASHBTC,0.009276,0.009561,0.009114,0.009466,41290.68,386.07
1583712000.0,2020-03-09,DASHBTC,0.009178,0.009429,0.008866,0.009276,49352.34,453.12
1583625600.0,2020-03-08,DASHBTC,0.009918,0.00994,0.009,0.009178,54252.15,516.22
1583539200.0,2020-03-07,DASHBTC,0.01028,0.0103,0.009872,0.009918,23331.92,235.65
1583452800.0,2020-03-06,DASHBTC,0.009923,0.01029,0.00986,0.01028,30618.89,310.01
1583366400.0,2020-03-05,DASHBTC,0.009934,0.01014,0.00991,0.009923,23237.01,232.9
1583280000.0,2020-03-04,DASHBTC,0.01011,0.01019,0.00983,0.009934,15698.05,157.33
1583193600.0,2020-03-03,DASHBTC,0.01013,0.0102,0.00999,0.01011,23744.93,239.8
1583107200.0,2020-03-02,DASHBTC,0.009913,0.01034,0.009852,0.01013,35270.03,357.24
1583020800.0,2020-03-01,DASHBTC,0.01,0.0104,0.009819,0.009913,32601.32,330.92
1582934400.0,2020-02-29,DASHBTC,0.01014,0.0103,0.009952,0.01,29176.9,296.51
1582848000.0,2020-02-28,DASHBTC,0.01017,0.01054,0.009677,0.01014,73082.39,741.47
1582761600.0,2020-02-27,DASHBTC,0.009598,0.01053,0.009314,0.01017,69956.24,697.98
1582675200.0,2020-02-26,DASHBTC,0.01025,0.01034,0.009064,0.009598,61883.58,594.01
1582588800.0,2020-02-25,DASHBTC,0.01071,0.01072,0.01015,0.01025,36400.87,376.98
1582502400.0,2020-02-24,DASHBTC,0.01088,0.01093,0.0105,0.01071,43237.53,461.53
1582416000.0,2020-02-23,DASHBTC,0.01075,0.011,0.01071,0.01088,24382.24,264.75
1582329600.0,2020-02-22,DASHBTC,0.0111,0.01131,0.01069,0.01075,37050.71,406.04
1582243200.0,2020-02-21,DASHBTC,0.01093,0.01131,0.01074,0.0111,43802.03,482.26
1582156800.0,2020-02-20,DASHBTC,0.01092,0.01115,0.01049,0.01093,42669.49,460.94
1582070400.0,2020-02-19,DASHBTC,0.01137,0.0114,0.0108,0.01092,27170.55,302.63
1581984000.0,2020-02-18,DASHBTC,0.01182,0.01189,0.01116,0.01137,33653.89,388.14
1581897600.0,2020-02-17,DASHBTC,0.01117,0.01198,0.01051,0.01182,53187.55,595.54
1581811200.0,2020-02-16,DASHBTC,0.01218,0.0123,0.01045,0.01117,64317.12,737.77
1581724800.0,2020-02-15,DASHBTC,0.0129,0.0129,0.01174,0.01218,52825.45,655.62
1581638400.0,2020-02-14,DASHBTC,0.01282,0.01308,0.01262,0.0129,37974.1,486.41
1581552000.0,2020-02-13,DASHBTC,0.01293,0.01315,0.01252,0.01282,46254.12,592.67
1581465600.0,2020-02-12,DASHBTC,0.01264,0.01321,0.01251,0.01293,47372.34,611.95
1581379200.0,2020-02-11,DASHBTC,0.01296,0.01301,0.0125,0.01264,49334.71,629.75
1581292800.0,2020-02-10,DASHBTC,0.01267,0.01304,0.01245,0.01296,42906.21,547.14
1581206400.0,2020-02-09,DASHBTC,0.01275,0.01308,0.01233,0.01267,44170.2,559.5
1581120000.0,2020-02-08,DASHBTC,0.01208,0.01339,0.01166,0.01275,104800.68,1343.49
1581033600.0,2020-02-07,DASHBTC,0.0123,0.01247,0.01202,0.01208,35159.86,429.2
1580947200.0,2020-02-06,DASHBTC,0.01279,0.01294,0.01208,0.0123,54377.97,679.54
1580860800.0,2020-02-05,DASHBTC,0.01205,0.01317,0.01195,0.01279,76508.78,966.88
1580774400.0,2020-02-04,DASHBTC,0.0124,0.01241,0.0118,0.01205,40923.35,494.15
1580688000.0,2020-02-03,DASHBTC,0.01225,0.0125,0.01215,0.0124,38916.72,481.02
1580601600.0,2020-02-02,DASHBTC,0.01243,0.01246,0.01219,0.01225,31435.86,387.2
1580515200.0,2020-02-01,DASHBTC,0.01239,0.01268,0.01227,0.01243,30329.9,377.99
1580428800.0,2020-01-31,DASHBTC,0.01283,0.01312,0.01222,0.01239,53378.16,671.62
1580342400.0,2020-01-30,DASHBTC,0.01309,0.01347,0.0128,0.01283,82555.32,1083.94
1580256000.0,2020-01-29,DASHBTC,0.01235,0.0137,0.01228,0.01309,106463.18,1379.71
1580169600.0,2020-01-28,DASHBTC,0.01265,0.01291,0.01226,0.01235,62191.68,783.53
1580083200.0,2020-01-27,DASHBTC,0.01289,0.01366,0.0125,0.01265,110521.31,1463.87
1579996800.0,2020-01-26,DASHBTC,0.01216,0.01327,0.01202,0.01289,119968.36,1540.91
1579910400.0,2020-01-25,DASHBTC,0.01188,0.01236,0.01169,0.01216,31761.42,379.98
1579824000.0,2020-01-24,DASHBTC,0.01222,0.01234,0.01131,0.01188,59494.61,711.28
1579737600.0,2020-01-23,DASHBTC,0.0124,0.01248,0.01177,0.01222,50818.17,614.66
1579651200.0,2020-01-22,DASHBTC,0.01264,0.01297,0.0123,0.0124,87074.03,1094.44
1579564800.0,2020-01-21,DASHBTC,0.01271,0.0132,0.0123,0.01264,115146.6,1473.8
1579478400.0,2020-01-20,DASHBTC,0.01206,0.01333,0.01159,0.01271,195463.13,2453.55
1579392000.0,2020-01-19,DASHBTC,0.01135,0.0124,0.01072,0.01206,179244.23,2069.36
1579305600.0,2020-01-18,DASHBTC,0.01271,0.01308,0.01069,0.01135,231557.43,2756.76
1579219200.0,2020-01-17,DASHBTC,0.0146,0.01464,0.01233,0.01271,169572.63,2295.66
1579132800.0,2020-01-16,DASHBTC,0.01518,0.01522,0.01296,0.0146,267436.48,3783.2
1579046400.0,2020-01-15,DASHBTC,0.01013,0.01607,0.0101,0.01518,607400.61,8369.57
1578960000.0,2020-01-14,DASHBTC,0.008564,0.01026,0.008511,0.01013,294942.57,2822.62
1578873600.0,2020-01-13,DASHBTC,0.008086,0.0088,0.007877,0.008564,118485.76,985.98
1578787200.0,2020-01-12,DASHBTC,0.007914,0.008416,0.007785,0.008086,184580.73,1480.12
1578700800.0,2020-01-11,DASHBTC,0.006942,0.008314,0.006829,0.007914,183750.23,1410.66
1578614400.0,2020-01-10,DASHBTC,0.006458,0.007142,0.006379,0.006942,101090.2,692.25
1578528000.0,2020-01-09,DASHBTC,0.006508,0.006685,0.00635,0.006458,40492.89,264.17
1578441600.0,2020-01-08,DASHBTC,0.006703,0.00679,0.00641,0.006508,65635.43,431.23
1578355200.0,2020-01-07,DASHBTC,0.007292,0.00745,0.006666,0.006703,152525.5,1069.7
1578268800.0,2020-01-06,DASHBTC,0.006954,0.0077,0.00682,0.007292,293895.3,2142.18
1578182400.0,2020-01-05,DASHBTC,0.006283,0.00714,0.006222,0.006954,214492.41,1442.21
1578096000.0,2020-01-04,DASHBTC,0.005983,0.006525,0.005883,0.006283,340084.17,2124.33
1578009600.0,2020-01-03,DASHBTC,0.005745,0.00601,0.0057,0.005983,24848.25,145.81
1577923200.0,2020-01-02,DASHBTC,0.005811,0.005811,0.00571,0.005745,15435.53,88.91
1577836800.0,2020-01-01,DASHBTC,0.005719,0.005908,0.005698,0.005811,13866.67,80.38
1577750400.0,2019-12-31,DASHBTC,0.005833,0.005901,0.005706,0.005719,18609.47,108.18
1577664000.0,2019-12-30,DASHBTC,0.006024,0.006057,0.005805,0.005833,25232.56,150.01
1577577600.0,2019-12-29,DASHBTC,0.005714,0.006071,0.005658,0.006024,46641.48,276.49
1577491200.0,2019-12-28,DASHBTC,0.005467,0.005864,0.00544,0.005714,51879.38,295.93
1577404800.0,2019-12-27,DASHBTC,0.005537,0.005593,0.005376,0.005467,27137.94,148.28
1577318400.0,2019-12-26,DASHBTC,0.005651,0.005672,0.005312,0.005537,83123.65,454.3
1577232000.0,2019-12-25,DASHBTC,0.005741,0.005764,0.005593,0.005651,30704.21,174.75
1577145600.0,2019-12-24,DASHBTC,0.005863,0.005869,0.005698,0.005741,22886.03,132.14
1577059200.0,2019-12-23,DASHBTC,0.005898,0.005924,0.005783,0.005863,13945.11,81.58
1576972800.0,2019-12-22,DASHBTC,0.005978,0.006057,0.005882,0.005898,13472.96,80.41
1576886400.0,2019-12-21,DASHBTC,0.006017,0.006048,0.005935,0.005978,14711.34,88.33
1576800000.0,2019-12-20,DASHBTC,0.005985,0.00606,0.005922,0.006017,25839.32,154.86
1576713600.0,2019-12-19,DASHBTC,0.006112,0.006121,0.005967,0.005985,29062.95,175.02
1576627200.0,2019-12-18,DASHBTC,0.006219,0.006458,0.006086,0.006112,31068.18,194.74
1576540800.0,2019-12-17,DASHBTC,0.006669,0.006678,0.006177,0.006219,44236.24,284.24
1576454400.0,2019-12-16,DASHBTC,0.007128,0.00715,0.006574,0.006669,32187.83,221.14
1576368000.0,2019-12-15,DASHBTC,0.00701,0.007186,0.00693,0.007128,14064.62,99.42
1576281600.0,2019-12-14,DASHBTC,0.006992,0.00705,0.006924,0.00701,11842.2,82.97
1576195200.0,2019-12-13,DASHBTC,0.006923,0.007022,0.006883,0.006992,11648.16,80.97
1576108800.0,2019-12-12,DASHBTC,0.006894,0.007019,0.006813,0.006923,13475.6,93.05
1576022400.0,2019-12-11,DASHBTC,0.006908,0.00701,0.006855,0.006894,14173.3,98.23
1575936000.0,2019-12-10,DASHBTC,0.006965,0.00703,0.006847,0.006908,13779.28,95.45
1575849600.0,2019-12-09,DASHBTC,0.006895,0.007073,0.006824,0.006965,22021.84,152.94
1575763200.0,2019-12-08,DASHBTC,0.006997,0.007055,0.00684,0.006895,12988.76,89.99
1575676800.0,2019-12-07,DASHBTC,0.006962,0.007049,0.006842,0.006997,27944.08,194.02
1575590400.0,2019-12-06,DASHBTC,0.006765,0.007123,0.006763,0.006962,30981.9,215.6
1575504000.0,2019-12-05,DASHBTC,0.006995,0.007061,0.006686,0.006765,24210.1,165.3
1575417600.0,2019-12-04,DASHBTC,0.007039,0.00705,0.0068,0.006995,15428.62,106.98
1575331200.0,2019-12-03,DASHBTC,0.007069,0.007099,0.006977,0.007039,13561.63,95.55
1575244800.0,2019-12-02,DASHBTC,0.007174,0.00729,0.007054,0.007069,13162.13,94.26
1575158400.0,2019-12-01,DASHBTC,0.00729,0.007364,0.007172,0.007174,11992.84,86.99
1575072000.0,2019-11-30,DASHBTC,0.007368,0.007468,0.00719,0.00729,22878.07,167.43
1574985600.0,2019-11-29,DASHBTC,0.007045,0.007649,0.00704,0.007368,58438.49,430.13
1574899200.0,2019-11-28,DASHBTC,0.006717,0.00723,0.006585,0.007045,59588.2,408.52
1574812800.0,2019-11-27,DASHBTC,0.007014,0.007059,0.006694,0.006717,41621.27,288.42
1574726400.0,2019-11-26,DASHBTC,0.007002,0.00714,0.006936,0.007014,21484.73,151.26
1574640000.0,2019-11-25,DASHBTC,0.007374,0.00744,0.006979,0.007002,31591.61,227.95
1574553600.0,2019-11-24,DASHBTC,0.007461,0.007532,0.007317,0.007374,20562.13,152.8
1574467200.0,2019-11-23,DASHBTC,0.007581,0.007773,0.007383,0.007461,18750.53,142.47
1574380800.0,2019-11-22,DASHBTC,0.007911,0.007989,0.00751,0.007581,17337.77,134.79
1574294400.0,2019-11-21,DASHBTC,0.007849,0.008019,0.007809,0.007911,12073.42,95.54
1574208000.0,2019-11-20,DASHBTC,0.008022,0.008072,0.007801,0.007849,10802.15,85.7
1574121600.0,2019-11-19,DASHBTC,0.007837,0.008054,0.007827,0.008022,13479.51,107.0
1574035200.0,2019-11-18,DASHBTC,0.007963,0.008012,0.007816,0.007837,10356.22,81.94
1573948800.0,2019-11-17,DASHBTC,0.008002,0.008025,0.007904,0.007963,8425.76,67.11
1573862400.0,2019-11-16,DASHBTC,0.008033,0.008046,0.007952,0.008002,6107.99,48.81
1573776000.0,2019-11-15,DASHBTC,0.007947,0.008039,0.00788,0.008033,10722.94,85.5
1573689600.0,2019-11-14,DASHBTC,0.007947,0.007985,0.007918,0.007947,6942.4,55.2
1573603200.0,2019-11-13,DASHBTC,0.00797,0.008053,0.007937,0.007947,8682.0,69.31
1573516800.0,2019-11-12,DASHBTC,0.008032,0.008057,0.007939,0.00797,9959.97,79.75
1573430400.0,2019-11-11,DASHBTC,0.007899,0.008174,0.007893,0.008032,13690.3,110.18
1573344000.0,2019-11-10,DASHBTC,0.007897,0.007986,0.00746,0.007899,15030.46,118.24
1573257600.0,2019-11-09,DASHBTC,0.007897,0.007953,0.007851,0.007897,5954.18,47.08
1573171200.0,2019-11-08,DASHBTC,0.007832,0.007917,0.007766,0.007897,7627.17,59.81
1573084800.0,2019-11-07,DASHBTC,0.007934,0.007975,0.0078,0.007832,7276.89,57.25
1572998400.0,2019-11-06,DASHBTC,0.007993,0.007997,0.00781,0.007934,12553.17,99.39
1572912000.0,2019-11-05,DASHBTC,0.007742,0.008,0.007654,0.007993,15612.09,122.22
1572825600.0,2019-11-04,DASHBTC,0.007735,0.007896,0.007686,0.007742,13799.73,107.54
1572739200.0,2019-11-03,DASHBTC,0.007765,0.007787,0.007693,0.007735,5410.74,41.9
1572652800.0,2019-11-02,DASHBTC,0.007783,0.007837,0.007698,0.007765,7165.05,55.58
1572566400.0,2019-11-01,DASHBTC,0.007807,0.007896,0.00771,0.007783,9566.54,74.62
1572480000.0,2019-10-31,DASHBTC,0.007873,0.007945,0.007653,0.007807,11115.76,86.56
1572393600.0,2019-10-30,DASHBTC,0.007759,0.00809,0.007731,0.007873,17072.22,135.32
1572307200.0,2019-10-29,DASHBTC,0.007774,0.008849,0.007575,0.007759,30030.7,237.85
1572220800.0,2019-10-28,DASHBTC,0.007541,0.007887,0.007516,0.007774,19682.4,152.46
1572134400.0,2019-10-27,DASHBTC,0.007623,0.00774,0.007345,0.007541,14658.9,110.6
1572048000.0,2019-10-26,DASHBTC,0.00812,0.008122,0.007065,0.007623,30370.51,230.17
1571961600.0,2019-10-25,DASHBTC,0.008405,0.008476,0.007831,0.00812,16699.66,136.57
1571875200.0,2019-10-24,DASHBTC,0.008399,0.00848,0.008284,0.008405,9416.97,78.89
1571788800.0,2019-10-23,DASHBTC,0.008378,0.008447,0.008305,0.008399,8796.37,73.57
1571702400.0,2019-10-22,DASHBTC,0.008362,0.008456,0.008181,0.008378,9973.92,83.05
1571616000.0,2019-10-21,DASHBTC,0.008414,0.008465,0.008287,0.008362,6826.98,57.23
1571529600.0,2019-10-20,DASHBTC,0.008484,0.008565,0.008414,0.008414,4899.46,41.66
1571443200.0,2019-10-19,DASHBTC,0.008535,0.008585,0.008438,0.008484,5569.95,47.38
1571356800.0,2019-10-18,DASHBTC,0.008545,0.008654,0.00849,0.008535,7135.78,61.08
1571270400.0,2019-10-17,DASHBTC,0.008509,0.008688,0.008431,0.008545,8516.74,72.79
1571184000.0,2019-10-16,DASHBTC,0.008739,0.008763,0.00839,0.008509,16756.61,143.6
1571097600.0,2019-10-15,DASHBTC,0.008525,0.008823,0.008492,0.008739,20342.32,176.52
1571011200.0,2019-10-14,DASHBTC,0.008502,0.008639,0.008428,0.008525,10389.66,88.69
1570924800.0,2019-10-13,DASHBTC,0.008505,0.008603,0.00847,0.008502,5999.85,51.15
1570838400.0,2019-10-12,DASHBTC,0.008406,0.008761,0.008382,0.008505,14680.08,125.38
1570752000.0,2019-10-11,DASHBTC,0.008467,0.0087,0.008367,0.008406,11206.84,95.24
1570665600.0,2019-10-10,DASHBTC,0.008602,0.008711,0.008338,0.008467,13728.17,116.36
1570579200.0,2019-10-09,DASHBTC,0.008654,0.008768,0.008484,0.008602,21955.61,189.82
1570492800.0,2019-10-08,DASHBTC,0.00864,0.008949,0.008568,0.008654,36129.75,316.88
1570406400.0,2019-10-07,DASHBTC,0.008826,0.008882,0.00859,0.00864,13910.51,121.47
1570320000.0,2019-10-06,DASHBTC,0.008592,0.00892,0.008559,0.008826,12998.37,113.83
1570233600.0,2019-10-05,DASHBTC,0.008536,0.008602,0.008508,0.008592,4601.71,39.38
1570147200.0,2019-10-04,DASHBTC,0.008421,0.00856,0.008394,0.008536,8454.88,71.81
1570060800.0,2019-10-03,DASHBTC,0.008444,0.008568,0.008336,0.008421,14457.67,122.11
1569974400.0,2019-10-02,DASHBTC,0.008437,0.008515,0.008385,0.008444,9176.86,77.56
1569888000.0,2019-10-01,DASHBTC,0.008561,0.008636,0.008325,0.008437,14543.01,123.23
1569801600.0,2019-09-30,DASHBTC,0.008564,0.008677,0.008487,0.008561,10159.05,87.25
1569715200.0,2019-09-29,DASHBTC,0.008628,0.008717,0.00847,0.008564,7053.8,60.46
1569628800.0,2019-09-28,DASHBTC,0.008718,0.0088,0.008623,0.008628,10193.74,88.85
1569542400.0,2019-09-27,DASHBTC,0.00852,0.008802,0.008419,0.008718,17499.61,149.79
1569456000.0,2019-09-26,DASHBTC,0.008613,0.008699,0.008369,0.00852,17954.88,153.57
1569369600.0,2019-09-25,DASHBTC,0.008412,0.008789,0.00833,0.008613,28190.65,241.7
1569283200.0,2019-09-24,DASHBTC,0.008959,0.009033,0.008175,0.008412,26415.06,227.74
1569196800.0,2019-09-23,DASHBTC,0.009047,0.009205,0.008883,0.008959,11799.91,106.6
1569110400.0,2019-09-22,DASHBTC,0.009316,0.009378,0.00903,0.009047,7068.58,65.04
1569024000.0,2019-09-21,DASHBTC,0.009486,0.009557,0.009282,0.009316,7686.04,72.55
1568937600.0,2019-09-20,DASHBTC,0.009735,0.009766,0.00938,0.009486,15729.74,150.27
1568851200.0,2019-09-19,DASHBTC,0.009641,0.0105,0.009232,0.009735,67711.73,664.63
1568764800.0,2019-09-18,DASHBTC,0.009239,0.00972,0.009214,0.009641,36307.17,342.59
1568678400.0,2019-09-17,DASHBTC,0.009026,0.009732,0.008889,0.009239,37225.6,343.13
1568592000.0,2019-09-16,DASHBTC,0.008618,0.0092,0.008597,0.009026,29062.95,257.11
1568505600.0,2019-09-15,DASHBTC,0.008823,0.00885,0.008592,0.008618,18106.85,157.75
1568419200.0,2019-09-14,DASHBTC,0.009038,0.009225,0.008761,0.008823,29137.98,259.59
1568332800.0,2019-09-13,DASHBTC,0.008193,0.009157,0.008147,0.009038,33647.35,294.73
1568246400.0,2019-09-12,DASHBTC,0.008121,0.009581,0.008058,0.008193,35932.38,309.58
1568160000.0,2019-09-11,DASHBTC,0.008223,0.008447,0.008107,0.008121,16576.09,137.51
1568073600.0,2019-09-10,DASHBTC,0.008358,0.0084,0.008171,0.008223,7196.14,59.67
1567987200.0,2019-09-09,DASHBTC,0.008434,0.008633,0.008324,0.008358,11690.02,98.9
1567900800.0,2019-09-08,DASHBTC,0.008008,0.008438,0.007975,0.008434,12264.22,101.34
1567814400.0,2019-09-07,DASHBTC,0.007766,0.008052,0.007726,0.008008,13475.56,106.09
1567728000.0,2019-09-06,DASHBTC,0.007573,0.007777,0.007401,0.007766,21295.01,161.78
1567641600.0,2019-09-05,DASHBTC,0.007649,0.00775,0.007565,0.007573,8515.71,65.16
1567555200.0,2019-09-04,DASHBTC,0.007811,0.0079,0.007588,0.007649,9962.38,77.06
1567468800.0,2019-09-03,DASHBTC,0.007857,0.00793,0.007699,0.007811,12432.69,96.75
1567382400.0,2019-09-02,DASHBTC,0.008167,0.0084,0.007831,0.007857,16038.49,130.77
1567296000.0,2019-09-01,DASHBTC,0.008315,0.00837,0.008151,0.008167,7371.4,60.81
1567209600.0,2019-08-31,DASHBTC,0.008369,0.008579,0.008182,0.008315,17534.16,145.58
1567123200.0,2019-08-30,DASHBTC,0.008389,0.008591,0.008311,0.008369,10883.22,91.79
1567036800.0,2019-08-29,DASHBTC,0.008718,0.008739,0.008267,0.008389,9842.79,83.23
1566950400.0,2019-08-28,DASHBTC,0.0089,0.008927,0.008665,0.008718,9495.66,83.61
1566864000.0,2019-08-27,DASHBTC,0.008895,0.008989,0.008861,0.0089,4808.62,42.91
1566777600.0,2019-08-26,DASHBTC,0.009012,0.009023,0.008757,0.008895,6147.71,54.58
1566691200.0,2019-08-25,DASHBTC,0.009092,0.009192,0.008938,0.009012,5109.19,46.48
1566604800.0,2019-08-24,DASHBTC,0.00899,0.009223,0.00884,0.009092,7693.37,69.31
1566518400.0,2019-08-23,DASHBTC,0.008989,0.009499,0.008941,0.00899,16264.7,149.31
1566432000.0,2019-08-22,DASHBTC,0.008886,0.009054,0.00888,0.008989,6092.02,54.64
1566345600.0,2019-08-21,DASHBTC,0.008708,0.008952,0.008634,0.008886,11030.16,97.11
1566259200.0,2019-08-20,DASHBTC,0.008921,0.008922,0.008673,0.008708,5495.02,48.42
1566172800.0,2019-08-19,DASHBTC,0.009181,0.009232,0.008899,0.008921,7911.2,71.44
1566086400.0,2019-08-18,DASHBTC,0.008978,0.009291,0.008953,0.009181,5060.86,46.35
1566000000.0,2019-08-17,DASHBTC,0.009021,0.009093,0.008847,0.008978,6287.38,56.28
1565913600.0,2019-08-16,DASHBTC,0.009178,0.009347,0.00897,0.009021,8808.03,80.71
1565827200.0,2019-08-15,DASHBTC,0.009534,0.009549,0.009083,0.009178,10793.64,100.36
1565740800.0,2019-08-14,DASHBTC,0.009332,0.009748,0.00923,0.009534,16390.88,156.16
1565654400.0,2019-08-13,DASHBTC,0.00916,0.009473,0.009026,0.009332,15541.57,144.13
1565568000.0,2019-08-12,DASHBTC,0.009237,0.009303,0.009005,0.00916,7394.46,67.71
1565481600.0,2019-08-11,DASHBTC,0.008756,0.009527,0.008737,0.009237,19057.47,175.32
1565395200.0,2019-08-10,DASHBTC,0.008728,0.00881,0.008579,0.008756,11015.87,95.7
1565308800.0,2019-08-09,DASHBTC,0.008803,0.008864,0.008652,0.008728,9075.33,79.63
1565222400.0,2019-08-08,DASHBTC,0.008979,0.009054,0.008784,0.008803,7859.6,70.24
1565136000.0,2019-08-07,DASHBTC,0.00929,0.009399,0.00893,0.008979,14927.78,136.93
1565049600.0,2019-08-06,DASHBTC,0.009321,0.009391,0.008886,0.00929,16459.59,149.44
1564963200.0,2019-08-05,DASHBTC,0.009715,0.009768,0.009128,0.009321,18574.65,174.64
1564876800.0,2019-08-04,DASHBTC,0.009856,0.009891,0.009677,0.009715,7441.41,72.67
1564790400.0,2019-08-03,DASHBTC,0.009973,0.01006,0.00981,0.009856,9932.45,98.69
1564704000.0,2019-08-02,DASHBTC,0.0103,0.01052,0.009959,0.009973,22300.02,227.64
1564617600.0,2019-08-01,DASHBTC,0.01081,0.01081,0.01018,0.0103,8738.29,91.84
1564531200.0,2019-07-31,DASHBTC,0.01095,0.01095,0.01056,0.01081,13487.22,145.31
1564444800.0,2019-07-30,DASHBTC,0.01112,0.01114,0.01077,0.01095,7768.88,85.69
1564358400.0,2019-07-29,DASHBTC,0.01132,0.01134,0.011,0.01112,9698.09,108.12
1564272000.0,2019-07-28,DASHBTC,0.01168,0.01178,0.01116,0.01132,6543.2,74.83
1564185600.0,2019-07-27,DASHBTC,0.01167,0.0118,0.0114,0.01168,9915.65,114.86
1564099200.0,2019-07-26,DASHBTC,0.01164,0.01174,0.01153,0.01167,8231.51,95.72
1564012800.0,2019-07-25,DASHBTC,0.01121,0.01172,0.01102,0.01164,10251.53,116.38
1563926400.0,2019-07-24,DASHBTC,0.01107,0.01135,0.01101,0.01121,7608.38,84.99
1563840000.0,2019-07-23,DASHBTC,0.01107,0.01121,0.01095,0.01107,6532.26,72.1
1563753600.0,2019-07-22,DASHBTC,0.0112,0.01129,0.01092,0.01107,8575.92,95.04
1563667200.0,2019-07-21,DASHBTC,0.01083,0.01124,0.01076,0.0112,6690.79,73.94
1563580800.0,2019-07-20,DASHBTC,0.01067,0.0112,0.01067,0.01083,12784.92,140.36
1563494400.0,2019-07-19,DASHBTC,0.01035,0.0109,0.01021,0.01067,12910.13,135.97
1563408000.0,2019-07-18,DASHBTC,0.01059,0.01085,0.01031,0.01035,32103.35,338.73
1563321600.0,2019-07-17,DASHBTC,0.01056,0.01099,0.01031,0.01059,34195.92,362.82
1563235200.0,2019-07-16,DASHBTC,0.01117,0.01139,0.01043,0.01056,27234.49,294.75
1563148800.0,2019-07-15,DASHBTC,0.0121,0.01215,0.01098,0.01117,15397.57,178.46
1563062400.0,2019-07-14,DASHBTC,0.01237,0.01258,0.01194,0.0121,11820.55,144.45
1562976000.0,2019-07-13,DASHBTC,0.01215,0.01292,0.01207,0.01237,18941.01,235.93
1562889600.0,2019-07-12,DASHBTC,0.01264,0.0131,0.01194,0.01215,17261.17,216.76
1562803200.0,2019-07-11,DASHBTC,0.01245,0.01271,0.01204,0.01264,25643.92,316.81
1562716800.0,2019-07-10,DASHBTC,0.01245,0.01279,0.01163,0.01245,23004.17,278.26
1562630400.0,2019-07-09,DASHBTC,0.01298,0.01304,0.01232,0.01245,15018.31,189.51
1562544000.0,2019-07-08,DASHBTC,0.01379,0.01391,0.0129,0.01298,15331.27,205.24
1562457600.0,2019-07-07,DASHBTC,0.0137,0.01396,0.01369,0.01379,8348.71,115.33
1562371200.0,2019-07-06,DASHBTC,0.01401,0.01403,0.01352,0.0137,11302.37,154.98
1562284800.0,2019-07-05,DASHBTC,0.01392,0.0141,0.01353,0.01401,10530.96,145.75
1562198400.0,2019-07-04,DASHBTC,0.0132,0.01399,0.01318,0.01392,16652.81,226.39
1562112000.0,2019-07-03,DASHBTC,0.01404,0.01404,0.01315,0.0132,13470.72,184.73
1562025600.0,2019-07-02,DASHBTC,0.01459,0.01518,0.014,0.01404,18393.46,270.48
1561939200.0,2019-07-01,DASHBTC,0.01452,0.01475,0.01414,0.01459,14660.87,212.58
1561852800.0,2019-06-30,DASHBTC,0.01419,0.01454,0.01399,0.01452,15630.71,223.6
1561766400.0,2019-06-29,DASHBTC,0.01372,0.01446,0.01371,0.01419,19654.38,276.57
1561680000.0,2019-06-28,DASHBTC,0.01398,0.01422,0.01352,0.01372,19249.29,267.05
1561593600.0,2019-06-27,DASHBTC,0.01339,0.01461,0.01312,0.01398,36887.97,512.44
1561507200.0,2019-06-26,DASHBTC,0.01511,0.01526,0.01334,0.01339,42023.15,590.99
1561420800.0,2019-06-25,DASHBTC,0.01594,0.01598,0.01497,0.01511,18658.63,290.32
1561334400.0,2019-06-24,DASHBTC,0.016,0.01659,0.01587,0.01594,19526.23,314.32
1561248000.0,2019-06-23,DASHBTC,0.01647,0.0166,0.01586,0.016,17640.81,286.45
1561161600.0,2019-06-22,DASHBTC,0.01641,0.01686,0.01578,0.01647,33137.79,541.99
1561075200.0,2019-06-21,DASHBTC,0.01699,0.01709,0.0164,0.01641,13713.54,229.06
1560988800.0,2019-06-20,DASHBTC,0.01746,0.01752,0.01675,0.01699,9988.82,171.48
1560902400.0,2019-06-19,DASHBTC,0.01743,0.01776,0.01723,0.01746,12095.06,210.99
1560816000.0,2019-06-18,DASHBTC,0.01703,0.01816,0.01698,0.01743,25992.87,457.8
1560729600.0,2019-06-17,DASHBTC,0.01741,0.01744,0.01689,0.01703,10060.72,172.67
1560643200.0,2019-06-16,DASHBTC,0.01752,0.01772,0.01698,0.01741,11333.15,196.19
1560556800.0,2019-06-15,DASHBTC,0.01772,0.01797,0.01748,0.01752,6505.93,115.22
1560470400.0,2019-06-14,DASHBTC,0.01861,0.01891,0.0176,0.01772,12670.63,230.7
1560384000.0,2019-06-13,DASHBTC,0.01916,0.01966,0.01861,0.01861,19955.71,382.43
1560297600.0,2019-06-12,DASHBTC,0.01866,0.01948,0.01839,0.01916,13579.46,254.75
1560211200.0,2019-06-11,DASHBTC,0.01884,0.01888,0.01842,0.01866,10166.09,189.56
1560124800.0,2019-06-10,DASHBTC,0.01861,0.019,0.01831,0.01884,12142.43,226.95
1560038400.0,2019-06-09,DASHBTC,0.01835,0.01885,0.01821,0.01861,7332.61,135.2
1559952000.0,2019-06-08,DASHBTC,0.01867,0.0187,0.0183,0.01835,7335.86,135.91
1559865600.0,2019-06-07,DASHBTC,0.01844,0.01886,0.01821,0.01867,13367.54,247.33
1559779200.0,2019-06-06,DASHBTC,0.01888,0.01902,0.01839,0.01844,11882.66,221.63
1559692800.0,2019-06-05,DASHBTC,0.01869,0.01901,0.01862,0.01888,10303.81,193.14
1559606400.0,2019-06-04,DASHBTC,0.01913,0.01967,0.01865,0.01869,18811.19,360.03
1559520000.0,2019-06-03,DASHBTC,0.01893,0.01924,0.01882,0.01913,8864.19,168.44
1559433600.0,2019-06-02,DASHBTC,0.01907,0.01924,0.01856,0.01893,6855.8,130.42
1559347200.0,2019-06-01,DASHBTC,0.01937,0.01951,0.01905,0.01907,9742.22,188.11
1559260800.0,2019-05-31,DASHBTC,0.01965,0.01969,0.01904,0.01937,13616.91,263.35
1559174400.0,2019-05-30,DASHBTC,0.01945,0.02005,0.01911,0.01965,21879.17,428.33
1559088000.0,2019-05-29,DASHBTC,0.01942,0.02014,0.01897,0.01945,20784.3,405.65
1559001600.0,2019-05-28,DASHBTC,0.01893,0.02,0.0188,0.01942,17930.15,344.73
1558915200.0,2019-05-27,DASHBTC,0.01872,0.01919,0.01855,0.01893,13926.09,263.31
1558828800.0,2019-05-26,DASHBTC,0.01938,0.01948,0.0184,0.01872,12872.1,246.02
1558742400.0,2019-05-25,DASHBTC,0.01954,0.02005,0.01922,0.01938,13040.84,256.04
1558656000.0,2019-05-24,DASHBTC,0.01963,0.02035,0.01942,0.01954,13502.42,267.89
1558569600.0,2019-05-23,DASHBTC,0.02016,0.02044,0.0192,0.01963,20982.59,412.04
1558483200.0,2019-05-22,DASHBTC,0.02095,0.02103,0.02,0.02016,11683.83,239.53
1558396800.0,2019-05-21,DASHBTC,0.02101,0.02115,0.02029,0.02095,18959.25,393.17
1558310400.0,2019-05-20,DASHBTC,0.02115,0.02177,0.02043,0.02101,39215.61,828.93
1558224000.0,2019-05-19,DASHBTC,0.01939,0.02151,0.01869,0.02115,30391.0,598.73
1558137600.0,2019-05-18,DASHBTC,0.01894,0.01974,0.01853,0.01939,31685.12,598.99
1558051200.0,2019-05-17,DASHBTC,0.01893,0.01906,0.01816,0.01894,36257.06,676.95
1557964800.0,2019-05-16,DASHBTC,0.01881,0.02027,0.01849,0.01893,41321.32,797.01
1557878400.0,2019-05-15,DASHBTC,0.01776,0.01907,0.01751,0.01881,19336.36,356.09
1557792000.0,2019-05-14,DASHBTC,0.01682,0.018,0.01658,0.01776,20994.12,363.45
1557705600.0,2019-05-13,DASHBTC,0.01795,0.01885,0.01656,0.01682,26827.71,478.38
1557619200.0,2019-05-12,DASHBTC,0.01723,0.01806,0.01672,0.01795,16021.38,275.83
1557532800.0,2019-05-11,DASHBTC,0.01768,0.01787,0.0166,0.01723,21473.93,371.94
1557446400.0,2019-05-10,DASHBTC,0.01813,0.01845,0.01741,0.01768,6939.44,124.07
1557360000.0,2019-05-09,DASHBTC,0.01973,0.01973,0.018,0.01813,7427.0,139.76
1557273600.0,2019-05-08,DASHBTC,0.02003,0.02007,0.01965,0.01973,5114.82,101.51
1557187200.0,2019-05-07,DASHBTC,0.02093,0.02114,0.02049,0.02049,4152.89,86.04
1557100800.0,2019-05-06,DASHBTC,0.02053,0.02117,0.0205,0.02093,17318.96,361.26
1557014400.0,2019-05-05,DASHBTC,0.02061,0.02091,0.02051,0.02053,11519.56,238.22
1556928000.0,2019-05-04,DASHBTC,0.02095,0.02137,0.0206,0.02061,17767.97,372.78
1556841600.0,2019-05-03,DASHBTC,0.02121,0.02121,0.02052,0.02095,12711.86,265.4
1556755200.0,2019-05-02,DASHBTC,0.02167,0.02172,0.0212,0.02121,13838.6,297.33
1556668800.0,2019-05-01,DASHBTC,0.02085,0.0222,0.0208,0.02167,17760.44,379.84
1556582400.0,2019-04-30,DASHBTC,0.02054,0.02105,0.02053,0.02085,8166.07,169.89
1556496000.0,2019-04-29,DASHBTC,0.02084,0.02115,0.02045,0.02054,10540.1,218.85
1556409600.0,2019-04-28,DASHBTC,0.02078,0.02091,0.02065,0.02084,6211.94,129.19
1556323200.0,2019-04-27,DASHBTC,0.02075,0.02091,0.02062,0.02078,8906.79,185.03
1556236800.0,2019-04-26,DASHBTC,0.02087,0.021,0.02043,0.02075,17900.89,370.75
1556150400.0,2019-04-25,DASHBTC,0.02127,0.02185,0.02068,0.02087,16765.02,358.79
1556064000.0,2019-04-24,DASHBTC,0.0213,0.02169,0.02075,0.02127,23099.25,489.45
1555977600.0,2019-04-23,DASHBTC,0.02274,0.02285,0.0213,0.0213,15221.11,336.55
1555891200.0,2019-04-22,DASHBTC,0.02302,0.02324,0.02265,0.02274,10603.49,243.2
1555804800.0,2019-04-21,DASHBTC,0.02327,0.02336,0.02254,0.02302,11868.56,272.23
1555718400.0,2019-04-20,DASHBTC,0.02319,0.02346,0.023,0.02327,7559.43,175.15
1555632000.0,2019-04-19,DASHBTC,0.02346,0.02352,0.02313,0.02319,9882.14,230.24
1555545600.0,2019-04-18,DASHBTC,0.02304,0.02391,0.023,0.02346,20828.56,488.88
1555459200.0,2019-04-17,DASHBTC,0.02322,0.0235,0.0228,0.02304,11044.22,254.01
1555372800.0,2019-04-16,DASHBTC,0.02358,0.0236,0.02283,0.02322,12537.96,291.44
1555286400.0,2019-04-15,DASHBTC,0.02388,0.02404,0.02312,0.02358,11774.31,277.94
1555200000.0,2019-04-14,DASHBTC,0.02361,0.02413,0.02343,0.02388,8903.57,211.97
1555113600.0,2019-04-13,DASHBTC,0.02351,0.02362,0.02341,0.02361,7323.62,172.11
1555027200.0,2019-04-12,DASHBTC,0.02436,0.02437,0.02342,0.02351,16588.79,395.49
1554940800.0,2019-04-11,DASHBTC,0.02441,0.02452,0.0229,0.02436,23055.0,552.03
1554854400.0,2019-04-10,DASHBTC,0.02544,0.02558,0.02426,0.02441,16595.2,412.95
1554768000.0,2019-04-09,DASHBTC,0.02583,0.02599,0.02515,0.02544,14327.52,365.01
1554681600.0,2019-04-08,DASHBTC,0.02611,0.02652,0.02545,0.02583,19748.96,511.81
1554595200.0,2019-04-07,DASHBTC,0.0259,0.02638,0.0257,0.02611,12868.03,334.75
1554508800.0,2019-04-06,DASHBTC,0.02653,0.0267,0.02575,0.0259,21314.78,559.03
1554422400.0,2019-04-05,DASHBTC,0.0251,0.02675,0.02504,0.02653,37844.93,985.59
1554336000.0,2019-04-04,DASHBTC,0.02508,0.02637,0.02455,0.0251,34615.2,875.23
1554249600.0,2019-04-03,DASHBTC,0.0254,0.02774,0.02456,0.02508,73509.03,1927.0
1554163200.0,2019-04-02,DASHBTC,0.02728,0.02789,0.02391,0.0254,58623.06,1509.42
1554076800.0,2019-04-01,DASHBTC,0.02695,0.02899,0.02642,0.02728,64925.06,1801.01
1552953600.0,2019-03-19,DASHBTC,0.02285,0.02304,0.02279,0.02304,621.03,14.23
1552867200.0,2019-03-18,DASHBTC,0.0232,0.02359,0.02275,0.02285,17509.37,404.83
1552780800.0,2019-03-17,DASHBTC,0.0229,0.02328,0.02254,0.0232,12497.47,286.06
1552694400.0,2019-03-16,DASHBTC,0.0228,0.0231,0.0225,0.0229,15592.28,356.05
1552608000.0,2019-03-15,DASHBTC,0.02295,0.02329,0.02278,0.0228,18750.11,431.87
1552521600.0,2019-03-14,DASHBTC,0.0233,0.02333,0.02256,0.02295,27501.11,628.66
1552435200.0,2019-03-13,DASHBTC,0.02356,0.02419,0.023,0.0233,57904.37,1358.92
1552348800.0,2019-03-12,DASHBTC,0.02145,0.02377,0.02118,0.02356,82391.8,1865.02
1552262400.0,2019-03-11,DASHBTC,0.02102,0.02152,0.0206,0.02145,15456.71,324.74
1552176000.0,2019-03-10,DASHBTC,0.02112,0.02117,0.02066,0.02102,10635.63,222.01
1552089600.0,2019-03-09,DASHBTC,0.02055,0.02127,0.02049,0.02112,19070.66,398.4
1552003200.0,2019-03-08,DASHBTC,0.02122,0.02128,0.02042,0.02055,25903.0,540.73
1551916800.0,2019-03-07,DASHBTC,0.02147,0.02155,0.021,0.02122,18404.38,391.29
1551830400.0,2019-03-06,DASHBTC,0.02138,0.02151,0.02093,0.02147,17143.53,363.59
1551744000.0,2019-03-05,DASHBTC,0.0209,0.0217,0.02083,0.02138,20330.81,431.65
1551657600.0,2019-03-04,DASHBTC,0.02109,0.02122,0.02071,0.0209,17968.58,376.27
1551571200.0,2019-03-03,DASHBTC,0.0215,0.02174,0.02066,0.02109,13882.31,295.29
1551484800.0,2019-03-02,DASHBTC,0.02156,0.02179,0.02138,0.0215,9236.21,198.55
1551398400.0,2019-03-01,DASHBTC,0.02141,0.02185,0.0214,0.02156,12518.03,270.35
1551312000.0,2019-02-28,DASHBTC,0.02104,0.02168,0.02096,0.02141,14093.34,300.1
1551225600.0,2019-02-27,DASHBTC,0.02147,0.0215,0.02066,0.02104,19126.93,401.23
1551139200.0,2019-02-26,DASHBTC,0.02148,0.02155,0.0209,0.02147,17722.26,376.59
1551052800.0,2019-02-25,DASHBTC,0.02122,0.02184,0.02097,0.02148,17187.09,368.52
1550966400.0,2019-02-24,DASHBTC,0.02161,0.0224,0.02063,0.02122,26561.73,574.94
1550880000.0,2019-02-23,DASHBTC,0.02159,0.02187,0.02126,0.02161,17839.5,384.12
1550793600.0,2019-02-22,DASHBTC,0.02148,0.0217,0.02128,0.02159,10391.13,223.54
1550707200.0,2019-02-21,DASHBTC,0.02187,0.02215,0.02111,0.02148,14150.31,304.65
1550620800.0,2019-02-20,DASHBTC,0.02223,0.02231,0.02134,0.02187,19082.66,415.6
1550534400.0,2019-02-19,DASHBTC,0.02206,0.023,0.0219,0.02223,18692.77,415.47
1550448000.0,2019-02-18,DASHBTC,0.02161,0.02236,0.0214,0.02206,18012.0,392.42
1550361600.0,2019-02-17,DASHBTC,0.02172,0.02185,0.02145,0.02161,7204.81,156.07
1550275200.0,2019-02-16,DASHBTC,0.02176,0.02215,0.02163,0.02172,7917.06,172.94
1550188800.0,2019-02-15,DASHBTC,0.02154,0.02204,0.02124,0.02176,10379.14,224.95
1550102400.0,2019-02-14,DASHBTC,0.02212,0.0223,0.02134,0.02154,11676.72,254.47
1550016000.0,2019-02-13,DASHBTC,0.02267,0.0228,0.02199,0.02212,16016.0,358.65
1549929600.0,2019-02-12,DASHBTC,0.02197,0.02306,0.02165,0.02267,33833.79,764.79
1549843200.0,2019-02-11,DASHBTC,0.02042,0.0225,0.02032,0.02197,46540.29,1008.75
1549756800.0,2019-02-10,DASHBTC,0.0202,0.02046,0.01974,0.02042,9364.86,188.26
1549670400.0,2019-02-09,DASHBTC,0.02017,0.02057,0.01995,0.0202,16297.32,331.42
1549584000.0,2019-02-08,DASHBTC,0.01976,0.0203,0.0195,0.02017,22153.82,440.96
1549497600.0,2019-02-07,DASHBTC,0.0192,0.0198,0.01915,0.01976,8580.79,167.27
1549411200.0,2019-02-06,DASHBTC,0.01961,0.01981,0.01908,0.0192,17545.1,340.25
1549324800.0,2019-02-05,DASHBTC,0.01928,0.01993,0.01913,0.01961,20747.9,405.8
1549238400.0,2019-02-04,DASHBTC,0.01928,0.0195,0.01915,0.01928,6527.15,125.91
1549152000.0,2019-02-03,DASHBTC,0.01926,0.01942,0.0191,0.01928,6037.73,116.28
1549065600.0,2019-02-02,DASHBTC,0.0192,0.01948,0.01912,0.01926,7501.66,144.29
1548979200.0,2019-02-01,DASHBTC,0.01958,0.01963,0.01904,0.0192,12116.62,234.36
1548892800.0,2019-01-31,DASHBTC,0.01974,0.01986,0.01942,0.01958,9649.54,189.8
1548806400.0,2019-01-30,DASHBTC,0.01963,0.01997,0.01925,0.01974,9023.56,177.27
1548720000.0,2019-01-29,DASHBTC,0.01945,0.01991,0.0192,0.01963,10768.57,211.14
1548633600.0,2019-01-28,DASHBTC,0.01979,0.01985,0.01903,0.01945,19223.1,372.62
1548547200.0,2019-01-27,DASHBTC,0.02049,0.02049,0.01968,0.01979,15528.5,310.58
1548460800.0,2019-01-26,DASHBTC,0.02043,0.02058,0.02024,0.02049,10244.07,208.86
1548374400.0,2019-01-25,DASHBTC,0.02026,0.02069,0.02024,0.02043,12370.61,253.06
1548288000.0,2019-01-24,DASHBTC,0.01979,0.02078,0.0197,0.02026,17958.98,363.45
1548201600.0,2019-01-23,DASHBTC,0.01982,0.02053,0.01961,0.01979,19742.22,395.79
1548115200.0,2019-01-22,DASHBTC,0.01943,0.01999,0.01931,0.01982,15972.69,314.8
1548028800.0,2019-01-21,DASHBTC,0.01928,0.01966,0.01921,0.01943,11475.49,222.69
1547942400.0,2019-01-20,DASHBTC,0.01969,0.01972,0.01914,0.01928,11632.31,225.42
1547856000.0,2019-01-19,DASHBTC,0.01941,0.01977,0.01935,0.01969,10699.18,209.46
1547769600.0,2019-01-18,DASHBTC,0.01962,0.01981,0.01932,0.01941,9505.49,185.92
1547683200.0,2019-01-17,DASHBTC,0.0196,0.01975,0.01933,0.01962,11952.85,233.53
1547596800.0,2019-01-16,DASHBTC,0.01934,0.0199,0.0192,0.0196,18345.47,358.07
1547510400.0,2019-01-15,DASHBTC,0.01956,0.01966,0.01896,0.01934,20703.61,400.07
1547424000.0,2019-01-14,DASHBTC,0.0196,0.02049,0.01909,0.01956,22229.16,436.13
1547337600.0,2019-01-13,DASHBTC,0.02003,0.02016,0.0194,0.0196,10106.66,200.09
1547251200.0,2019-01-12,DASHBTC,0.0199,0.0202,0.01982,0.02003,7468.0,149.4
1547164800.0,2019-01-11,DASHBTC,0.01995,0.02048,0.01969,0.0199,16443.28,329.32
1547078400.0,2019-01-10,DASHBTC,0.02122,0.02151,0.01936,0.01995,33017.31,661.14
1546992000.0,2019-01-09,DASHBTC,0.02018,0.0218,0.01997,0.02122,40620.61,855.01
1546905600.0,2019-01-08,DASHBTC,0.02061,0.02066,0.01983,0.02018,24870.15,503.6
1546819200.0,2019-01-07,DASHBTC,0.02094,0.02136,0.02033,0.02061,21868.62,453.96
1546732800.0,2019-01-06,DASHBTC,0.02089,0.0212,0.02067,0.02094,17738.03,371.37
1546646400.0,2019-01-05,DASHBTC,0.02081,0.02113,0.02053,0.02089,22271.73,463.36
1546560000.0,2019-01-04,DASHBTC,0.02094,0.02164,0.02076,0.02081,14985.27,315.33
1546473600.0,2019-01-03,DASHBTC,0.02147,0.02193,0.02081,0.02094,14451.56,308.27
1546387200.0,2019-01-02,DASHBTC,0.02099,0.02167,0.02094,0.02147,16926.1,361.53
1546300800.0,2019-01-01,DASHBTC,0.02104,0.0214,0.02089,0.02099,14186.9,298.74
1546214400.0,2018-12-31,DASHBTC,0.0211,0.02185,0.02077,0.02104,20436.94,434.67
1546128000.0,2018-12-30,DASHBTC,0.02088,0.02191,0.02075,0.0211,26967.26,575.83
1546041600.0,2018-12-29,DASHBTC,0.02148,0.02165,0.02066,0.02088,23898.91,503.33
1545955200.0,2018-12-28,DASHBTC,0.02083,0.0217,0.02045,0.02148,22258.18,471.32
1545868800.0,2018-12-27,DASHBTC,0.02183,0.022,0.02061,0.02083,33977.48,720.37
1545782400.0,2018-12-26,DASHBTC,0.02197,0.02301,0.02133,0.02183,27625.29,606.11
1545696000.0,2018-12-25,DASHBTC,0.02235,0.02245,0.02103,0.02197,33777.53,731.99
1545609600.0,2018-12-24,DASHBTC,0.02268,0.02453,0.02227,0.02235,53898.84,1254.34
1545523200.0,2018-12-23,DASHBTC,0.0217,0.02286,0.0216,0.02268,47306.7,1050.2
1545436800.0,2018-12-22,DASHBTC,0.02184,0.02396,0.02122,0.0217,78761.01,1753.4
1545350400.0,2018-12-21,DASHBTC,0.02361,0.02398,0.02147,0.02184,93822.66,2129.08
1545264000.0,2018-12-20,DASHBTC,0.01963,0.02471,0.01941,0.02361,73501.34,1577.64
1545177600.0,2018-12-19,DASHBTC,0.01989,0.02093,0.0196,0.01963,38359.11,777.87
1545091200.0,2018-12-18,DASHBTC,0.02019,0.02025,0.01907,0.01989,27504.22,543.21
1545004800.0,2018-12-17,DASHBTC,0.01938,0.02052,0.01918,0.02019,26093.87,519.06
1544918400.0,2018-12-16,DASHBTC,0.01922,0.02013,0.01887,0.01938,23771.42,460.72
1544832000.0,2018-12-15,DASHBTC,0.01821,0.02026,0.01792,0.01922,30704.86,576.49
1544745600.0,2018-12-14,DASHBTC,0.01831,0.01872,0.01812,0.01821,15955.47,291.58
1544659200.0,2018-12-13,DASHBTC,0.01854,0.0189,0.01815,0.01831,18263.29,338.48
1544572800.0,2018-12-12,DASHBTC,0.01857,0.0194,0.01854,0.01854,22710.4,430.4
1544486400.0,2018-12-11,DASHBTC,0.01963,0.02,0.01833,0.01855,22654.54,434.02
1544400000.0,2018-12-10,DASHBTC,0.02114,0.02131,0.0193,0.01963,22361.49,447.24
1544313600.0,2018-12-09,DASHBTC,0.01974,0.02134,0.01946,0.02114,20457.53,416.09
1544227200.0,2018-12-08,DASHBTC,0.01988,0.02021,0.019,0.01974,28262.48,556.23
1544140800.0,2018-12-07,DASHBTC,0.01855,0.01993,0.01763,0.01988,37545.63,690.46
1544054400.0,2018-12-06,DASHBTC,0.02071,0.02082,0.0181,0.01855,22061.99,431.46
1543968000.0,2018-12-05,DASHBTC,0.02159,0.02164,0.02054,0.02071,11414.84,239.32
1543881600.0,2018-12-04,DASHBTC,0.02175,0.02194,0.02145,0.02159,7814.07,169.13
1543795200.0,2018-12-03,DASHBTC,0.02243,0.02258,0.02143,0.02175,11212.62,246.16
1543708800.0,2018-12-02,DASHBTC,0.02269,0.02287,0.0221,0.02243,7953.37,178.26
1543622400.0,2018-12-01,DASHBTC,0.02286,0.02311,0.0224,0.02269,6472.22,147.56
1543536000.0,2018-11-30,DASHBTC,0.02254,0.023,0.0219,0.02285,8945.79,201.74
1543449600.0,2018-11-29,DASHBTC,0.02336,0.02344,0.0224,0.02254,10654.23,242.5
1543363200.0,2018-11-28,DASHBTC,0.02337,0.02374,0.0228,0.02336,15665.69,363.26
1543276800.0,2018-11-27,DASHBTC,0.02366,0.02439,0.02289,0.02337,17018.02,398.85
1543190400.0,2018-11-26,DASHBTC,0.02271,0.02397,0.0224,0.02366,13075.26,300.35
1543104000.0,2018-11-25,DASHBTC,0.02386,0.0239,0.0224,0.02271,14684.43,337.33
1543017600.0,2018-11-24,DASHBTC,0.02285,0.02417,0.02282,0.02386,11990.24,281.56
1542931200.0,2018-11-23,DASHBTC,0.02341,0.02392,0.02237,0.02285,11878.47,273.63
1542844800.0,2018-11-22,DASHBTC,0.02484,0.02523,0.02341,0.02341,10800.69,263.42
1542758400.0,2018-11-21,DASHBTC,0.02354,0.02492,0.02332,0.02484,12527.85,302.5
1542672000.0,2018-11-20,DASHBTC,0.02255,0.02374,0.02235,0.02354,23786.09,544.43
1542585600.0,2018-11-19,DASHBTC,0.02358,0.02366,0.0218,0.02255,21653.46,487.48
1542499200.0,2018-11-18,DASHBTC,0.02387,0.0244,0.02347,0.02358,9299.02,222.23
1542412800.0,2018-11-17,DASHBTC,0.02459,0.02467,0.02351,0.02387,8311.59,198.99
1542326400.0,2018-11-16,DASHBTC,0.02459,0.0251,0.02427,0.02459,11768.23,289.82
1542240000.0,2018-11-15,DASHBTC,0.02509,0.0252,0.02394,0.02459,16630.7,406.83
1542153600.0,2018-11-14,DASHBTC,0.02526,0.0265,0.02313,0.02509,15524.77,386.37
1542067200.0,2018-11-13,DASHBTC,0.02555,0.02593,0.02505,0.02526,7983.53,202.81
1541980800.0,2018-11-12,DASHBTC,0.02498,0.02629,0.0249,0.02555,10612.38,272.54
1541894400.0,2018-11-11,DASHBTC,0.02522,0.02531,0.02471,0.02498,5146.41,129.11
1541808000.0,2018-11-10,DASHBTC,0.02499,0.02561,0.02468,0.02522,6494.57,163.59
1541721600.0,2018-11-09,DASHBTC,0.02558,0.02561,0.02483,0.02499,8893.01,224.96
1541635200.0,2018-11-08,DASHBTC,0.02551,0.02683,0.02547,0.02558,20801.18,544.68
1541548800.0,2018-11-07,DASHBTC,0.02631,0.02633,0.02505,0.02551,14610.03,372.95
1541462400.0,2018-11-06,DASHBTC,0.02554,0.02704,0.02546,0.02631,19319.45,506.3
1541376000.0,2018-11-05,DASHBTC,0.02561,0.02619,0.0252,0.02554,17801.84,458.98
1541289600.0,2018-11-04,DASHBTC,0.02439,0.02649,0.024,0.02561,26305.94,669.88
1541203200.0,2018-11-03,DASHBTC,0.02424,0.02455,0.02415,0.02439,6480.88,157.69
1541116800.0,2018-11-02,DASHBTC,0.0241,0.02429,0.02395,0.02424,8211.01,198.12
1541030400.0,2018-11-01,DASHBTC,0.02405,0.0243,0.0239,0.0241,8418.5,202.75
1540944000.0,2018-10-31,DASHBTC,0.02428,0.02527,0.02388,0.02405,14450.57,352.85
1540857600.0,2018-10-30,DASHBTC,0.02373,0.02432,0.02373,0.02428,7019.34,169.5
1540771200.0,2018-10-29,DASHBTC,0.02414,0.0242,0.02365,0.02373,8790.37,210.26
1540684800.0,2018-10-28,DASHBTC,0.02369,0.0243,0.02356,0.02414,6802.35,163.13
1540598400.0,2018-10-27,DASHBTC,0.024,0.02423,0.02363,0.02369,7123.73,170.86
1540512000.0,2018-10-26,DASHBTC,0.02397,0.02417,0.02363,0.024,8552.95,204.83
1540425600.0,2018-10-25,DASHBTC,0.02411,0.02426,0.02392,0.02397,7465.34,179.58
1540339200.0,2018-10-24,DASHBTC,0.02375,0.02462,0.02375,0.02411,11761.48,284.8
1540252800.0,2018-10-23,DASHBTC,0.02347,0.02384,0.02345,0.02375,9553.67,226.09
1540166400.0,2018-10-22,DASHBTC,0.02378,0.02381,0.0233,0.02347,13937.49,328.8
1540080000.0,2018-10-21,DASHBTC,0.02388,0.02416,0.0237,0.02378,13152.54,314.4
1539993600.0,2018-10-20,DASHBTC,0.02373,0.02422,0.02368,0.02388,16691.09,399.28
1539907200.0,2018-10-19,DASHBTC,0.02378,0.02392,0.02357,0.02373,11791.31,280.06
1539820800.0,2018-10-18,DASHBTC,0.02442,0.02453,0.02367,0.02378,14481.92,350.06
1539734400.0,2018-10-17,DASHBTC,0.02483,0.02497,0.02426,0.02442,14319.47,353.04
1539648000.0,2018-10-16,DASHBTC,0.02499,0.025,0.02499,0.025,0.0,0.0
1539561600.0,2018-10-15,DASHBTC,0.02507,0.02525,0.0241,0.02499,14187.11,348.38
1539475200.0,2018-10-14,DASHBTC,0.02584,0.02597,0.02505,0.02507,2899.14,73.9
1539388800.0,2018-10-13,DASHBTC,0.02527,0.02585,0.02514,0.02584,3105.14,78.71
1539302400.0,2018-10-12,DASHBTC,0.02503,0.02596,0.02445,0.02527,12959.94,325.23
1539216000.0,2018-10-11,DASHBTC,0.02709,0.02737,0.02503,0.02503,17914.49,469.06
1539129600.0,2018-10-10,DASHBTC,0.02727,0.02742,0.027,0.02709,13588.82,368.9
1539043200.0,2018-10-09,DASHBTC,0.02748,0.02755,0.0271,0.02727,12150.6,331.71
1538956800.0,2018-10-08,DASHBTC,0.02739,0.02768,0.027,0.02748,14759.07,403.94
1538870400.0,2018-10-07,DASHBTC,0.02742,0.02779,0.02705,0.02739,10009.8,274.24
1538784000.0,2018-10-06,DASHBTC,0.02755,0.02848,0.02727,0.02742,11796.76,327.19
1538697600.0,2018-10-05,DASHBTC,0.02754,0.02773,0.02729,0.02755,10528.01,289.83
1538611200.0,2018-10-04,DASHBTC,0.02734,0.02772,0.02728,0.02754,10066.22,276.76
1538524800.0,2018-10-03,DASHBTC,0.02784,0.02799,0.02711,0.02734,12359.8,339.78
1538438400.0,2018-10-02,DASHBTC,0.02842,0.02852,0.02751,0.02784,16897.03,475.74
1538352000.0,2018-10-01,DASHBTC,0.02828,0.02849,0.0281,0.02842,10198.73,288.56
1538265600.0,2018-09-30,DASHBTC,0.0286,0.02867,0.02821,0.02828,10420.85,296.09
1538179200.0,2018-09-29,DASHBTC,0.02821,0.02901,0.02808,0.0286,10732.94,306.64
1538092800.0,2018-09-28,DASHBTC,0.02915,0.02927,0.028,0.02821,14234.13,407.55
1538006400.0,2018-09-27,DASHBTC,0.02836,0.02949,0.02828,0.02915,16618.71,479.34
1537920000.0,2018-09-26,DASHBTC,0.02958,0.0296,0.02806,0.02836,16981.97,491.1
1537833600.0,2018-09-25,DASHBTC,0.0301,0.03013,0.02811,0.02958,15807.32,456.68
1537747200.0,2018-09-24,DASHBTC,0.0306,0.03065,0.02902,0.0301,17409.9,515.74
1537660800.0,2018-09-23,DASHBTC,0.03044,0.03136,0.03027,0.0306,15810.89,485.98
1537574400.0,2018-09-22,DASHBTC,0.03104,0.03157,0.03,0.03044,10305.66,314.78
1537488000.0,2018-09-21,DASHBTC,0.03064,0.03178,0.0265,0.03104,26188.8,805.89
1537401600.0,2018-09-20,DASHBTC,0.02994,0.03109,0.02903,0.03064,21653.79,645.87
1537315200.0,2018-09-19,DASHBTC,0.03028,0.031,0.02938,0.02994,18606.62,560.18
1537228800.0,2018-09-18,DASHBTC,0.02928,0.03031,0.02838,0.03028,17509.57,514.65
1537142400.0,2018-09-17,DASHBTC,0.02948,0.03089,0.0287,0.02928,24963.69,749.85
1537056000.0,2018-09-16,DASHBTC,0.02937,0.0298,0.0286,0.02948,14535.69,421.66
1536969600.0,2018-09-15,DASHBTC,0.02936,0.02994,0.02866,0.02937,19154.95,559.79
1536883200.0,2018-09-14,DASHBTC,0.0296,0.03044,0.02878,0.02936,16464.37,485.5
1536796800.0,2018-09-13,DASHBTC,0.02927,0.03098,0.02836,0.0296,22747.46,671.36
1536710400.0,2018-09-12,DASHBTC,0.02983,0.0299,0.0273,0.02927,22378.33,635.34
1536624000.0,2018-09-11,DASHBTC,0.03199,0.03265,0.0288,0.02983,21927.29,671.76
1536537600.0,2018-09-10,DASHBTC,0.0309,0.0329,0.03083,0.03199,26809.91,860.76
1536451200.0,2018-09-09,DASHBTC,0.03015,0.03121,0.02853,0.0309,25142.56,758.67
1536364800.0,2018-09-08,DASHBTC,0.02915,0.03167,0.02911,0.03015,31949.54,967.2
1536278400.0,2018-09-07,DASHBTC,0.02778,0.03005,0.02693,0.02915,21969.2,620.24
1536192000.0,2018-09-06,DASHBTC,0.02588,0.02787,0.02523,0.02778,19451.0,517.37
1536105600.0,2018-09-05,DASHBTC,0.02946,0.03022,0.0254,0.02588,26994.85,757.59
1536019200.0,2018-09-04,DASHBTC,0.0299,0.03025,0.0291,0.02946,17572.98,521.74
1535932800.0,2018-09-03,DASHBTC,0.0292,0.03063,0.02824,0.0299,18770.04,549.67
1535846400.0,2018-09-02,DASHBTC,0.03089,0.03105,0.02842,0.0292,20182.17,595.51
1535760000.0,2018-09-01,DASHBTC,0.0277,0.03153,0.02764,0.03089,33863.81,1013.79
1535673600.0,2018-08-31,DASHBTC,0.02652,0.02788,0.02629,0.0277,18425.35,498.98
1535587200.0,2018-08-30,DASHBTC,0.02658,0.02684,0.02547,0.02652,17153.06,448.4
1535500800.0,2018-08-29,DASHBTC,0.02741,0.02883,0.02636,0.02658,25841.48,710.23
1535414400.0,2018-08-28,DASHBTC,0.0266,0.02848,0.02478,0.02741,37666.79,998.22
1535328000.0,2018-08-27,DASHBTC,0.0211,0.02789,0.02101,0.0266,37510.56,904.98
1535241600.0,2018-08-26,DASHBTC,0.0215,0.02153,0.02086,0.0211,21295.9,450.9
1535155200.0,2018-08-25,DASHBTC,0.0217,0.02182,0.0212,0.0215,14963.26,319.68
1535068800.0,2018-08-24,DASHBTC,0.02154,0.02201,0.02111,0.0217,18651.23,399.53
1534982400.0,2018-08-23,DASHBTC,0.02151,0.02193,0.02107,0.02154,16776.56,361.62
1534896000.0,2018-08-22,DASHBTC,0.02185,0.02246,0.02134,0.02151,16186.66,354.4
1534809600.0,2018-08-21,DASHBTC,0.0226,0.02291,0.02151,0.02185,18770.79,417.91
1534723200.0,2018-08-20,DASHBTC,0.02383,0.02426,0.02249,0.0226,16166.31,376.62
1534636800.0,2018-08-19,DASHBTC,0.02376,0.02509,0.02343,0.02383,15196.12,365.58
1534550400.0,2018-08-18,DASHBTC,0.02544,0.0258,0.02306,0.02376,16084.37,395.65
1534464000.0,2018-08-17,DASHBTC,0.02391,0.02549,0.02391,0.02544,17282.95,424.49
1534377600.0,2018-08-16,DASHBTC,0.0245,0.02473,0.02367,0.02391,13667.44,331.02
1534291200.0,2018-08-15,DASHBTC,0.02237,0.02475,0.02151,0.0245,18016.36,429.42
1534204800.0,2018-08-14,DASHBTC,0.02312,0.02389,0.02193,0.02237,19442.42,441.35
1534118400.0,2018-08-13,DASHBTC,0.02665,0.027,0.02295,0.02312,19762.48,491.3
1534032000.0,2018-08-12,DASHBTC,0.02681,0.02681,0.02681,0.02681,0.0,0.0
1533945600.0,2018-08-11,DASHBTC,0.02739,0.0275,0.0268,0.02681,7194.19,194.65
1533859200.0,2018-08-10,DASHBTC,0.02815,0.0293,0.02731,0.02739,13126.35,372.5
1533772800.0,2018-08-09,DASHBTC,0.02751,0.02962,0.02734,0.02815,14500.27,406.41
1533686400.0,2018-08-08,DASHBTC,0.02781,0.0294,0.0201,0.02751,15178.19,425.47
1533600000.0,2018-08-07,DASHBTC,0.02878,0.02936,0.02775,0.02781,14421.38,412.95
1533513600.0,2018-08-06,DASHBTC,0.02947,0.02979,0.02869,0.02878,10393.03,304.54
1533427200.0,2018-08-05,DASHBTC,0.02881,0.02971,0.02872,0.02947,9936.79,291.29
1533340800.0,2018-08-04,DASHBTC,0.02839,0.02928,0.02818,0.02881,9778.01,280.18
1533254400.0,2018-08-03,DASHBTC,0.02794,0.02874,0.02758,0.02839,10282.38,288.38
1533168000.0,2018-08-02,DASHBTC,0.02884,0.02891,0.02738,0.02794,12166.93,340.43
1533081600.0,2018-08-01,DASHBTC,0.02812,0.0299,0.02804,0.02884,12611.9,364.58
1532995200.0,2018-07-31,DASHBTC,0.02868,0.02884,0.02763,0.02812,13472.41,380.4
1532908800.0,2018-07-30,DASHBTC,0.02916,0.0295,0.02866,0.02868,10718.12,311.34
1532822400.0,2018-07-29,DASHBTC,0.02922,0.02944,0.02901,0.02916,11208.77,327.68
1532736000.0,2018-07-28,DASHBTC,0.02998,0.03,0.02904,0.02922,15817.7,466.5
1532649600.0,2018-07-27,DASHBTC,0.03046,0.0313,0.02979,0.02998,13416.48,406.2
1532563200.0,2018-07-26,DASHBTC,0.03004,0.03091,0.02957,0.03046,14489.56,434.44
1532476800.0,2018-07-25,DASHBTC,0.03006,0.03066,0.028,0.03004,16856.9,503.1
1532390400.0,2018-07-24,DASHBTC,0.03135,0.03161,0.02993,0.03006,17581.67,537.72
1532304000.0,2018-07-23,DASHBTC,0.03379,0.03406,0.03104,0.03135,15178.81,484.28
1532217600.0,2018-07-22,DASHBTC,0.03444,0.03503,0.0334,0.03379,10785.31,368.18
1532131200.0,2018-07-21,DASHBTC,0.03311,0.03479,0.03231,0.03444,17756.92,593.08
1532044800.0,2018-07-20,DASHBTC,0.0349,0.03797,0.03303,0.03311,21340.08,760.19
1531958400.0,2018-07-19,DASHBTC,0.0361,0.03735,0.0341,0.0349,13913.15,497.11
1531872000.0,2018-07-18,DASHBTC,0.03553,0.03625,0.03483,0.0361,10885.5,387.95
1531785600.0,2018-07-17,DASHBTC,0.0367,0.03745,0.03521,0.03553,13088.9,477.62
1531699200.0,2018-07-16,DASHBTC,0.03633,0.03786,0.03577,0.0367,12139.64,443.22
1531612800.0,2018-07-15,DASHBTC,0.03554,0.03682,0.03513,0.03633,10174.03,365.6
1531526400.0,2018-07-14,DASHBTC,0.03502,0.03619,0.03461,0.03554,9523.62,335.99
1531440000.0,2018-07-13,DASHBTC,0.03405,0.0387,0.03394,0.03502,15030.76,543.4
1531353600.0,2018-07-12,DASHBTC,0.03411,0.0345,0.03341,0.03405,8983.6,304.33
1531267200.0,2018-07-11,DASHBTC,0.03488,0.03539,0.03363,0.03411,8773.65,301.05
1531180800.0,2018-07-10,DASHBTC,0.03461,0.035,0.03367,0.03488,9620.12,331.81
1531094400.0,2018-07-09,DASHBTC,0.03635,0.03669,0.03411,0.03461,13510.38,477.36
1531008000.0,2018-07-08,DASHBTC,0.03659,0.03685,0.0355,0.03635,14006.43,507.03
1530921600.0,2018-07-07,DASHBTC,0.03662,0.03699,0.03613,0.03659,9263.63,338.97
1530835200.0,2018-07-06,DASHBTC,0.03699,0.03721,0.03612,0.03662,9430.43,343.55
1530748800.0,2018-07-05,DASHBTC,0.03725,0.03805,0.03662,0.03699,10496.44,392.5
1530662400.0,2018-07-04,DASHBTC,0.03717,0.03754,0.03673,0.03725,8533.74,316.79
1530576000.0,2018-07-03,DASHBTC,0.03779,0.03949,0.03703,0.03717,15758.91,603.31
1530489600.0,2018-07-02,DASHBTC,0.03715,0.03865,0.0371,0.03779,14420.36,546.52
1530403200.0,2018-07-01,DASHBTC,0.03745,0.03754,0.03625,0.03715,10213.98,377.24
1530316800.0,2018-06-30,DASHBTC,0.0379,0.03816,0.03635,0.03745,10407.31,391.81
1530230400.0,2018-06-29,DASHBTC,0.03752,0.03866,0.03686,0.0379,10241.23,385.56
1530144000.0,2018-06-28,DASHBTC,0.03734,0.03764,0.03616,0.03752,10715.33,392.95
1530057600.0,2018-06-27,DASHBTC,0.03796,0.03798,0.0365,0.03734,10534.7,393.39
1529971200.0,2018-06-26,DASHBTC,0.03838,0.03877,0.037,0.03796,8441.08,319.78
1529884800.0,2018-06-25,DASHBTC,0.03864,0.03941,0.03835,0.03838,12398.37,480.9
1529798400.0,2018-06-24,DASHBTC,0.03943,0.0401,0.03849,0.03864,12031.74,471.36
1529712000.0,2018-06-23,DASHBTC,0.03906,0.0405,0.0388,0.03943,11654.46,464.15
1529625600.0,2018-06-22,DASHBTC,0.03879,0.0399,0.038,0.03906,13483.92,521.31
1529539200.0,2018-06-21,DASHBTC,0.03948,0.03988,0.03862,0.03879,10190.41,400.69
1529452800.0,2018-06-20,DASHBTC,0.03879,0.03952,0.038,0.03948,9484.11,366.71
1529366400.0,2018-06-19,DASHBTC,0.03939,0.04048,0.03849,0.03879,11599.85,455.85
1529280000.0,2018-06-18,DASHBTC,0.041,0.04108,0.03864,0.03939,9724.43,384.47
1529193600.0,2018-06-17,DASHBTC,0.04107,0.04174,0.04035,0.041,11981.85,490.87
1529107200.0,2018-06-16,DASHBTC,0.03994,0.04117,0.0396,0.04107,9632.9,388.94
1529020800.0,2018-06-15,DASHBTC,0.04034,0.04104,0.03921,0.03994,12357.37,494.76
1528934400.0,2018-06-14,DASHBTC,0.0389,0.0409,0.0387,0.04034,16535.54,660.67
1528848000.0,2018-06-13,DASHBTC,0.03956,0.03991,0.0385,0.0389,16987.29,664.51
1528761600.0,2018-06-12,DASHBTC,0.03915,0.041,0.03877,0.03956,17189.61,687.8
1528675200.0,2018-06-11,DASHBTC,0.03985,0.04083,0.0382,0.03915,18773.73,744.12
1528588800.0,2018-06-10,DASHBTC,0.03967,0.04083,0.03868,0.03985,18540.64,737.15
1528502400.0,2018-06-09,DASHBTC,0.0408,0.04083,0.0387,0.03967,18729.94,746.02
1528416000.0,2018-06-08,DASHBTC,0.04107,0.04154,0.03961,0.0408,20016.69,813.42
1528329600.0,2018-06-07,DASHBTC,0.0412,0.04154,0.0407,0.04107,18452.69,756.75
1528243200.0,2018-06-06,DASHBTC,0.04171,0.0419,0.0408,0.0412,18780.01,777.69
1528156800.0,2018-06-05,DASHBTC,0.04225,0.04283,0.0413,0.04171,14335.72,600.15
1528070400.0,2018-06-04,DASHBTC,0.04284,0.0435,0.04131,0.04225,17485.77,739.74
1527984000.0,2018-06-03,DASHBTC,0.04216,0.0435,0.04216,0.04284,18166.0,779.25
1527897600.0,2018-06-02,DASHBTC,0.04192,0.04271,0.04138,0.04216,18162.62,764.53
1527811200.0,2018-06-01,DASHBTC,0.04072,0.04209,0.04038,0.04192,19429.76,795.94
1527724800.0,2018-05-31,DASHBTC,0.04111,0.04168,0.04041,0.04072,19107.66,783.7
1527638400.0,2018-05-30,DASHBTC,0.04254,0.0427,0.0402,0.04111,18316.4,760.24
1527552000.0,2018-05-29,DASHBTC,0.04011,0.04334,0.0399,0.04254,18558.86,766.32
1527465600.0,2018-05-28,DASHBTC,0.04292,0.0435,0.04,0.04011,17718.98,739.04
1527379200.0,2018-05-27,DASHBTC,0.04376,0.04423,0.04251,0.04292,17190.78,743.67
1527292800.0,2018-05-26,DASHBTC,0.04519,0.04534,0.0435,0.04376,16241.58,721.73
1527206400.0,2018-05-25,DASHBTC,0.04545,0.046,0.04427,0.04519,16844.71,760.89
1527120000.0,2018-05-24,DASHBTC,0.0453,0.04593,0.04437,0.04545,17780.21,802.48
1527033600.0,2018-05-23,DASHBTC,0.04464,0.04559,0.0435,0.0453,19640.41,872.79
1526947200.0,2018-05-22,DASHBTC,0.04568,0.04611,0.04447,0.04464,15423.22,698.06
1526860800.0,2018-05-21,DASHBTC,0.04714,0.04741,0.0455,0.04568,18012.18,838.26
1526774400.0,2018-05-20,DASHBTC,0.0467,0.0475,0.046,0.04714,14910.61,700.62
1526688000.0,2018-05-19,DASHBTC,0.04789,0.04836,0.04644,0.0467,16278.79,773.24
1526601600.0,2018-05-18,DASHBTC,0.04801,0.04854,0.0466,0.04789,16772.9,798.05
1526515200.0,2018-05-17,DASHBTC,0.04961,0.05007,0.04801,0.04801,15880.98,778.09
1526428800.0,2018-05-16,DASHBTC,0.05045,0.05045,0.0486,0.04961,11364.78,559.73
1526342400.0,2018-05-15,DASHBTC,0.04976,0.0517,0.04881,0.05045,8195.56,413.51
1526256000.0,2018-05-14,DASHBTC,0.04793,0.05199,0.04623,0.04976,12715.98,622.59
1526169600.0,2018-05-13,DASHBTC,0.04769,0.04838,0.04674,0.04793,3647.35,173.48
1526083200.0,2018-05-12,DASHBTC,0.04668,0.04769,0.04552,0.04769,4153.18,193.95
1525996800.0,2018-05-11,DASHBTC,0.04637,0.04927,0.0454,0.04668,9979.94,465.73
1525910400.0,2018-05-10,DASHBTC,0.04757,0.04945,0.0461,0.04637,6918.86,333.66
1525824000.0,2018-05-09,DASHBTC,0.04813,0.04822,0.04558,0.04757,7252.58,340.02
1525737600.0,2018-05-08,DASHBTC,0.04893,0.0496,0.04767,0.04813,4663.36,227.39
1525651200.0,2018-05-07,DASHBTC,0.05039,0.05055,0.04816,0.04893,7065.26,347.68
1525564800.0,2018-05-06,DASHBTC,0.05179,0.05323,0.05025,0.05039,6701.01,345.02
1525478400.0,2018-05-05,DASHBTC,0.05028,0.05197,0.04977,0.05179,6840.97,346.31
1525392000.0,2018-05-04,DASHBTC,0.05163,0.05205,0.04975,0.05028,6012.17,304.73
1525305600.0,2018-05-03,DASHBTC,0.0527,0.05344,0.0515,0.05163,8840.54,466.54
1525219200.0,2018-05-02,DASHBTC,0.05273,0.05289,0.05101,0.0527,7046.31,366.39
1525132800.0,2018-05-01,DASHBTC,0.0512,0.05461,0.05066,0.05273,8635.18,453.2
1525046400.0,2018-04-30,DASHBTC,0.053,0.0533,0.05075,0.0512,7205.23,374.97
1524960000.0,2018-04-29,DASHBTC,0.05319,0.05353,0.05181,0.053,7129.64,375.79
1524873600.0,2018-04-28,DASHBTC,0.05281,0.05393,0.05232,0.05319,6054.06,321.23
1524787200.0,2018-04-27,DASHBTC,0.05436,0.05472,0.0519,0.05281,7323.94,387.11
1524700800.0,2018-04-26,DASHBTC,0.05222,0.05499,0.05122,0.05436,5622.55,300.32
1524614400.0,2018-04-25,DASHBTC,0.05438,0.0548,0.05024,0.05222,10289.04,537.91
1524528000.0,2018-04-24,DASHBTC,0.0564,0.05864,0.05401,0.05438,10964.17,625.87
1524441600.0,2018-04-23,DASHBTC,0.05311,0.05918,0.0521,0.0564,16443.84,916.07
1524355200.0,2018-04-22,DASHBTC,0.04985,0.05444,0.04968,0.05311,7702.81,404.48
1524268800.0,2018-04-21,DASHBTC,0.05227,0.05237,0.04911,0.04985,6049.48,305.57
1524182400.0,2018-04-20,DASHBTC,0.0524,0.05319,0.0513,0.05227,9202.79,480.15
1524096000.0,2018-04-19,DASHBTC,0.05186,0.05274,0.04956,0.0524,9977.4,511.88
1524009600.0,2018-04-18,DASHBTC,0.04594,0.0519,0.04547,0.05186,12339.73,597.88
1523923200.0,2018-04-17,DASHBTC,0.04516,0.047,0.04472,0.04594,5444.47,250.23
1523836800.0,2018-04-16,DASHBTC,0.0458,0.04603,0.04454,0.04516,4342.76,195.84
1523750400.0,2018-04-15,DASHBTC,0.04461,0.04659,0.0442,0.0458,4700.42,214.23
1523664000.0,2018-04-14,DASHBTC,0.04473,0.0465,0.04426,0.04461,4240.09,190.86
1523577600.0,2018-04-13,DASHBTC,0.04509,0.04766,0.0421,0.04473,9175.01,420.9
1523491200.0,2018-04-12,DASHBTC,0.04451,0.04559,0.04341,0.04509,9194.87,409.71
1523404800.0,2018-04-11,DASHBTC,0.04384,0.04451,0.04335,0.04451,4504.31,197.53
1523318400.0,2018-04-10,DASHBTC,0.04414,0.04454,0.04272,0.04384,8886.37,390.0
1523232000.0,2018-04-09,DASHBTC,0.04444,0.0455,0.04333,0.04414,17755.17,792.44
1523145600.0,2018-04-08,DASHBTC,0.04305,0.04608,0.04265,0.04444,17886.95,779.51
1523059200.0,2018-04-07,DASHBTC,0.04312,0.04465,0.04289,0.04305,17901.51,784.28
1522972800.0,2018-04-06,DASHBTC,0.04424,0.04448,0.04286,0.04312,16027.36,697.11
1522886400.0,2018-04-05,DASHBTC,0.04381,0.0449,0.04337,0.04424,18154.34,800.13
1522800000.0,2018-04-04,DASHBTC,0.04586,0.046,0.0437,0.04381,22602.34,1017.54
1522713600.0,2018-04-03,DASHBTC,0.04446,0.0462,0.04409,0.04586,24276.23,1097.23
1522627200.0,2018-04-02,DASHBTC,0.04266,0.045,0.04198,0.04446,17215.59,742.04
1522540800.0,2018-04-01,DASHBTC,0.04401,0.04487,0.04178,0.04266,17871.33,781.52
1522454400.0,2018-03-31,DASHBTC,0.04521,0.04647,0.04355,0.04401,18290.08,830.74
1522368000.0,2018-03-30,DASHBTC,0.04625,0.0476,0.04511,0.04521,19750.49,910.59
1522281600.0,2018-03-29,DASHBTC,0.04417,0.048,0.04261,0.04625,25323.7,1128.75
1522195200.0,2018-03-28,DASHBTC,0.04531,0.04584,0.0439,0.04417,19682.25,883.55
1522108800.0,2018-03-27,DASHBTC,0.04761,0.0478,0.0451,0.04531,17477.57,809.61
1522022400.0,2018-03-26,DASHBTC,0.04863,0.0488,0.04685,0.04761,18304.76,876.47
1521936000.0,2018-03-25,DASHBTC,0.04914,0.04942,0.04841,0.04863,16831.86,820.24
1521849600.0,2018-03-24,DASHBTC,0.04848,0.05197,0.04821,0.04914,18917.71,944.63
1521763200.0,2018-03-23,DASHBTC,0.04713,0.05077,0.04687,0.04848,18462.7,878.93
1521676800.0,2018-03-22,DASHBTC,0.04863,0.0491,0.04623,0.04713,18176.14,867.45
1521590400.0,2018-03-21,DASHBTC,0.048,0.0495,0.04753,0.04863,17704.93,859.54
1521504000.0,2018-03-20,DASHBTC,0.04775,0.05025,0.04683,0.048,19669.91,949.49
1521417600.0,2018-03-19,DASHBTC,0.048,0.04821,0.04484,0.04775,22413.45,1037.69
1521331200.0,2018-03-18,DASHBTC,0.04909,0.04943,0.04588,0.048,17910.85,852.89
1521244800.0,2018-03-17,DASHBTC,0.05131,0.05195,0.04849,0.04909,17026.75,856.2
1521158400.0,2018-03-16,DASHBTC,0.05047,0.0514,0.04895,0.05131,19631.23,983.66
1521072000.0,2018-03-15,DASHBTC,0.0516,0.0525,0.04985,0.05047,11784.56,599.93
1520985600.0,2018-03-14,DASHBTC,0.05293,0.0547,0.05102,0.0516,2319.37,122.82
1520899200.0,2018-03-13,DASHBTC,0.05456,0.05477,0.05234,0.05293,2865.14,152.92
1520812800.0,2018-03-12,DASHBTC,0.05531,0.05609,0.0542,0.05456,4452.22,245.83
1520726400.0,2018-03-11,DASHBTC,0.055,0.05709,0.0542,0.05531,3300.63,183.25
1520640000.0,2018-03-10,DASHBTC,0.05372,0.057,0.05341,0.055,3452.95,190.18
1520553600.0,2018-03-09,DASHBTC,0.05266,0.0544,0.05103,0.05372,5850.1,305.55
1520467200.0,2018-03-08,DASHBTC,0.05172,0.0536,0.05102,0.05266,5105.53,265.58
1520380800.0,2018-03-07,DASHBTC,0.05391,0.0541,0.05115,0.05172,2912.3,152.8
1520294400.0,2018-03-06,DASHBTC,0.05325,0.0544,0.05251,0.05391,2652.2,140.88
1520208000.0,2018-03-05,DASHBTC,0.05385,0.0544,0.05175,0.05325,2477.92,132.45
1520121600.0,2018-03-04,DASHBTC,0.05335,0.05537,0.05296,0.05385,2312.77,125.03
1520035200.0,2018-03-03,DASHBTC,0.05467,0.0547,0.0524,0.05335,2663.14,142.21
1519948800.0,2018-03-02,DASHBTC,0.05653,0.05653,0.0539,0.05467,1948.36,107.66
1519862400.0,2018-03-01,DASHBTC,0.05648,0.05724,0.048,0.05653,4489.28,249.38
1519776000.0,2018-02-28,DASHBTC,0.05751,0.05762,0.055,0.05648,2974.1,167.55
1519689600.0,2018-02-27,DASHBTC,0.06022,0.0605,0.05707,0.05751,3587.51,210.23
1519603200.0,2018-02-26,DASHBTC,0.06147,0.062,0.06003,0.06022,2451.58,149.5
1519516800.0,2018-02-25,DASHBTC,0.06105,0.06211,0.06073,0.06147,1833.17,112.32
1519430400.0,2018-02-24,DASHBTC,0.06172,0.0632,0.05981,0.06105,2785.62,169.27
1519344000.0,2018-02-23,DASHBTC,0.06352,0.06386,0.06106,0.06172,2496.14,155.67
1519257600.0,2018-02-22,DASHBTC,0.06321,0.0637,0.06,0.06352,3101.21,191.06
1519171200.0,2018-02-21,DASHBTC,0.0605,0.06534,0.0605,0.06321,5157.27,326.12
1519084800.0,2018-02-20,DASHBTC,0.06502,0.06525,0.0605,0.0605,5699.21,357.18
1518998400.0,2018-02-19,DASHBTC,0.0658,0.06661,0.06499,0.06502,2973.45,194.46
1518912000.0,2018-02-18,DASHBTC,0.06668,0.06736,0.065,0.0658,3248.62,214.11
1518825600.0,2018-02-17,DASHBTC,0.06832,0.06942,0.0666,0.06668,3046.92,207.28
1518739200.0,2018-02-16,DASHBTC,0.0694,0.071,0.06731,0.06832,3962.9,273.65
1518652800.0,2018-02-15,DASHBTC,0.07152,0.0728,0.068,0.0694,3678.13,257.31
1518566400.0,2018-02-14,DASHBTC,0.06919,0.0744,0.069,0.07152,6191.16,444.57
1518480000.0,2018-02-13,DASHBTC,0.06998,0.07045,0.06878,0.06919,1658.39,115.46
1518393600.0,2018-02-12,DASHBTC,0.07189,0.073,0.0696,0.06998,1550.92,110.18
1518307200.0,2018-02-11,DASHBTC,0.0739,0.07422,0.07,0.07189,2670.4,192.97
1518220800.0,2018-02-10,DASHBTC,0.0734,0.07472,0.07276,0.0739,3782.0,278.9
1518134400.0,2018-02-09,DASHBTC,0.06848,0.07367,0.06848,0.0734,3675.81,266.38
1518048000.0,2018-02-08,DASHBTC,0.06834,0.06888,0.068,0.06848,88.6,6.06
1517961600.0,2018-02-07,DASHBTC,0.06797,0.07106,0.06616,0.06834,3542.52,242.6
1517875200.0,2018-02-06,DASHBTC,0.0647,0.06918,0.06186,0.06797,5656.7,370.94
1517788800.0,2018-02-05,DASHBTC,0.06625,0.078,0.06374,0.0647,5145.67,344.31
1517702400.0,2018-02-04,DASHBTC,0.06937,0.07079,0.06585,0.06625,4786.74,327.91
1517616000.0,2018-02-03,DASHBTC,0.06651,0.074,0.06388,0.06937,3711.72,253.0
1517529600.0,2018-02-02,DASHBTC,0.06794,0.06808,0.05627,0.06651,7560.27,487.42
1517443200.0,2018-02-01,DASHBTC,0.06855,0.0693,0.06565,0.06794,6679.05,452.44
1517356800.0,2018-01-31,DASHBTC,0.06701,0.0689,0.0665,0.06855,2756.56,186.52
1517270400.0,2018-01-30,DASHBTC,0.06824,0.0698,0.06701,0.06701,4244.23,292.24
1517184000.0,2018-01-29,DASHBTC,0.06939,0.0697,0.06597,0.06824,7544.22,510.43
1517097600.0,2018-01-28,DASHBTC,0.06794,0.0694,0.0658,0.06939,3433.64,232.07
1517011200.0,2018-01-27,DASHBTC,0.0704,0.07051,0.06713,0.06794,3281.04,224.47
1516924800.0,2018-01-26,DASHBTC,0.07089,0.07218,0.0692,0.0704,2722.08,192.7
1516838400.0,2018-01-25,DASHBTC,0.069,0.0722,0.06881,0.07089,5332.88,377.52
1516752000.0,2018-01-24,DASHBTC,0.06973,0.07005,0.0673,0.069,8867.13,610.52
1516665600.0,2018-01-23,DASHBTC,0.07025,0.0723,0.06863,0.06973,3359.85,235.86
1516579200.0,2018-01-22,DASHBTC,0.07076,0.07213,0.0692,0.07025,3094.03,219.06
1516492800.0,2018-01-21,DASHBTC,0.0722,0.07323,0.06953,0.07076,3232.28,230.18
1516406400.0,2018-01-20,DASHBTC,0.07334,0.07649,0.0713,0.0722,5711.15,418.12
1516320000.0,2018-01-19,DASHBTC,0.07401,0.07499,0.072,0.07334,4011.55,293.72
1516233600.0,2018-01-18,DASHBTC,0.07154,0.0768,0.06873,0.07401,8034.06,586.68
1516147200.0,2018-01-17,DASHBTC,0.06687,0.07226,0.06391,0.07154,8337.31,573.99
1516060800.0,2018-01-16,DASHBTC,0.0682,0.07323,0.062,0.06687,11255.07,762.1
1515974400.0,2018-01-15,DASHBTC,0.07349,0.07509,0.068,0.0682,4875.2,349.02
1515888000.0,2018-01-14,DASHBTC,0.0768,0.07712,0.07348,0.07349,4411.76,333.62
1515801600.0,2018-01-13,DASHBTC,0.0758,0.07853,0.07551,0.0768,5203.25,399.64
1515715200.0,2018-01-12,DASHBTC,0.0746,0.0769,0.0735,0.0758,5646.46,424.41
1515628800.0,2018-01-11,DASHBTC,0.07374,0.07699,0.0726,0.0746,14108.1,1057.27
1515542400.0,2018-01-10,DASHBTC,0.07618,0.07878,0.07308,0.07374,15054.72,1137.38
1515456000.0,2018-01-09,DASHBTC,0.07155,0.07693,0.06811,0.07618,16992.07,1253.24
1515369600.0,2018-01-08,DASHBTC,0.0717,0.07432,0.07012,0.07155,15652.14,1137.28
1515283200.0,2018-01-07,DASHBTC,0.0672,0.07549,0.06676,0.0717,15152.85,1096.93
1515196800.0,2018-01-06,DASHBTC,0.06286,0.073,0.06243,0.0672,12785.34,867.65
1515110400.0,2018-01-05,DASHBTC,0.07322,0.077,0.06112,0.06286,15826.65,1120.43
1515024000.0,2018-01-04,DASHBTC,0.07485,0.081,0.0717,0.07322,19626.3,1475.22
1514937600.0,2018-01-03,DASHBTC,0.0785,0.07878,0.0732,0.07485,14119.06,1059.97
1514851200.0,2018-01-02,DASHBTC,0.07575,0.08302,0.07259,0.0785,17118.93,1350.28
1514764800.0,2018-01-01,DASHBTC,0.07322,0.07693,0.07203,0.07575,14455.82,1086.5
1514678400.0,2017-12-31,DASHBTC,0.076,0.07617,0.07231,0.07322,15193.87,1133.07
1514592000.0,2017-12-30,DASHBTC,0.07556,0.0771,0.07155,0.076,14195.75,1061.15
1514505600.0,2017-12-29,DASHBTC,0.077,0.0787,0.073,0.07556,12231.41,923.17
1514419200.0,2017-12-28,DASHBTC,0.07357,0.078,0.07212,0.077,12472.92,922.03
1514332800.0,2017-12-27,DASHBTC,0.07528,0.082,0.0703,0.07357,20796.02,1549.37
1514246400.0,2017-12-26,DASHBTC,0.08043,0.0815,0.07,0.07528,31192.01,2375.58
1514160000.0,2017-12-25,DASHBTC,0.08138,0.0909,0.08009,0.08043,34308.01,2822.49
1514073600.0,2017-12-24,DASHBTC,0.08299,0.08399,0.07941,0.08138,32458.07,2655.37
1513987200.0,2017-12-23,DASHBTC,0.08297,0.08945,0.07976,0.08299,35631.85,2938.8
1513900800.0,2017-12-22,DASHBTC,0.08672,0.08961,0.071,0.08297,32166.6,2652.79
1513814400.0,2017-12-21,DASHBTC,0.088,0.09317,0.08465,0.08672,36764.55,3250.22
1513728000.0,2017-12-20,DASHBTC,0.0652,0.0948,0.064,0.088,31549.13,2560.62
1513641600.0,2017-12-19,DASHBTC,0.0607,0.06703,0.06054,0.0652,6151.51,395.75
1513555200.0,2017-12-18,DASHBTC,0.0572,0.064,0.0557,0.0607,5043.18,295.75
1513468800.0,2017-12-17,DASHBTC,0.052,0.06079,0.0515,0.0572,9453.76,531.36
1513382400.0,2017-12-16,DASHBTC,0.0509,0.053,0.0465,0.052,18202.07,909.04
1513296000.0,2017-12-15,DASHBTC,0.05704,0.058,0.046,0.0509,19820.87,997.37
1513209600.0,2017-12-14,DASHBTC,0.05398,0.05958,0.05207,0.05704,23178.97,1291.43
1513123200.0,2017-12-13,DASHBTC,0.055,0.0599,0.04945,0.05398,29125.44,1551.72
1513036800.0,2017-12-12,DASHBTC,0.04523,0.05824,0.04388,0.055,28490.97,1408.63
1512950400.0,2017-12-11,DASHBTC,0.04453,0.04879,0.04231,0.04523,22401.53,982.76
1512864000.0,2017-12-10,DASHBTC,0.04778,0.05389,0.04359,0.04453,28195.02,1323.19
1512777600.0,2017-12-09,DASHBTC,0.0438,0.05298,0.04277,0.04778,29317.11,1428.93
1512691200.0,2017-12-08,DASHBTC,0.03962,0.05395,0.03636,0.0438,32418.57,1436.28
1512604800.0,2017-12-07,DASHBTC,0.04865,0.051,0.03928,0.03962,32228.57,1432.37
1512518400.0,2017-12-06,DASHBTC,0.06264,0.065,0.04838,0.04865,26555.07,1488.9
1512432000.0,2017-12-05,DASHBTC,0.0662,0.06689,0.03,0.06264,39933.3,2569.06
1512345600.0,2017-12-04,DASHBTC,0.06805,0.07564,2.4e-05,0.0662,32776.69,2165.33
1512259200.0,2017-12-03,DASHBTC,0.07014,0.07044,0.06586,0.06805,34506.9,2360.69
1512172800.0,2017-12-02,DASHBTC,0.07201,0.07266,0.06888,0.07014,36299.57,2550.0
1512086400.0,2017-12-01,DASHBTC,0.07611,0.0795,0.07001,0.07201,45615.66,3428.91
1512000000.0,2017-11-30,DASHBTC,0.0689,0.081,0.0658,0.07611,42968.66,3234.89
1511913600.0,2017-11-29,DASHBTC,0.0615,0.07298,0.05784,0.0689,19075.54,1236.17
1511827200.0,2017-11-28,DASHBTC,0.06424,0.06496,0.06079,0.0615,16890.08,1053.02
1511740800.0,2017-11-27,DASHBTC,0.06698,0.06898,0.06356,0.06424,15509.1,1008.32
1511654400.0,2017-11-26,DASHBTC,0.0721,0.07299,0.065,0.06698,11115.63,767.14
1511568000.0,2017-11-25,DASHBTC,0.0679,0.07549,0.0679,0.0721,13351.99,958.82
1511481600.0,2017-11-24,DASHBTC,0.07014,0.07112,0.0644,0.0679,14738.83,1006.85
1511395200.0,2017-11-23,DASHBTC,0.07031,0.07112,0.067,0.07014,14297.11,988.67
1511308800.0,2017-11-22,DASHBTC,0.06097,0.07207,0.06057,0.07031,13573.57,912.96
1511222400.0,2017-11-21,DASHBTC,0.0638,0.068,0.0558,0.06097,15714.3,940.3
1511136000.0,2017-11-20,DASHBTC,0.05468,0.07299,0.05302,0.0638,13726.63,764.9
1511049600.0,2017-11-19,DASHBTC,0.0585,0.05917,0.05221,0.05468,10963.36,624.09
1510963200.0,2017-11-18,DASHBTC,0.05493,0.06416,0.05458,0.0585,8993.91,524.62
1510876800.0,2017-11-17,DASHBTC,0.05274,0.057,0.05189,0.05493,9330.68,499.62
1510790400.0,2017-11-16,DASHBTC,0.05779,0.05948,0.05211,0.05274,7941.01,442.53
1510704000.0,2017-11-15,DASHBTC,0.06402,0.06463,0.05508,0.05779,8954.13,538.78
1510617600.0,2017-11-14,DASHBTC,0.06549,0.068,0.0595,0.06402,11466.37,733.2
1510531200.0,2017-11-13,DASHBTC,0.091,0.0951,0.0595,0.06549,13784.83,956.36
1510444800.0,2017-11-12,DASHBTC,0.05394,0.09521,0.04888,0.091,12968.45,875.74
1510358400.0,2017-11-11,DASHBTC,0.04935,0.05556,0.04935,0.05394,8246.61,426.44
1510272000.0,2017-11-10,DASHBTC,0.04541,0.05026,0.04475,0.04935,5286.18,252.69
1510185600.0,2017-11-09,DASHBTC,0.04245,0.04676,0.04245,0.04541,3549.33,158.56
1510099200.0,2017-11-08,DASHBTC,0.04134,0.04581,0.03878,0.04245,3015.07,125.96
