Date,Open,High,Low,Close,Volume USDT
10/31/20,13560.1,13740,13411.5,13558.89,162037269.5
10/30/20,13455.7,13669.98,13115,13560.1,946818817.6
10/29/20,13266.4,13642.91,12920.77,13455.7,997867948.9
10/28/20,13636.17,13859.48,12888,13266.4,1263487953
10/27/20,13052.19,13789.29,13019.87,13636.17,1085403903
10/26/20,13028.83,13238.81,12765,13052.19,794395722.5
10/25/20,13111.73,13350,12888,13028.83,502672049.2
10/24/20,12923.07,13166.73,12870,13111.73,468299521.8
10/23/20,12968.52,13027.69,12720.08,12923.07,650680239.1
10/22/20,12780.96,13185,12678.08,12968.52,905778888.9
10/21/20,11909.99,13217.68,11886.95,12780.96,1437122187
10/20/20,11751.47,12038.38,11677.59,11909.99,737363649
10/19/20,11503.14,11823.99,11407.96,11751.47,550728683.8
10/18/20,11360.2,11505,11346.22,11503.14,266150824.4
10/17/20,11319.32,11402.42,11255,11360.2,253582776
10/16/20,11505.12,11541.15,11200,11319.32,553211001.6
10/15/20,11417.89,11617.34,11250.83,11505.12,556436445.6
10/14/20,11420.56,11547.98,11280,11417.89,472007015.7
10/13/20,11528.25,11557,11300,11420.56,482663390.7
10/12/20,11369.02,11720.01,11172,11528.25,604779845.8
10/11/20,11293.22,11445,11221,11369.02,329927755
10/10/20,11050.64,11491,11050.51,11293.22,494785212.2
10/9/20,10925.57,11104.64,10829,11050.64,530822321.5
10/8/20,10666.39,10950,10530.41,10925.57,559311760.4
10/7/20,10599.66,10681.87,10546.17,10666.39,348298562.9
10/6/20,10792.21,10800,10525,10599.66,520051256.1
10/5/20,10666.63,10798,10615.64,10792.21,364158510.2
10/4/20,10542.06,10696.87,10517.87,10666.63,246252050.9
10/3/20,10570.4,10603.56,10496.46,10542.06,235160884.6
10/2/20,10619.13,10664.64,10374,10570.4,526864379.3
10/1/20,10776.59,10920,10437,10619.13,652168989.5
9/30/20,10840.48,10849.34,10665.13,10776.59,425279696.3
9/29/20,10696.12,10867.54,10635.87,10840.48,449345822.5
9/28/20,10774.25,10950,10626,10696.12,544463219.6
9/27/20,10728.6,10799,10594.82,10774.25,327169249.5
9/26/20,10686.67,10820.94,10644.68,10728.6,304511477.7
9/25/20,10736.32,10760.53,10556.24,10686.67,512647249.2
9/24/20,10241.46,10795.24,10190.93,10736.32,604520870.1
9/23/20,10529.61,10537.15,10136.82,10241.46,539362015.2
9/22/20,10417.22,10572.71,10353,10529.61,460302252.1
9/21/20,10920.28,10988.86,10296.35,10417.22,751020795.2
9/20/20,11080.65,11080.65,10723,10920.28,426815210.8
9/19/20,10933.39,11179.79,10887.37,11080.65,423651901.2
9/18/20,10939.99,11038.03,10812.84,10933.39,516147935.7
9/17/20,10954.01,11045.46,10745.83,10939.99,605010288.8
9/16/20,10785.31,11093,10661.22,10954.01,708644989.5
9/15/20,10671.77,10930.04,10606.48,10785.31,666457161.2
9/14/20,10332.83,10750,10212.34,10671.77,706175591.4
9/13/20,10440.92,10580.11,10200,10332.83,455338605.3
9/12/20,10387.89,10477.97,10269.25,10440.92,366912671.4
9/11/20,10336.87,10397.6,10200,10387.89,451241002.7
9/10/20,10219.2,10483.35,10070.83,10336.87,602390078.5
9/9/20,10126.65,10343,9981.01,10219.2,503082625.2
9/8/20,10373.44,10438,9850,10126.65,742947562.2
9/7/20,10256.2,10410.75,9875,10373.44,634278537.8
9/6/20,10166.69,10347.14,9994.86,10256.2,574903000.2
9/5/20,10446.25,10565.68,9825,10166.69,917578408.9
9/4/20,10140.85,10627.05,9875.5,10446.25,959925718.4
9/3/20,11388.54,11462.6,9960.8,10140.85,1325106403
9/2/20,11921.97,11954.57,11160.1,11388.54,1005391012
9/1/20,11649.51,12050.85,11515,11921.97,928047313.5
8/31/20,11711.16,11800.77,11570,11649.51,646723855.6
8/30/20,11465.84,11719,11458,11711.16,501375342.9
8/29/20,11526.91,11580.02,11417.04,11465.84,379228275.3
8/28/20,11330.38,11542.65,11276.89,11526.91,525606229.7
8/27/20,11461.43,11592.2,11125,11330.38,717474981.7
8/26/20,11318.42,11539.32,11244,11461.43,615452790
8/25/20,11748.2,11767.85,11117.64,11318.42,797034671.6
8/24/20,11648.13,11824.9,11585.09,11748.2,542298951.5
8/23/20,11662.96,11718.07,11514.13,11648.13,440406018.7
8/22/20,11531.34,11686,11376.81,11662.96,504305451.4
8/21/20,11853.55,11878,11485.81,11531.34,755451999.7
8/20/20,11754.59,11888,11668,11853.55,543576025.1
8/19/20,11945.01,12020.08,11561,11754.59,870612801.5
8/18/20,12281.13,12387.77,11817.93,11945.01,920402307.2
8/17/20,11911,12468,11769.78,12281.13,1026883453
8/16/20,11852.4,11931.72,11686,11911,489731524.6
8/15/20,11760.54,11980,11680,11852.4,667446824.1
8/14/20,11780,11850,11634.03,11760.54,702273220.7
8/13/20,11564.33,11792.96,11270.36,11780,809611114.2
8/12/20,11392.08,11617.52,11150,11564.33,743303608.1
8/11/20,11892.92,11935,11125,11392.08,1049615697
8/10/20,11681.68,12067.35,11450,11892.92,1009169063
8/9/20,11761.41,11797.11,11521.97,11681.68,483708602.9
8/8/20,11594.23,11808.27,11512,11761.41,489087264.4
8/7/20,11762.46,11909.94,11322,11594.23,767005529.3
8/6/20,11744.91,11900,11562.5,11762.46,746479211.7
8/5/20,11191.97,11780.93,11093,11744.91,861433645.4
8/4/20,11219.81,11414.98,11000,11191.97,658084242.7
8/3/20,11071.35,11473,10936,11219.81,641127593.3
8/2/20,11801.17,12123.46,10518.5,11071.35,1105757336
8/1/20,11335.46,11861,11220,11801.17,987817017.3
7/31/20,11099.61,11444,10960,11335.46,786344325.9
7/30/20,11100.53,11170,10831,11099.61,669779541.9
7/29/20,10906.27,11342.82,10812,11100.53,853242253.6
7/28/20,11029.96,11242.23,10565,10906.27,1065375500
7/27/20,9931.54,11394.86,9917.21,11029.96,1580355372
7/26/20,9700.42,10111,9650,9931.54,644607634.5
7/25/20,9537.8,9732.9,9513,9700.42,391431695.7
7/24/20,9603.27,9637,9463.44,9537.8,419240263.5
7/23/20,9518.16,9664,9440.33,9603.27,494282948.7
7/22/20,9390,9544,9261,9518.16,457776105.6
7/21/20,9160.78,9437.73,9152.8,9390,563360524.8
7/20/20,9208.99,9221.52,9131,9160.78,325297289.3
7/19/20,9170.28,9232.27,9101.35,9208.99,238521988
7/18/20,9154.32,9219.3,9121.1,9170.28,206628105.4
7/17/20,9133.72,9186.83,9089.81,9154.32,256360345.6
7/16/20,9197.6,9226.15,9047.25,9133.72,395883667
7/15/20,9255.85,9276.49,9160.57,9197.6,360201683.5
7/14/20,9242.62,9279.54,9113,9255.85,421789086.5
7/13/20,9302.75,9343.82,9200.89,9242.62,396614086.8
7/12/20,9234.03,9345,9157.5,9302.75,285591381.5
7/11/20,9288.34,9299.28,9178.25,9234.03,208410250.5
7/10/20,9232.43,9317.48,9125,9288.34,352238898.8
7/9/20,9436.06,9440.79,9160,9232.43,447640493.5
7/8/20,9257.39,9470,9231,9436.06,525344876.7
7/7/20,9344.2,9379.42,9203,9257.39,320576525.4
7/6/20,9069.41,9375,9055.92,9344.2,502548376.2
7/5/20,9135.46,9145.24,8893.03,9069.41,308410443.7
7/4/20,9058.26,9190,9040.04,9135.46,240576054.9
7/3/20,9086.54,9125,9037.47,9058.26,263123750.5
7/2/20,9232,9261.96,8940,9086.54,417724468.9
7/1/20,9138.55,9292,9080.1,9232,354087627.2
6/30/20,9192.56,9205,9064.89,9138.55,287781334.5
6/29/20,9116.35,9238,9024.67,9192.56,384206326.5
6/28/20,9012,9191,8948.06,9116.35,278721674.9
6/27/20,9162.21,9196.24,8833,9012,419606802.2
6/26/20,9249.49,9298,9045.45,9162.21,461347064.8
6/25/20,9296.49,9340,9009.69,9249.49,514396747.4
6/24/20,9624.89,9670,9208,9296.49,579426702.8
6/23/20,9685.69,9720,9577.03,9624.89,395487616.5
6/22/20,9294.69,9780,9277.09,9685.69,550995799.1
6/21/20,9358.95,9422,9281.54,9294.69,227467940.6
6/20/20,9310.23,9395,9170.95,9358.95,282120192.7
6/19/20,9386.32,9438.3,9215.79,9310.23,423086965.2
6/18/20,9465.14,9489,9280,9386.32,351649555.1
6/17/20,9525.59,9565,9236.61,9465.14,453209812.2
6/16/20,9426.02,9589,9373.09,9525.59,494458269.1
6/15/20,9342.1,9495,8910.45,9426.02,793518842.6
6/14/20,9473.34,9480.99,9245,9342.1,282131272.4
6/13/20,9465.13,9494.73,9351,9473.34,261673162.3
6/12/20,9280.4,9557.12,9232.51,9465.13,472007894.4
6/11/20,9885,9964,9113,9280.4,902075648.6
6/10/20,9772.43,9992.72,9704.18,9885,462384305.4
6/9/20,9782.01,9877,9570,9772.43,447208895.8
6/8/20,9746.99,9800,9633,9782.01,395459395.8
6/7/20,9666.3,9802,9372.46,9746.99,556919603.8
6/6/20,9621.16,9735,9531.05,9666.3,315604867.2
6/5/20,9789.06,9854.75,9581,9621.16,465200788.2
6/4/20,9666.24,9881.63,9450,9789.06,557234945.7
6/3/20,9518.04,9690,9365.21,9666.24,441928818
6/2/20,10200.77,10228.99,9266,9518.04,1070060237
6/1/20,9448.27,10380,9421.67,10200.77,749707596.7
5/31/20,9697.72,9700,9381.41,9448.27,461272298.9
5/30/20,9427.07,9740,9331.23,9697.72,530598690.1
5/29/20,9575.89,9605.26,9330,9427.07,542758086.6
5/28/20,9204.07,9625.47,9110,9575.89,693930106.2
5/27/20,8841.18,9225,8811.73,9204.07,624660855.8
5/26/20,8900.35,9017.67,8700,8841.18,516455128.9
5/25/20,8720.34,8979.66,8642.72,8900.35,553545285.9
5/24/20,9179.15,9298,8700,8720.34,636787240.4
5/23/20,9170,9307.85,9070,9179.15,400407195.6
5/22/20,9068.65,9271,8933.52,9170,537847834.5
5/21/20,9511.43,9578.47,8815,9068.65,1002046266
5/20/20,9775.53,9842,9326,9511.43,721190802.8
5/19/20,9733.93,9897.21,9474,9775.53,760713946
5/18/20,9680.04,9950,9464.23,9733.93,797622297.3
5/17/20,9381.27,9888,9322.1,9680.04,663088800.8
5/16/20,9316.42,9588,9220,9381.27,560547005
5/15/20,9791.98,9845.62,9150,9316.42,1099721376
5/14/20,9309.37,9939,9256.76,9791.98,1247456798
5/13/20,8810.79,9398,8792.99,9309.37,839725720
5/12/20,8561.52,8978.26,8528.78,8810.79,760195457.1
5/11/20,8722.77,9168,8200,8561.52,1468392821
5/10/20,9539.4,9574.83,8117,8722.77,1594996477
5/9/20,9800.01,9914.25,9520,9539.4,795001351.7
5/8/20,9986.4,10035.96,9705,9800.01,997005843.7
5/7/20,9142.92,10067,9021,9986.4,1409783462
5/6/20,9021.83,9395,8906.21,9142.92,972793508.5
5/5/20,8871.96,9118.58,8760,9021.83,683083018.9
5/4/20,8894.16,8950,8522,8871.96,738343818.7
5/3/20,8972.05,9200,8712,8894.16,808427095.9
5/2/20,8826.96,9010,8753,8972.05,523838859.5
5/1/20,8620,9059.18,8613.56,8826.96,805640126.6
4/30/20,8778.57,9460,8401,8620,1839283907
4/29/20,7738.98,8952.89,7710.05,8778.57,1536390177
4/28/20,7774.62,7780,7659.12,7738.98,357391780.9
4/27/20,7693.1,7792.02,7606,7774.62,504025811.7
4/26/20,7538.67,7700,7480,7693.1,384202783.3
4/25/20,7505,7705,7431.07,7538.67,331292050.8
4/24/20,7482.39,7615.96,7388,7505,452118137.8
4/23/20,7125.14,7738,7020,7482.39,756320213.6
4/22/20,6841.37,7156.38,6818,7125.14,431271646.2
4/21/20,6826.83,6940,6762,6841.37,411800606.1
4/20/20,7120.74,7220,6751,6826.83,629612368.8
4/19/20,7248.6,7266.15,7055.6,7120.74,326485586.9
4/18/20,7027.55,7293.08,7014.4,7248.6,354845083.8
4/17/20,7101.94,7148.12,6972.98,7027.55,382334236.2
4/16/20,6621.24,7190,6468.27,7101.94,865277543.4
4/15/20,6868.7,6933,6605,6621.24,416947490.6
4/14/20,6837.91,6978,6754.28,6868.7,474794776.2
4/13/20,6903.79,6903.79,6575,6837.91,649390681.3
4/12/20,6876.83,7177,6780,6903.79,516235035.2
4/11/20,6858.92,6944.3,6760,6876.83,311699573.5
4/10/20,7283.54,7295.75,6739.98,6858.92,727281590.8
4/9/20,7361.28,7371.92,7108.08,7283.54,444741085.9
4/8/20,7197.32,7420,7150,7361.28,555122600.3
4/7/20,7329.9,7459.69,7077,7197.32,757201786.7
4/6/20,6772.78,7355.14,6765,7329.9,837357664.7
4/5/20,6856.99,6895.54,6677.52,6772.78,337062083
4/4/20,6734.1,6990.41,6650.01,6856.99,484271784.7
4/3/20,6794.09,7048,6602.1,6734.1,710254017.1
4/2/20,6642.92,7198,6551,6794.09,1014494762
4/1/20,6410.44,6679.94,6150.11,6642.92,618527468.8
3/31/20,6394.38,6523.23,6321.4,6410.44,465780496.6
3/30/20,5881.42,6599,5857.76,6394.38,747569726.5
3/29/20,6236.65,6266,5866.56,5881.42,383707122.5
3/28/20,6359.11,6360,6024,6236.65,577986706.1
3/27/20,6737.36,6842.59,6261,6359.11,551326113.9
3/26/20,6677.43,6780,6510,6737.36,552537189.5
3/25/20,6744.72,6957.96,6450,6677.43,880250736.9
3/24/20,6467.31,6833,6371.33,6744.72,1001890515
3/23/20,5816.19,6600,5688,6467.31,1015525672
3/22/20,6186.98,6407.87,5734.01,5816.19,722895653.5
3/21/20,6208.36,6456.98,5860.02,6186.98,794962136.6
3/20/20,6162.37,6900,5670,6208.36,1401734013
3/19/20,5393.04,6400,5252.53,6162.37,1164739708
3/18/20,5312.64,5436.17,5009.37,5393.04,719748122.5
3/17/20,5028.97,5525,4921.45,5312.64,793147908.3
3/16/20,5361.3,5365.42,4442.12,5028.97,1113690309
3/15/20,5172.06,5940,5093.1,5361.3,753755706.4
3/14/20,5578.6,5640.52,5055.13,5172.06,736651880.9
3/13/20,4800,5955,3782.13,5578.6,2063819541
3/12/20,7934.52,7966.17,4410,4800,1628590104
3/11/20,7894.56,7980,7590,7934.52,624465167.4
3/10/20,7929.87,8149,7728.01,7894.56,689700153.5
3/9/20,8033.31,8179.31,7632.01,7929.87,918787729.1
3/8/20,8886.66,8886.76,8000,8033.31,656931544.8
3/7/20,9131.88,9188,8835,8886.66,409983263.8
3/6/20,9054.68,9170,8985.5,9131.88,397598476.4
3/5/20,8750.87,9159.42,8746.54,9054.68,524102029.2
3/4/20,8760.07,8848.29,8660,8750.87,311813642.8
3/3/20,8915.24,8919.65,8651,8760.07,438767223.4
3/2/20,8531.88,8965.75,8498,8915.24,478440593.4
3/1/20,8523.61,8750,8411,8531.88,343204951.5
2/29/20,8692.91,8790,8523.55,8523.61,294303059.7
2/28/20,8823.21,8900,8445,8692.91,553072839.5
2/27/20,8785.25,8971.77,8531,8823.21,569020533.9
2/26/20,9315.84,9377.44,8633.63,8785.25,738703381
2/25/20,9656.13,9675,9250,9315.84,466601727.8
2/24/20,9936.4,9990,9473.56,9656.13,485727423.9
2/23/20,9650.86,9990,9645,9936.4,339649718.7
2/22/20,9677.05,9709.17,9560.02,9650.86,221985357.4
2/21/20,9596.42,9755.51,9550.21,9677.05,371982905
2/20/20,9593.79,9699,9400,9596.42,519348208.8
2/19/20,10164.71,10250,9350,9593.79,488101944.4
2/18/20,9706,10250,9576.01,10164.71,629501237.5
2/17/20,9917.27,9964.16,9452.67,9706,610248386.2
2/16/20,9904.72,10050,9638.12,9917.27,533803667
2/15/20,10344.36,10375,9801,9904.72,386941941.1
2/14/20,10229.63,10381.56,10111.37,10344.36,441284907.1
2/13/20,10326.46,10500,10080,10229.63,721834854
2/12/20,10223.08,10450,10223.08,10326.46,569404621.3
2/11/20,9851.83,10323.59,9700,10223.08,563151083.5
2/10/20,10151.75,10188,9756,9851.83,533579979.9
2/9/20,9895.05,10166,9880.75,10151.75,401252974.2
2/8/20,9813.73,9940,9667.11,9895.05,392070766.8
2/7/20,9772,9885,9730,9813.73,395553053.5
2/6/20,9612.04,9862.57,9526.35,9772,576799852.4
2/5/20,9197.02,9744.45,9177.22,9612.04,560402763.4
2/4/20,9292.24,9350,9093.01,9197.02,450356686.6
2/3/20,9331.51,9618.79,9234,9292.24,432518251
2/2/20,9384.61,9477.03,9120,9331.51,393069356.1
2/1/20,9352.89,9464.53,9281,9384.61,250954187.5
1/31/20,9513.21,9530.22,9210.01,9352.89,390349472.8
1/30/20,9301.53,9578,9204.44,9513.21,520899545.9
1/29/20,9374.21,9449.24,9216,9301.53,458185206.4
1/28/20,8907.57,9400,8862.4,9374.21,609032042.2
1/27/20,8615,9000,8535,8907.57,430022719.1
1/26/20,8340.58,8618.13,8293.66,8615,243966731.8
1/25/20,8439,8451.26,8254.9,8340.58,197715892.4
1/24/20,8404.52,8528.02,8238,8439,318243231.3
1/23/20,8682.36,8691.81,8306.39,8404.52,368015973.5
1/22/20,8736.03,8818,8590,8682.36,231150378.6
1/21/20,8642.35,8789,8488,8736.03,288321139.9
1/20/20,8701.7,8746.99,8521.28,8642.35,309740988.5
1/19/20,8915.96,9198.98,8466,8701.7,556820241.6
1/18/20,8913.28,8988.88,8806.38,8915.96,314671064.9
1/17/20,8720.01,9041.65,8672.44,8913.28,571745481.4
1/16/20,8821.41,8859.81,8586,8720.01,412049423.4
1/15/20,8810.01,8916.48,8564,8821.41,672219490.6
1/14/20,8110.34,8880,8105.54,8810.01,920676991.4
1/13/20,8184.98,8196,8055.89,8110.34,234189183.3
1/12/20,8020.01,8197,7960,8184.98,285515916.7
1/11/20,8197.02,8286.34,8003.16,8020.01,407130953.8
1/10/20,7817.76,8199,7672,8197.02,592502799.3
1/9/20,8055.98,8055.98,7750,7817.76,461938364.9
1/8/20,8145.28,8455,7870,8055.98,824509605.4
1/7/20,7758,8207.68,7723.71,8145.28,649686677.7
1/6/20,7358.75,7795.34,7346.76,7758,375953464.6
1/5/20,7354.11,7495,7318,7358.75,260108976.8
1/4/20,7344.96,7404,7272.21,7354.11,203985069.8
1/3/20,6965.71,7405,6871.04,7344.96,446708892.2
1/2/20,7200.85,7212.5,6924.74,6965.71,203113593.6
1/1/20,7195.23,7255,7175.15,7200.85,114510187
12/31/19,7246,7320,7145.01,7195.23,175254678.7
12/30/19,7388.24,7408.24,7220,7246,201597036.8
12/29/19,7316.14,7528.45,7288,7388.24,214230169.8
12/28/19,7254.74,7365.01,7238.67,7316.14,183325442.7
12/27/19,7202,7275.86,7076.42,7254.74,221540289.1
12/26/19,7204.63,7435,7157.12,7202,240801175.8
12/25/19,7255.77,7271.77,7128.86,7204.63,183604082.8
12/24/19,7317.09,7436.68,7157.04,7255.77,288361632.7
12/23/19,7501.44,7695.38,7265.84,7317.09,457728969.9
12/22/19,7132.75,7518.54,7122.47,7501.44,257466562.3
12/21/19,7187.83,7190.58,7105,7132.75,129946909.3
12/20/19,7150.3,7220,7079.5,7187.83,212871398.4
12/19/19,7277.83,7380,7038.31,7150.3,362421773.7
12/18/19,6623.82,7440,6435,7277.83,585228255.8
12/17/19,6891.72,6942.21,6560,6623.82,331013406.3
12/16/19,7118.59,7150,6836,6891.72,276979882.7
12/15/19,7064.05,7200.3,7008.35,7118.59,173388488.8
12/14/19,7258.48,7271.77,7012,7064.05,194322690
12/13/19,7198.08,7309.05,7190.76,7258.48,185220243.8
12/12/19,7210,7295,7080.3,7198.08,278210361
12/11/19,7224.13,7275.5,7125.66,7210,201092209.9
12/10/19,7338.64,7407.6,7157.1,7224.13,330005517.3
12/9/19,7510.11,7650,7273,7338.64,315932460.7
12/8/19,7488.21,7564,7374.86,7510.11,207276549.7
12/7/19,7527.47,7619.62,7470.16,7488.21,221999827.1
12/6/19,7389,7590.03,7305,7527.47,327777514.6
12/5/19,7194.32,7485,7150,7389,399811623.8
12/4/19,7292.71,7750,7067,7194.32,550966803.5
12/3/19,7294.28,7400,7241.35,7292.71,225746865.3
12/2/19,7390.89,7420.56,7151.1,7294.28,313290088.2
12/1/19,7541.89,7541.89,7210,7390.89,411216078.9
11/30/19,7739.68,7810,7441,7541.89,333265298.1
11/29/19,7419.49,7850,7362.3,7739.68,425900041.9
11/28/19,7508.52,7643,7360,7419.49,396692521
11/27/19,7156.14,7655,6840,7508.52,608828576.2
11/26/19,7109.57,7340,7017.48,7156.14,435622913.5
11/25/19,6903.28,7377.69,6515,7109.57,754412574.3
11/24/19,7311.57,7330.39,6861,6903.28,442318585.4
11/23/19,7268.23,7344.48,7080.01,7311.57,339596066.1
11/22/19,7627.74,7750,6790,7268.23,818575809.3
11/21/19,8098.01,8134.73,7500,7627.74,413133154.8
11/20/19,8133.64,8264.29,8038.4,8098.01,245542079.6
11/19/19,8187.17,8218.63,8003,8133.64,326811716.6
11/18/19,8502.4,8503.52,8060,8187.17,329185066.7
11/17/19,8491.02,8635,8350.68,8502.4,212250256.8
11/16/19,8471.73,8543,8400,8491.02,166423651.5
11/15/19,8646.68,8790,8400,8471.73,361320610.3
11/14/19,8777.12,8800,8582.6,8646.68,268210060.8
11/13/19,8821.94,8844.99,8702,8777.12,220199619.9
11/12/19,8733.27,8888,8567.6,8821.94,323934400.7
11/11/19,9039.47,9072.32,8618.68,8733.27,364270120.4
11/10/19,8809.41,9147.19,8750,9039.47,282028213
11/9/19,8773.73,8880,8724.88,8809.41,242717611.1
11/8/19,9216.2,9261,8696,8773.73,505609298.4
11/7/19,9339.05,9375,9101,9216.2,258787229.6
11/6/19,9308.66,9440.91,9250.01,9339.05,324254783.4
11/5/19,9393.35,9454.95,9175.76,9308.66,395605737.7
11/4/19,9194.71,9513.68,9115.84,9393.35,393950088.1
11/3/19,9289.52,9362.57,9066.14,9194.71,238575220.4
11/2/19,9231.61,9373.74,9186.21,9289.52,249752424.2
11/1/19,9140.85,9279,9030,9231.61,369467414.6
10/31/19,9154.72,9405,8913,9140.85,452162782.3
10/30/19,9407.62,9409.84,9001.01,9154.72,463555705.3
10/29/19,9205.14,9550,9072,9407.62,546851683.1
10/28/19,9529.93,9902.1,9160,9205.14,686169012.5
10/27/19,9230,9794.98,9074.34,9529.93,805559741.5
10/26/19,8655.02,10060.21,8470.38,9230,870703558.5
10/25/19,7412.41,8706.07,7361,8655.02,516465760.5
10/24/19,7466.62,7503.68,7337.99,7412.41,226438628.5
10/23/19,8020,8047.59,7300,7466.62,440228028.5
10/22/19,8197.27,8297.99,8000,8020,263517970.8
10/21/19,8223.35,8333,8142.03,8197.27,230762589.8
10/20/19,7948.01,8297,7870,8223.35,253740748.4
10/19/19,7947.01,8098.1,7866.92,7948.01,196888320.2
10/18/19,8070.58,8115,7816.01,7947.01,226487425.8
10/17/19,7991.74,8124.92,7929.03,8070.58,222282154.6
10/16/19,8159.29,8181.16,7917,7991.74,256827673.5
10/15/19,8348.2,8403,8090,8159.29,250195564.4
10/14/19,8275.01,8388.85,8203,8348.2,229828173.2
10/13/19,8300.09,8451.37,8160,8275.01,213726841.1
10/12/19,8258.5,8400,8250,8300.09,166663251.4
10/11/19,8558.03,8779.51,8212.38,8258.5,385175739.8
10/10/19,8560.74,8644,8414.52,8558.03,308412477.8
10/9/19,8168.39,8670,8115,8560.74,421071103
10/8/19,8190.09,8325,8088.75,8168.39,268701596.4
10/7/19,7854.25,8299.92,7762,8190.09,386089591.7
10/6/19,8126.19,8153.87,7785,7854.25,252282865
10/5/19,8137.13,8183.41,8012.98,8126.19,167001607.9
10/4/19,8223.96,8232.41,8005,8137.13,200851365
10/3/19,8359.94,8393,8060,8223.96,231589725.9
10/2/19,8292.44,8373.91,8151.22,8359.94,201237637.5
10/1/19,8289.34,8500,8173.05,8292.44,335252267.5
9/30/19,8043.82,8337.26,7710,8289.34,411517221.3
9/29/19,8198.81,8229.13,7890,8043.82,235105957.7
9/28/19,8177.91,8315,8001.09,8198.81,261065454.8
9/27/19,8063.73,8265,7852.15,8177.91,324537958.6
9/26/19,8430.05,8465.99,7750,8063.73,499478544.7
9/25/19,8493.14,8730,8215.64,8430.05,466357349.7
9/24/19,9702.25,9794.99,8290.51,8694.23,392194281.6
9/23/19,10028.87,10049.99,9615.77,9702.25,287640571.9
9/22/19,9986.39,10089,9853.97,10028.87,202683535.9
9/21/19,10168.59,10176.7,9900,9986.39,190086138.7
9/20/19,10244.29,10281,10061.39,10168.59,237217066.9
9/19/19,10156.99,10325,9653,10244.29,410110429
9/18/19,10187.82,10258.02,10100,10156.99,230086616.1
9/17/19,10251.31,10275,10128.01,10187.82,217408000
9/16/19,10302.01,10355,10078,10251.31,274873865.1
9/15/19,10335.02,10360,10252.15,10302.01,175594782.6
9/14/19,10342.06,10419.99,10222.33,10335.02,228166802.5
9/13/19,10415.01,10439,10153,10342.06,288910051.2
9/12/19,10158.33,10448.81,10040.1,10415.01,329961214.6
9/11/19,10098.15,10293,9880,10158.33,300337746.1
9/10/19,10303.12,10384.99,9953,10098.15,274796103.9
9/9/19,10381.18,10480,10068.5,10303.12,383906446
9/8/19,10455.88,10592.5,10208,10381.18,231134800.4
9/7/19,10298.73,10558,10288.57,10455.88,272829558.1
9/6/19,10564.49,10905.87,10150,10298.73,569923965.4
9/5/19,10567.02,10900,10450,10564.49,326332027
9/4/19,10615.28,10799,10369.89,10567.02,427677459
9/3/19,10340,10773,10272,10615.28,463005116.3
9/2/19,9724.98,10450,9712.5,10340,415332936.9
9/1/19,9587.47,9830,9520,9724.98,176584928.4
8/31/19,9584.54,9684.51,9420.75,9587.47,155146259.2
8/30/19,9498.44,9696,9350.41,9584.54,239190866.8
8/29/19,9721,9724,9320,9498.44,311851907.6
8/28/19,10185.05,10299,9601.01,9721,385261332.5
8/27/19,10372.25,10391.08,10051.08,10185.05,268512030.4
8/26/19,10142.69,10604,10137.93,10372.25,397764602.8
8/25/19,10134.35,10333,9906.97,10142.69,246592422
8/24/19,10389.55,10419.42,9890,10134.35,260543190.8
8/23/19,10099.88,10445,10019.79,10389.55,263492576.5
8/22/19,10142.57,10242,9762,10099.88,317436428.8
8/21/19,10760.51,10804.13,9858,10142.57,446418934.7
8/20/19,10915.54,10949.96,10560,10760.51,326679449.3
8/19/19,10306.78,10930,10258.6,10915.54,369061080.1
8/18/19,10216.02,10500,10080,10306.78,234692610
8/17/19,10331.54,10465.14,10000,10216.02,275590038
8/16/19,10293.93,10536.03,9750,10331.54,483608042.4
8/15/19,10050.37,10460,9911,10293.93,352588729.3
8/14/19,10892.71,10897.48,9928.1,10050.37,520584896.4
8/13/19,11396.08,11456.16,10788.45,10892.71,340946580.6
8/12/19,11549.97,11577.89,11235.32,11396.08,186502616.1
8/11/19,11309.31,11599.98,11112.11,11549.97,283145958.6
8/10/19,11879.99,11985,11270,11309.31,451950654.3
8/9/19,11999.77,12045.68,11700,11879.99,435691680.2
8/8/19,11975.03,12060,11521,11999.77,563880694.2
8/7/19,11481.69,12141.17,11382.84,11975.03,751757281.2
8/6/19,11828.8,12330.7,11226.7,11481.69,822100144.2
8/5/19,10929.23,11937.52,10927.8,11828.8,694027648.8
8/4/19,10816.86,11040,10552,10929.23,400099182.3
8/3/19,10523.75,10904.77,10497.93,10816.86,338863353.6
8/2/19,10374.99,10670,10281.35,10523.75,413105112.3
8/1/19,10080.53,10467.86,9863.46,10374.99,388729401.5
7/31/19,9574.21,10109.8,9555,10080.53,361864379
7/30/19,9507.64,9714.28,9402,9574.21,293800694.5
7/29/19,9541.54,9729,9395,9507.64,257213872.7
7/28/19,9476.52,9594.99,9165,9541.54,259358247.2
7/27/19,9824,10188.66,9333,9476.52,318024837.5
7/26/19,9879.87,9889.98,9637,9824,192022928.4
7/25/19,9763.28,10175,9720.03,9879.87,350657595.8
7/24/19,9864.91,9937,9525,9763.28,390717391.2
7/23/19,10340.31,10343.97,9822,9864.91,439075342.4
7/22/19,10589.45,10683.16,10100,10340.31,389148527.8
7/21/19,10740.23,10817.9,10288,10589.45,378882277.6
7/20/19,10504.29,11068.99,10350,10740.23,464614040.4
7/19/19,10627.16,10769.71,10121.84,10504.29,535193155.6
7/18/19,9667.92,10788,9252,10627.16,731997592.1
7/17/19,9439.59,9957,9060,9667.92,732485975.7
7/16/19,10838.72,11028,9350.01,9439.59,881856938.5
7/15/19,10174.18,11100,9860,10838.72,772595531.8
7/14/19,11355.76,11452,10103,10174.18,703580672.4
7/13/19,11757.22,11799.98,10830,11355.76,556934215.7
7/12/19,11342.89,11885,11073,11757.22,596600067
7/11/19,12108.37,12111.73,11000,11342.89,911270591.4
7/10/19,12543.41,13147.08,11569,12108.37,1234817289
7/9/19,12238.6,12794.73,12068,12543.41,895385000.1
7/8/19,11406.24,12338.03,11220,12238.6,566740812.1
7/7/19,11256.49,11538,11094.37,11406.24,406877786
7/6/19,10970.73,11665,10964.51,11256.49,538340879.6
7/5/19,11145.67,11406.83,10796.44,10970.73,649273951
7/4/19,11940,12000,11055,11145.67,707664152.4
7/3/19,10842.85,11991.89,10841.04,11940,995193543.8
7/2/19,10624.93,10938.75,9727,10842.85,1021975623
7/1/19,10854.1,11282.28,10030,10624.93,881875766.9
6/30/19,11903.13,12180,10766.03,10854.1,887571779.6
6/29/19,12400.63,12441.54,11475.02,11903.13,752724243.2
6/28/19,11329.99,12480,10982.88,12400.63,1020820777
6/27/19,13299.99,13347.99,10525.1,11329.99,1622958316
6/26/19,11820.86,13964.74,11741,12666.45,1273660223
6/25/19,11056.59,11850,11026,11820.86,639404855.6
6/24/19,10906.07,11143.63,10620.8,11056.59,435340224.2
6/23/19,10729.5,11392.64,10555.18,10906.07,572220190.9
6/22/19,10159.86,11160,9921.72,10729.5,1011481805
6/21/19,9517.12,10174.99,9517.12,10159.86,456586005.2
6/20/19,9255.49,9590,9175.2,9517.12,300773682.1
6/19/19,9081.55,9304,8960,9255.49,272896676.3
6/18/19,9313.96,9336.36,8950,9081.55,439353122.1
6/17/19,8953.33,9444,8950,9313.96,408347176.9
6/16/19,8808.7,9333,8760,8953.33,524860629.7
6/15/19,8650,8864.99,8567.63,8808.7,257105509.9
6/14/19,8218.54,8684.41,8144.32,8650,309591286.1
6/13/19,8127.64,8309.82,8010.03,8218.54,233346870.4
6/12/19,7884.9,8200,7788.99,8127.64,311272490.3
6/11/19,7982.75,8010,7692.23,7884.9,224265423.1
6/10/19,7628.13,8020,7511,7982.75,267862714.9
6/9/19,7893.62,7935,7506.66,7628.13,228303163
6/8/19,7980.53,8044.65,7751,7893.62,167582198.7
6/7/19,7786.7,8100,7737.49,7980.53,251966444.9
6/6/19,7776.5,7868.13,7444.58,7786.7,263492654.4
6/5/19,7687.03,7896.7,7572.78,7776.5,354060083.5
6/4/19,8115.82,8115.82,7481.02,7687.03,539348756.2
6/3/19,8725.98,8800.95,8080.8,8115.82,355526981
6/2/19,8544.07,8814.78,8524,8725.98,225804902.4
6/1/19,8555,8626,8442.36,8544.07,254607933.4
5/31/19,8269.54,8594,8108.5,8555,350865326.4
5/30/19,8645.68,9074.26,8005,8269.54,552147446.6
5/29/19,8715.64,8750,8406.6,8645.68,273154083.4
5/28/19,8756.32,8798.49,8510.63,8715.64,254693083.9
5/27/19,8614.43,8908.32,8589,8756.32,419875265.2
5/26/19,8025.41,8740,7833.42,8614.43,375747926.7
5/25/19,7964.87,8091.8,7908.34,8025.41,213847946.4
5/24/19,7851.51,8130,7766,7964.87,342424683.9
5/23/19,7628.43,7940.98,7461,7851.51,352067587.6
5/22/19,7904.87,8016,7465,7628.43,351894913.4
5/21/19,7938.15,8042.32,7771,7904.87,381015932.7
5/20/19,8148.48,8156.03,7553,7938.15,472989540.4
5/19/19,7257.45,8275.09,7243.08,8148.48,474429840
5/18/19,7355.26,7458,7156.61,7257.45,252367651.5
5/17/19,7866.59,7925,6913,7355.26,581754609.4
5/16/19,8169.87,8320,7705,7866.59,510407943.1
5/15/19,7947.56,8249,7850,8169.87,279783874.7
5/14/19,7790.71,8366,7599.56,7947.56,562251187.8
5/13/19,6967.31,8100,6870,7790.71,585457013.2
5/12/19,7076.22,7521.78,6750,6967.31,560694099.5
5/11/19,6373.33,7343.99,6372.85,7076.22,463621315.3
5/10/19,6209.18,6468.92,6172,6373.33,217853632.6
5/9/19,5987.29,6224.55,5983.71,6209.18,159232038.6
5/8/19,5846.34,6014.72,5772.2,5987.29,128246328.6
5/7/19,5747.79,5988,5747.74,5962.16,95544203.42
5/6/19,5775.62,5805,5619.14,5747.79,135669094
5/5/19,5829.45,5839.9,5696,5775.62,130593216.9
5/4/19,5772.69,5900,5587.45,5829.45,214568525.7
5/3/19,5492.87,5844,5477.57,5772.69,244199361.1
5/2/19,5383.2,5538,5370,5492.87,118022034.8
5/1/19,5320.81,5402,5316.2,5383.2,87894939.98
4/30/19,5238.14,5339.98,5192.15,5320.81,111616040.6
4/29/19,5307.52,5332,5178.8,5238.14,98677587.22
4/28/19,5295.69,5340,5259.48,5307.52,72698846.21
4/27/19,5314.1,5342.5,5257.67,5295.69,78433878.76
4/26/19,5219.9,5510,5161.62,5314.1,241599143.8
4/25/19,5415,5491.84,5102,5219.9,246080114.2
4/24/19,5493.31,5582.2,5333.35,5415,242563528.1
4/23/19,5357.14,5600,5332.41,5493.31,210611717.1
4/22/19,5256.14,5400,5208.35,5357.14,147775807.7
4/21/19,5291.73,5314.35,5165,5256.14,125164014.5
4/20/19,5258.68,5333.42,5230.1,5291.73,96728480.31
4/19/19,5258.44,5320,5175,5258.68,121954993.7
4/18/19,5202.82,5287,5198.8,5258.44,112603955.3
4/17/19,5173.72,5230.4,5146.8,5202.82,114118850.6
4/16/19,5024.95,5197.72,5003.94,5173.72,116255208.5
4/15/19,5131.3,5167.38,4950,5024.95,138545876.2
4/14/19,5045.22,5152.99,5000,5131.3,88260470.74
4/13/19,5048.01,5099,5004,5045.22,83686653.62
4/12/19,5017.37,5080.58,4861.22,5048.01,156210764.1
4/11/19,5308.25,5332.67,4927,5017.37,255269789.7
4/10/19,5150,5422,5135,5308.25,194991190
4/9/19,5236.9,5238.4,5076.68,5150,163857659.4
4/8/19,5170.27,5305,5039,5236.9,240502788.4
4/7/19,5043.89,5234,5026,5170.27,179636564.3
4/6/19,5004.95,5205,4928.59,5043.89,194175873.5
4/5/19,4898.66,5028.22,4880.62,5004.95,185131241.1
4/4/19,4932.6,5039.08,4777,4898.66,277808062.4
4/3/19,4857.29,5275.01,4753.5,4932.6,492096758
4/2/19,4144.56,4897.99,4140.54,4857.29,439057063
4/1/19,4103.95,4158.7,4067,4144.56,98897382.91
3/19/19,3987.81,4002.99,3983.14,3998.9,3770271.68
3/18/19,3981.14,4037,3953.33,3987.81,85249694.91
3/17/19,4005.98,4012,3950.01,3981.14,72063019.54
3/16/19,3923.76,4056.98,3921.98,4005.98,107497618.6
3/15/19,3877.12,3939.22,3872.2,3923.76,81114891.34
3/14/19,3866,3920,3810.43,3877.12,97969538.78
3/13/19,3882.73,3893.56,3840,3866,90381736.59
3/12/19,3871.61,3905.2,3826.06,3882.73,98954297.4
3/11/19,3916.82,3936.98,3830,3871.61,139488437.9
3/10/19,3943.04,3943.43,3881.69,3916.82,86575687.94
3/9/19,3864.89,3971.75,3854.75,3943.04,114942454.6
3/8/19,3873.64,3932,3800,3864.89,126907648.3
3/7/19,3861.84,3905.4,3840.4,3873.64,97813042.1
3/6/19,3857.73,3907,3813.09,3861.84,89407898.27
3/5/19,3715.3,3877.1,3703.55,3857.73,116787730.3
3/4/19,3807.75,3830,3670.69,3715.3,121780238.8
3/3/19,3819.93,3835,3781.32,3807.75,60995557.62
3/2/19,3823,3841.31,3772.25,3819.93,70548329.53
3/1/19,3813.69,3857,3813.01,3823,85419292.59
2/28/19,3818.07,3888,3763.87,3813.69,117459044.7
2/27/19,3809.23,3838.85,3677.17,3818.07,111687755.6
2/26/19,3827.92,3841.51,3777,3809.23,104034920.1
2/25/19,3743.56,3872.66,3740,3827.92,137427517.2
2/24/19,4117.76,4198,3712.66,3743.56,224883719.8
2/23/19,3962,4162.02,3933.15,4117.76,125401353.3
2/22/19,3937.31,3988,3926.65,3962,90091055.39
2/21/19,3969.74,4016.48,3901.03,3937.31,115083645.2
2/20/19,3907.79,3986.98,3870.66,3969.74,135108358
2/19/19,3898.6,3994.52,3856,3907.79,183807678.8
2/18/19,3667.58,3925,3655,3898.6,224852810.2
2/17/19,3618.41,3700.11,3604.4,3667.58,88228964.53
2/16/19,3602.47,3648.18,3597.91,3618.41,67623931.31
2/15/19,3590.56,3653.23,3573.45,3602.47,71300223.62
2/14/19,3609.4,3626.4,3568.11,3590.56,74794370.44
2/13/19,3631.46,3670,3591.75,3609.4,89139062.5
2/12/19,3631.05,3667.6,3582.34,3631.46,100548787.8
2/11/19,3680.06,3684.9,3615.53,3631.05,86333971.26
2/10/19,3665.18,3684.99,3609.76,3680.06,80442931.34
2/9/19,3659.04,3680.02,3625.13,3665.18,86743521.43
2/8/19,3398.4,3733.58,3373.1,3659.04,149907760.6
2/7/19,3405.37,3426.45,3390,3398.4,59571238.69
2/6/19,3471.59,3482.72,3380,3405.37,108428107
2/5/19,3463.22,3478.97,3448.43,3471.59,82723836.65
2/4/19,3458.11,3484.88,3433.31,3463.22,76254597.8
2/3/19,3504.77,3511.09,3426,3458.11,65376524.31
2/2/19,3462.07,3526.4,3440.29,3504.77,58911316.57
2/1/19,3434.1,3488,3401.2,3462.07,82446163.33
1/31/19,3458.18,3489.2,3418.8,3434.1,96152449.61
1/30/19,3411.04,3478,3387.1,3458.18,78125806.13
1/29/19,3434.15,3443.45,3349.92,3411.04,93813988.41
1/28/19,3550.84,3557.75,3381.5,3434.15,128787569.3
1/27/19,3565.25,3579,3486,3550.84,72613676.69
1/26/19,3565.29,3662.94,3545,3565.25,63344444.71
1/25/19,3569.62,3587.15,3522.51,3565.29,58864938.78
1/24/19,3552.82,3589,3529.22,3569.62,70006296.01
1/23/19,3570.93,3607.98,3514.5,3552.82,82165371.55
1/22/19,3526.9,3608.5,3446.69,3570.93,89395437.4
1/21/19,3539.28,3559.51,3485.04,3526.9,65059626.45
1/20/19,3665.3,3693.73,3475,3539.28,84251226.23
1/19/19,3594.87,3720,3594.23,3665.3,68293032.66
1/18/19,3616.21,3619.99,3565.75,3594.87,77956595.66
1/17/19,3591.84,3634.7,3533.44,3616.21,99041752.72
1/16/19,3553.06,3645,3543.51,3591.84,92324270.78
1/15/19,3626.09,3648.42,3518.44,3553.06,110721208.2
1/14/19,3476.81,3671.87,3467.02,3626.09,111116129.2
1/13/19,3583.13,3611.1,3444.28,3476.81,80130875.79
1/12/19,3601.31,3618.19,3531.06,3583.13,73689073.67
1/11/19,3585.88,3658,3526.98,3601.31,123044676.4
1/10/19,3966.65,3996.01,3540,3585.88,178756130.9
1/9/19,3955.13,4006.81,3930.04,3966.65,109315054.9
1/8/19,3975.45,4067.66,3922,3955.13,136737939.1
1/7/19,3987.6,4017.9,3921.53,3975.45,117221283.7
1/6/19,3770.96,4027.71,3740,3987.6,126593889.7
1/5/19,3792.01,3840.99,3751,3770.96,108993305.9
1/4/19,3766.78,3823.64,3703.57,3792.01,104281819
1/3/19,3858.56,3862.74,3730,3766.78,104293179.8
1/2/19,3797.14,3882.14,3750.45,3858.56,125781952.9
1/1/19,3702.9,3810.16,3642,3797.14,81818002.59
12/31/18,3801.91,3810,3637.78,3702.9,100763786.7
12/30/18,3695.32,3903.5,3657.9,3801.91,113873648.5
12/29/18,3839.26,3892,3670,3695.32,131634641.8
12/28/18,3567.91,3887.25,3540.04,3839.26,151406617
12/27/18,3777.74,3813.98,3535,3567.91,147943217.9
12/26/18,3745.79,3837.15,3656.74,3777.74,149732459.7
12/25/18,4008.01,4020,3646.41,3745.79,211665332.9
12/24/18,3929.71,4198,3924.83,4008.01,239128837.6
12/23/18,3948.91,4021.53,3870,3929.71,149909406.6
12/22/18,3838.66,3979,3785,3948.91,155073329.6
12/21/18,4049.62,4139.99,3764,3838.66,297414584.8
12/20/18,3662.22,4120,3635,4049.62,353522264.5
12/19/18,3652.98,3912.73,3622.55,3662.22,321352553.6
12/18/18,3509.08,3678.59,3424.47,3652.98,200359773.2
12/17/18,3228.67,3585,3216,3509.08,202235081.9
12/16/18,3211.72,3294,3186,3228.67,76001723.18
12/15/18,3224.17,3276.5,3156.26,3211.72,90753503.7
12/14/18,3302.06,3335,3177,3224.17,133564459.4
12/13/18,3445,3460,3255.5,3302.06,126209442.5
12/12/18,3380.39,3492,3350,3445,107823027.7
12/11/18,3432.88,3463.5,3324.32,3389.69,113264068.9
12/10/18,3545.37,3610,3370.11,3432.88,130691360.7
12/9/18,3410.93,3658,3394.04,3545.37,145607074.8
12/8/18,3403.55,3495,3276.47,3410.93,170227499.7
12/7/18,3508.75,3549.99,3224.6,3403.55,282816671.3
12/6/18,3769.84,3899.99,3500,3508.75,218397171.3
12/5/18,3951.64,3970,3745,3769.84,155318420.1
12/4/18,3884.01,4085,3785.94,3951.64,173269898.3
12/3/18,4161.01,4179,3827.02,3884.01,173213815.7
12/2/18,4190.02,4312.99,4103.04,4161.01,153308532.3
12/1/18,4041.32,4299.99,3963.01,4190.02,172412131.9
11/30/18,4295.84,4341.36,3943,4053.09,251530358.1
11/29/18,4264.85,4450.38,4125.65,4295.84,290872551.6
11/28/18,3875.21,4394.47,3874.27,4264.85,341820074.5
11/27/18,3862.2,3940,3689.12,3875.21,237845870.2
11/26/18,4085.78,4206,3701,3862.2,335099625.7
11/25/18,3932.44,4233,3652.66,4085.78,348653386.3
11/24/18,4420.61,4527,3824.69,3932.44,221518598.3
11/23/18,4370,4484,4222.94,4420.61,196337635.7
11/22/18,4661.07,4721.77,4335,4370,144312768.2
11/21/18,4558.86,4787.2,4413.85,4661.07,259711255
11/20/18,4910.03,5048.24,4326,4558.86,469785894.3
11/19/18,5662,5664,4855,4910.03,330584758.2
11/18/18,5628.29,5738.17,5617,5662,129338526.2
11/17/18,5655.94,5656.6,5565.43,5628.29,143028990.2
11/16/18,5753.4,5782.89,5549.25,5655.94,207469638.5
11/15/18,5922.41,5939.54,5403.42,5753.4,237668666.7
11/14/18,6457.66,6482.84,5656.87,5922.41,233505327.3
11/13/18,6453.07,6498,6391.15,6457.66,72321959.6
11/12/18,6449.81,6497,6421,6453.07,61686559.15
11/11/18,6433.05,6462.14,6355,6449.81,49665474.07
11/10/18,6419.99,6475.55,6411,6433.05,47755415.52
11/9/18,6479.84,6511.53,6391.01,6419.99,71860361.29
11/8/18,6578.46,6594,6468.22,6479.84,80095279.63
11/7/18,6519.11,6615.15,6509,6578.46,86807342.57
11/6/18,6468.99,6531.31,6445.18,6519.11,72777315.11
11/5/18,6485.85,6504.39,6431.02,6468.99,54839521.39
11/4/18,6387.09,6525,6359,6485.85,64280718.03
11/3/18,6433.98,6439.97,6345,6387.09,46694322.28
11/2/18,6410,6460.34,6388.2,6433.98,59808495.03
11/1/18,6371.93,6442.65,6348.66,6410,55513599.97
10/31/18,6330.87,6428,6245.02,6371.93,71519794.26
10/30/18,6344.5,6395,6317.01,6330.87,54072418.92
10/29/18,6489.93,6505.01,6315,6344.5,79170939.83
10/28/18,6505.6,6514.17,6453,6489.93,35689511.81
10/27/18,6538.63,6558.35,6476.18,6505.6,45941295.7
10/26/18,6528.09,6600,6515.01,6538.63,60059940.66
10/25/18,6565.5,6575.09,6502.8,6528.09,64861696.49
10/24/18,6553.51,6630,6547.53,6565.5,76420164.38
10/23/18,6581.2,6595,6515.45,6553.51,88380390.73
10/22/18,6590.11,6639,6535.27,6581.2,103897094.4
10/21/18,6588.4,6663.9,6580,6590.11,41319056.01
10/20/18,6528.88,6617.65,6505.55,6588.4,124380958
10/19/18,6618.96,6648.14,6523,6528.88,132584941.5
10/18/18,6740.89,6796,6567,6618.96,127224734.3
10/17/18,6759.27,6811.12,6676.01,6740.89,174661338.2
10/16/18,6755.73,6755.73,6708.49,6708.49,0
10/15/18,6339.34,7600,6300,6755.73,491227249.1
10/14/18,6332.93,6416,6308,6339.34,95740365.42
10/13/18,6298.01,6345,6285.07,6332.93,118068683.6
10/12/18,6252.68,6360,6209,6298.01,177661984.1
10/11/18,6631,6633.92,6205,6252.68,286479848.1
10/10/18,6656.61,6659.95,6530,6631,96963742.75
10/9/18,6673.01,6685.38,6607,6656.61,99126992.26
10/8/18,6615.26,6715.6,6587,6673.01,148015014.3
10/7/18,6594.27,6640,6525,6615.26,110939270.1
10/6/18,6635.65,6651,6566.77,6594.27,70034483.02
10/5/18,6593.79,6697,6543.08,6635.65,100230383.5
10/4/18,6510,6643.46,6505.09,6593.79,127356525.1
10/3/18,6525.79,6549,6430,6510,177823758.1
10/2/18,6611.61,6640,6494,6525.79,179259561.7
10/1/18,6626.57,6667.09,6510,6611.61,128365960.4
9/30/18,6596.38,6662,6533,6626.57,178592346.3
9/29/18,6634.58,6636,6464.57,6596.38,190971287.2
9/28/18,6689.13,6814.8,6540.88,6634.58,268266953.7
9/27/18,6465.12,6750,6434,6689.13,205546000.2
9/26/18,6447.54,6557.99,6380,6465.12,207541728.1
9/25/18,6581.39,6584.01,6325.02,6447.54,244602341.6
9/24/18,6708,6730,6557,6581.39,221830056.3
9/23/18,6723.05,6788.23,6661.75,6708,196932806.4
9/22/18,6759.02,6839.03,6627,6723.05,183725830.8
9/21/18,6492,6784.86,6491,6759.02,319306130.7
9/20/18,6391.89,6540,6325,6492,151828905.3
9/19/18,6336.45,6517.7,6123,6391.89,218908245.4
9/18/18,6248.69,6390,6224.98,6336.45,198091202.2
9/17/18,6505,6533.84,6201,6248.69,211888248.8
9/16/18,6514.96,6524.62,6375.13,6505,166422338.1
9/15/18,6476.63,6565.45,6466.13,6514.96,159621706
9/14/18,6487.38,6584.99,6385.62,6476.63,225935166.3
9/13/18,6338.62,6535,6337.4,6487.38,245913048.4
9/12/18,6294.91,6360,6192.37,6338.62,190076690.5
9/11/18,6312,6404,6170,6294.91,195248652.4
9/10/18,6250.81,6373.98,6221,6312,197824245.9
9/9/18,6185.05,6441,6141.53,6250.81,216780551.4
9/8/18,6395.54,6478,6111,6185.05,219588081.1
9/7/18,6516.01,6544,6320,6395.54,239707773.5
9/6/18,6700,6725,6286.05,6516.01,349174551.1
9/5/18,7359.06,7397.3,6682,6700,404281550.1
9/4/18,7263.02,7409.9,7227.17,7359.06,248511072.7
9/3/18,7302.01,7338.28,7191.63,7263.02,224625789.5
9/2/18,7200.01,7345.45,7127,7302.01,273323233
9/1/18,7011.21,7275,7008.74,7200.01,269659435.1
8/31/18,6984.84,7089,6888,7011.21,269101804.1
8/30/18,7031.22,7063.63,6784.81,6984.84,287626873
8/29/18,7076.11,7133.81,6912.34,7031.22,283327238.4
8/28/18,6908.64,7135,6860,7076.11,313540617.6
8/27/18,6700,6940.51,6646.5,6908.64,232201020.4
8/26/18,6733.64,6775.27,6568,6700,123840620.2
8/25/18,6681.64,6789,6650.61,6733.64,121496443.5
8/24/18,6525.01,6725,6440.5,6681.64,235813943.4
8/23/18,6360.89,6576.99,6342.28,6525.01,246188292
8/22/18,6480,6882.54,6251.2,6360.89,442016859
8/21/18,6254.84,6500,6235.08,6480,254469529.7
8/20/18,6477.53,6530,6220,6254.84,299203081.8
8/19/18,6387.96,6541,6300,6477.53,279949502.3
8/18/18,6584.49,6620,6288,6387.96,325752517.9
8/17/18,6311.75,6585,6285.4,6584.49,351803544.7
8/16/18,6267.16,6480,6205.6,6311.75,285558549.3
8/15/18,6188.08,6609,6172.11,6267.16,394600658
8/14/18,6246.35,6250.33,5880,6188.08,268258399.6
8/13/18,6308.33,6540.1,6145.04,6246.35,317507847.1
8/12/18,6077.3,6077.3,6077.3,6077.3,0
8/11/18,6144.01,6177,5982,6077.3,136726013.1
8/10/18,6529.79,6575.88,6026.39,6144.01,332567279.8
8/9/18,6285,6622.81,6178.6,6529.79,305798216
8/8/18,6720.06,6721.54,6123,6285,342494963.8
8/7/18,6934.82,7150.46,6670,6720.06,287269304.5
8/6/18,7024.19,7160,6821,6934.82,215340256.4
8/5/18,7009.84,7089.87,6882.29,7024.19,217779907.4
8/4/18,7418.78,7494.81,6926,7009.84,238712517.3
8/3/18,7525.71,7540,7282.44,7418.78,305470420.6
8/2/18,7611.64,7702.71,7455.72,7525.71,253238243.5
8/1/18,7730.93,7750,7430,7611.64,298179092.9
7/31/18,8173.92,8180,7633,7730.93,343739655.8
7/30/18,8211,8273,7866,8173.92,291881176
7/29/18,8225.04,8294.51,8115,8211,202538475.5
7/28/18,8188.57,8246.54,8067,8225.04,206256401.9
7/27/18,7920,8285,7805,8188.57,324341394.4
7/26/18,8175.64,8315.69,7850.06,7920,322274225.2
7/25/18,8397.24,8491.77,8050,8175.64,370776686.8
7/24/18,7721.01,8486,7696,8397.24,444400985
7/23/18,7394.79,7829,7375,7721.01,292426701.7
7/22/18,7398.78,7582.4,7335.5,7394.79,212719876.6
7/21/18,7337.53,7458.47,7211,7398.78,200313325.7
7/20/18,7466.21,7700,7273,7337.53,302301323.5
7/19/18,7381.9,7573.99,7270,7466.21,282897223.8
7/18/18,7317.44,7588.08,7225.38,7381.9,395394487.1
7/17/18,6723.35,7452,6652.04,7317.44,312457623.2
7/16/18,6353.01,6747.3,6330.4,6723.35,219676880.6
7/15/18,6251.99,6395,6225.4,6353.01,141120821.5
7/14/18,6214.57,6335,6178,6251.99,105948150.4
7/13/18,6250.57,6350,6110,6214.57,151101104.4
7/12/18,6378.07,6380.28,6070,6250.57,176557543.4
7/11/18,6296.91,6406,6278.99,6378.07,173124986.8
7/10/18,6662.12,6681,6263,6296.91,227537376.9
7/9/18,6712.1,6802.06,6612.24,6662.12,167524258.7
7/8/18,6756.98,6780,6668,6712.1,157024170.3
7/7/18,6609.78,6818.16,6508.88,6756.98,144751086.7
7/6/18,6529.2,6648.54,6425,6609.78,180019371.3
7/5/18,6586.98,6700,6453.78,6529.2,213525835.3
7/4/18,6513.86,6784.92,6441.11,6586.98,141968661.2
7/3/18,6615.29,6679.35,6463.01,6513.86,231799827
7/2/18,6356.81,6685,6271.62,6615.29,214590129
7/1/18,6390.07,6441.06,6251,6356.81,163403693.2
6/30/18,6197.92,6528.99,6186.03,6390.07,223364691.1
6/29/18,5853.98,6300,5780,6197.92,183154912.3
6/28/18,6133.73,6173.01,5827,5853.98,175103059.1
6/27/18,6070.78,6190.43,5971,6133.73,111061529.9
6/26/18,6252,6272.54,6035,6070.78,110930092.4
6/25/18,6136.97,6350,6080,6252,224423378.2
6/24/18,6149.98,6259.8,5750,6136.97,247156010.1
6/23/18,6045,6260,6008.48,6149.98,154505308.6
6/22/18,6718.84,6733.97,5918.94,6045,290191631.3
6/21/18,6761.51,6795,6672.57,6718.84,165641459.1
6/20/18,6741.21,6817.23,6551.81,6761.51,165916535.4
6/19/18,6712.46,6841.74,6653,6741.21,156224462.4
6/18/18,6449.61,6794.37,6380,6712.46,194424208.2
6/17/18,6483.98,6589.03,6422,6449.61,125243769.6
6/16/18,6388.9,6560,6320.86,6483.98,136535324.2
6/15/18,6635.98,6666.66,6362.31,6388.9,183865198.4
6/14/18,6292.78,6720,6260,6635.98,261601191.9
6/13/18,6530,6627.6,6118.68,6292.78,267223119.5
6/12/18,6872,6890.51,6435,6530,224464654.9
6/11/18,6764.99,6922,6610,6872,218937664.1
6/10/18,7491.73,7491.73,6622.81,6764.99,325423841.7
6/9/18,7603.44,7683.98,7450,7491.73,139964329.1
6/8/18,7691.08,7703.5,7531,7603.44,167167412.8
6/7/18,7658.84,7765,7620,7691.08,185165404.4
6/6/18,7625,7699,7467.05,7658.84,197476363.7
6/5/18,7487,7679.49,7358,7625,212968435
6/4/18,7714.26,7760.52,7446.5,7487,227846884.1
6/3/18,7640.03,7786.69,7600,7714.26,199793084.6
6/2/18,7521.01,7697.33,7437,7640.03,193032336.6
6/1/18,7485.01,7608.55,7355.54,7521.01,199516324.3
5/31/18,7375.96,7651.01,7327.51,7485.01,214754893
5/30/18,7461.29,7569,7260.5,7375.96,222637229.1
5/29/18,7099,7540,7032.95,7461.29,263433748.2
5/28/18,7338.99,7437,7058.02,7099,182005249
5/27/18,7333.96,7400,7231.11,7338.99,128534332.1
5/26/18,7457,7620,7300,7333.96,136765852.5
5/25/18,7575.01,7649.55,7308.15,7457,185181707.5
5/24/18,7501.95,7730.73,7266.99,7575.01,259309003.9
5/23/18,7977.11,8031.9,7425,7501.95,300728157.7
5/22/18,8381.24,8400.18,7935.11,7977.11,180764898.6
5/21/18,8526.98,8589,8305,8381.24,168922210.2
5/20/18,8233.49,8609,8163.9,8526.98,157025535.6
5/19/18,8239.81,8390.8,8095.73,8233.49,133258118.8
5/18/18,8041.46,8273.21,7911.9,8239.81,176654119.5
5/17/18,8330,8464,7979,8041.46,181809439.2
5/16/18,8462,8488,8083.01,8330,222292813.5
5/15/18,8663.34,8859.99,8401.3,8462,207836593
5/14/18,8679.71,8879.99,8277,8663.34,291335226.7
5/13/18,8465.94,8763.36,8299.49,8679.71,204132126.4
5/12/18,8400,8646.88,8153,8465.94,312714296.3
5/11/18,9002.2,9016.8,8341,8400,376368170
5/10/18,9310,9395.12,8970,9002.2,212986751.5
5/9/18,9187.56,9390,8965,9310,221729195
5/8/18,9365,9475.7,9060.54,9184,219174766.6
5/7/18,9659.01,9689.67,9181,9365,292016773.9
5/6/18,9864,9970,9417.03,9659.01,249566350.7
5/5/18,9713.99,10020,9682,9864,227505648.5
5/4/18,9750,9830.04,9520.85,9713.99,256627305.9
5/3/18,9247.84,9844,9168.4,9750,338059066.6
5/2/18,9071.48,9268,8970.2,9247.84,221413701.2
5/1/18,9246.01,9248.99,8800.49,9071.48,336365913
4/30/18,9419,9458.64,9124.99,9246.01,299028368.4
4/29/18,9348,9570.51,9163.74,9419,330606890.2
4/28/18,8915.35,9427.48,8870,9348,296312657
4/27/18,9266,9395,8889,8915.35,316235224.8
4/26/18,8869.99,9307.48,8651.62,9266,351025916.3
4/25/18,9619.99,9759.82,8730,8869.99,663301389.2
4/24/18,8934.01,9731.01,8922,9622.02,393760680.3
4/23/18,8787.02,8985,8745,8934.01,216695602.1
4/22/18,8915.31,9020.67,8727.68,8787.02,241115120.9
4/21/18,8856.98,9035,8565,8915.31,329192462.2
4/20/18,8278,8930,8177.09,8856.98,304403855.4
4/19/18,8173,8296,8080,8278,207252921.3
4/18/18,7885.02,8236.43,7868,8173,198521796.6
4/17/18,8064.92,8173.7,7825.4,7885.02,235852589.9
4/16/18,8355,8419,7867,8064.92,264557257.9
4/15/18,7999.01,8429.54,7999.01,8355,209153533.4
4/14/18,7877.41,8186,7810,7999.01,235088878
4/13/18,7923,8233.39,7732,7877.41,391304308.7
4/12/18,6953.79,8000.63,6743.2,7923,391576360.8
4/11/18,6843.9,6990,6787,6953.79,156882280.2
4/10/18,6782.72,6890,6656,6843.9,141981066.1
4/9/18,7018,7185,6611,6782.72,212708114
4/8/18,6895.8,7109.13,6880,7018,142160303
4/7/18,6601.39,7070,6586.28,6895.8,206848291.1
4/6/18,6770.76,6850,6500,6601.39,168941382.8
4/5/18,6796.1,6902,6566.69,6770.76,243522299.4
4/4/18,7405.21,7427.52,6707,6796.1,271762021.3
4/3/18,7056,7520,7011.01,7405.21,259350620
4/2/18,6813.01,7125,6765,7056,209015725.6
4/1/18,6923.91,7049.98,6430,6813.01,271822911.4
3/31/18,6840.23,7223.36,6777,6923.91,238337082.3
3/30/18,7090.14,7292.43,6600.28,6840.23,406204676.1
3/29/18,7949.3,7975,6941.11,7090.14,366308942.6
3/28/18,7795.51,8109,7728,7949.3,197013957.1
3/27/18,8134.23,8215.94,7730,7795.51,274766866.1
3/26/18,8470.15,8514.89,7831,8134.23,325068375.4
3/25/18,8546.86,8669.85,8365.77,8470.15,231558043.9
3/24/18,8898.03,8999.95,8491,8546.86,292115106.5
3/23/18,8722.9,8909,8269,8898.03,314807017.1
3/22/18,8885,9100,8465.1,8722.9,325879518.9
3/21/18,8909.98,9177.01,8750.6,8885,329967659
3/20/18,8600,9050,8280,8909.98,358510959.9
3/19/18,8189.99,8705.23,8088.4,8600,416044378.7
3/18/18,7824.8,8317.4,7322,8189.99,407852577.5
3/17/18,8260,8348.62,7721.99,7824.8,247093598.1
3/16/18,8240.98,8611.64,7900,8260,295498666.9
3/15/18,8170,8430,7650,8240.98,376409062.3
3/14/18,9150,9333.78,7900.28,8170,381421226.1
3/13/18,9131.34,9474,8823,9150,336975582.5
3/12/18,9533.57,9888.88,8780,9131.22,350201106
3/11/18,8770.22,9739.18,8450,9533.57,368669127.2
3/10/18,9227,9490,8667.07,8770.22,314238528.8
3/9/18,9271.64,9410,8329,9227,515973505
3/8/18,9910,10099,9060,9271.64,357077859.4
3/7/18,10716.48,10899,9389.31,9910,436485902.6
3/6/18,11454,11455,10555.48,10716.48,301579838.6
3/5/18,11515,11710,11415.01,11454,164842361.9
3/4/18,11464.48,11565,11050.02,11515,183077663.6
3/3/18,11039,11544,11015.01,11464.48,227643824.4
3/2/18,10920,11200,10770,11039,245510927.6
3/1/18,10326.76,11060.41,10240,10920,249999978.3
2/28/18,10569.04,11098,10300,10326.76,301441703.6
2/27/18,10324,10870,10121,10569.04,300873597.3
2/26/18,9590,10444.32,9350,10324,317014732.3
2/25/18,9694.51,9847,9274.8,9590,254779432.4
2/24/18,10131.04,10496.97,9352,9694.51,372931768.8
2/23/18,9811.04,10435,9570.19,10131.04,516764021.3
2/22/18,10437.6,10933.44,9679,9812,612036600.1
2/21/18,11200.99,11304.03,10200,10437.6,651841861.3
2/20/18,11153,11786.01,11100.59,11200.99,492456688.4
2/19/18,10383.43,11250,10270.33,11153,391174895.8
2/18/18,11039.55,11274,10080,10388.87,585967908.5
2/17/18,10159.98,11075.07,10050,11039.55,409295505.6
2/16/18,10000.09,10323.37,9666,10159.98,351711951.6
2/15/18,9449.99,10219.5,9301.5,10000.09,460450305
2/14/18,8539.9,9489.6,8533,9449.99,336986708.9
2/13/18,8903,8950,8351,8539.9,280503054.4
2/12/18,8063.88,8989,8053,8903,331452261.1
2/11/18,8533.98,8549,7726.53,8063.88,336875418.5
2/10/18,8683.92,9065.78,8120,8533.98,386317864.6
2/9/18,7784.02,8738,7784.02,8683.92,161661446.3
2/8/18,7599,7844,7572.09,7784.02,10650673.29
2/7/18,7652.14,8476,7150.01,7599,438333474.3
2/6/18,6939.99,7878,6000.01,7652.14,604827192.5
2/5/18,8184.81,8382.8,6625,6939.99,420763927.5
2/4/18,9199.96,9368,7930,8184.81,254787385.8
2/3/18,8873.03,9473.01,8229,9199.96,240167216.7
2/2/18,9224.52,9250,8010.02,8873.03,397058595.5
2/1/18,10285.1,10335,8750.99,9224.52,296173911.6
1/31/18,10237.51,10425.85,9700,10285.1,169313511.9
1/30/18,11251,11308.42,9900,10237.51,249665473.2
1/29/18,11879.95,11975.02,11139.55,11251,153252830.3
1/28/18,11498.31,12244,11408,11879.95,189553059.8
1/27/18,11089,11650,10842.69,11498.31,200163218.6
1/26/18,11175.27,11643,10311.15,11089,332169294.2
1/25/18,11349.99,11794.05,10950.21,11175.27,221289230.7
1/24/18,10799.18,11570.48,10500,11350,279916563.6
1/23/18,10760.05,11399,9905,10799.18,368525859.1
1/22/18,11530,11926.35,9900.24,10760.05,437390092.8
1/21/18,12799.94,12799.94,10965,11530,448157252.1
1/20/18,11474.98,13099,11412.45,12799.94,335176241
1/19/18,10961.97,11795,10360,11474.98,355886069.5
1/18/18,10988.79,11878.82,10435.33,10961.97,498574673.2
1/17/18,10900,11680.99,9037.94,10988.79,676511397.2
1/16/18,13539.93,13542.93,9035,10900,659175459.3
1/15/18,13474.99,14249.99,12781.09,13539.93,184658025
1/14/18,14210,14339.5,12569.2,13474.99,213957978
1/13/18,13740.01,14580,13706.15,14210,166566234.5
1/12/18,13238.78,14109.78,12500,13740.01,211765973.4
1/11/18,14907.09,14968.68,11400,13238.78,407402825.9
1/10/18,14400,14955.66,13131.31,14907.09,223156647.2
1/9/18,14902.54,15500,14011.05,14400,193055091.7
1/8/18,16150.03,16322.3,12812,14902.54,327290494.6
1/7/18,17069.79,17099.96,15610,16150.03,149393171.9
1/6/18,16960.39,17143.13,16011.21,17069.79,241040112.3
1/5/18,15059.54,17176.24,14400,16960.39,344841184.3
1/4/18,14919.51,15280,13918.04,15059.54,303572711.5
1/3/18,14675.11,15307.56,14150,14919.51,227499526.8
1/2/18,13380,15473.49,12890.02,14675.11,269079153.3
1/1/18,13716.36,13818.55,12750,13387,109742453.9
12/31/17,12440.01,14050.11,12149.98,13716.36,147593919.7
12/30/17,14378.9,14398.85,11750,12440.01,232723365.5
12/29/17,14182.11,14981,13850,14378.9,253095687.2
12/28/17,15459.99,15539.99,13150,14182.11,287041200.3
12/27/17,15689.01,16498.05,14200.15,15459.99,221786512.5
12/26/17,13699.34,16050,13533,15689.01,217044138.3
12/25/17,13500,14300,12708,13699.34,207213890.2
12/24/17,13300,13819.99,11640,13500,349823587.6
12/23/17,13326.61,14950,12978.18,13300,174977207.8
12/22/17,15492.64,15699.34,10961,13326.61,443587826.3
12/21/17,16488.98,17309.5,14022,15492.64,310221579.9
12/20/17,17295.2,17720.35,14777.66,16488.98,210427471.1
12/19/17,18856.25,18950,16300,17295.2,222678979.8
12/18/17,18860.02,19300,17029.98,18856.25,190057336.9
12/17/17,19102.66,19798.68,18510,18860.02,172113390.5
12/16/17,17539.83,19539,17190.01,19102.66,74736577.26
12/15/17,16334.98,17991,16298.45,17539.83,156645098.6
12/14/17,16033.29,16445,15450,16334.98,179714368.7
12/13/17,16349.99,16546,14666.56,16033.29,193659309.9
12/12/17,16587.97,16976.45,15875,16349.99,153618681.2
12/11/17,14899.98,17470,14899.98,16587.97,189991754.6
12/10/17,14656.07,15720.12,12368,14899.98,227450819.9
12/9/17,15880,16269.3,12535,14656.07,202610478.6
12/8/17,16599,17204.99,14015,15880,267790028.5
12/7/17,13550.05,16649.96,13050,16599,106276261.2
12/6/17,11699.99,13615.23,11665.58,13550.05,82493149.76
12/5/17,11579,11853,11447.68,11699.99,64256817.15
12/4/17,11165.41,11600,10802,11579,52088059.28
12/3/17,10890.01,11825,10500,11165.41,58847089.26
12/2/17,10782.99,11190,10620,10890.01,51343786.05
12/1/17,9838.96,10898,9380,10782.99,61238619.44
11/30/17,9687.88,10900,8850.8,9838.96,89443707.91
11/29/17,9896.8,11300.03,8520,9687.88,132892125.4
11/28/17,9650,9939,9570.5,9896.8,47842436.8
11/27/17,9128.02,9654.28,9112.04,9650,42510408.37
11/26/17,8700.01,9350,8604.72,9128.02,36788798.23
11/25/17,8138,8734.78,8090,8700.01,35557462.89
11/24/17,8019.99,8369,7850,8138,35190695.02
11/23/17,8205.92,8260,8000,8019.99,33078791.97
11/22/17,8119.51,8322.68,8091.09,8205.92,28909672.15
11/21/17,8212,8400,7801,8119.51,36459262.83
11/20/17,8038,8319.99,7954,8212,31325904.01
11/19/17,7761.94,8123.15,7650.33,8038,30155811.14
11/18/17,7699.19,7819.99,7422,7761.94,30018085.64
11/17/17,7864.5,7989,7451,7699.19,30331551.17
11/16/17,7240.06,7940,7076,7864.5,17218742.72
11/15/17,6574.99,7298,6574.99,7240.06,12209260.29
11/14/17,6465.99,6684.98,6311.07,6574.99,8002218.02
11/13/17,5811.03,6697.47,5699.99,6465.99,16021297.87
11/12/17,6245.05,6630,5325.01,5811.03,29032268.06
11/11/17,6506.98,6797.98,6100,6245.05,17244601.14
11/10/17,7079.99,7279.91,6255.01,6506.98,21622898.73
11/9/17,7303,7392,7015,7079.99,13654254.41
11/8/17,7064.04,7770,6651,7303,19801967.39
11/7/17,6960.12,7198.49,6901,7064.04,10043061.88
11/6/17,7345.01,7401,6906,6960.12,12518224.29
11/5/17,7357.09,7590.25,7279.02,7345.01,8887109.79
11/4/17,7115.04,7480.99,6901,7357.09,9967485.56
11/3/17,7019.98,7346.34,6923,7115.04,13371961.76
11/2/17,6753.98,7300,6685.1,7019.98,17065694.69
11/1/17,6463,6774.67,6338.02,6753.98,10848260.96
10/31/17,6120.5,6498.01,6100,6463,9405855.26
10/30/17,6169.98,6248.68,6030,6120.5,8989412.91
10/29/17,5719.64,6189.88,5648.01,6169.98,10494670.52
10/28/17,5768.83,5850.02,5630.03,5719.64,7265286.61
10/27/17,5861.77,5980,5649.24,5768.83,8110889.65
10/26/17,5689.99,5939.99,5650,5861.77,11340558.63
10/25/17,5477.03,5704.96,5286.98,5689.99,12398533.97
10/24/17,5915.93,5925,5450,5477.03,14426687.47
10/23/17,5950.02,6080,5621.03,5915.93,10468709.39
10/22/17,6024.97,6060,5720.03,5950.02,7951487.14
10/21/17,6010.01,6171,5850.03,6024.97,10031910.73
10/20/17,5683.9,6110,5600,6010.01,11235714.66
10/19/17,5512.06,5710,5490.26,5683.9,10537781.67
10/18/17,5595,5596,5037.95,5512.06,12337122.76
10/17/17,5760.02,5774.98,5508.63,5595,7998644.63
10/16/17,5709.99,5788.91,5585.19,5760.02,8628528.43
10/15/17,5869.99,5922.3,5400.01,5709.99,7474934.37
10/14/17,5649.98,5900,5580.01,5869.99,5507933.89
10/13/17,5430,5846.17,5379.84,5649.98,10519034.83
10/12/17,4821.43,5439.99,4810.16,5430,6610146
10/11/17,4783.06,4881.61,4710,4821.43,3529503.87
10/10/17,4786.95,4960,4680.59,4783.06,5011470.95
10/9/17,4640,4889.98,4550,4786.95,3006465.77
10/8/17,4423,4658,4423,4640,2282412.29
10/7/17,4369,4479.5,4312.56,4423,1261367.6
10/6/17,4292.43,4417,4292,4369,2193131.64
10/5/17,4208.59,4355,4110,4292.43,3216620.42
10/4/17,4310,4373,4142,4208.59,3639917
10/3/17,4380,4467.33,4180.8,4310,4579122.09
10/2/17,4378.48,4561.63,4360,4380,2811131.03
10/1/17,4378.51,4406.52,4240.04,4378.48,3128231.71
9/30/17,4174.69,4380,4138.1,4378.51,3025265.75
9/29/17,4174.5,4263.86,3952.01,4174.69,6403068.39
9/28/17,4193,4300,4101,4174.5,3510052.09
9/27/17,3882.35,4249.94,3872.81,4193,2542872.29
9/26/17,3920.75,3976.99,3850.05,3882.35,2047857.28
9/25/17,3660.02,3979.87,3653.69,3920.75,2755957.53
9/24/17,3780,3789.99,3622.76,3660.02,2439045.2
9/23/17,3595.87,3817.19,3542.91,3780,2781158.57
9/22/17,3609.99,3750,3505.55,3595.87,3011224.81
9/21/17,3900,3910,3567,3609.99,3642671.89
9/20/17,3910.04,4046.08,3820,3900,2834260.05
9/19/17,4035.01,4089.97,3830.91,3910.04,3544361.84
9/18/17,3699.99,4123.2,3690,4035.01,4059703.98
9/17/17,3714.95,3748.21,3499.02,3699.99,2445321.19
9/16/17,3700,3950,3470.66,3714.95,4739326.89
9/15/17,3189.02,3856,2817,3700,6525220.95
9/14/17,3944.69,3993,3165.13,3189.02,5831847.65
9/13/17,4163.72,4165.38,3760,3944.69,3522155.98
9/12/17,4208.47,4394.59,4040.8,4163.72,3700789.23
9/11/17,4130.37,4334.43,4098.91,4208.47,2895733.88
9/10/17,4258.81,4283,3801,4130.37,2653218.2
9/9/17,4282.8,4426.62,4150.06,4258.81,2814560.35
9/8/17,4691.61,4735.39,4028.93,4282.8,4764005.93
9/7/17,4619.77,4788.59,4438.19,4691.61,2219664.92
9/6/17,4366.47,4662.87,4335.26,4619.77,3500735.96
9/5/17,4100.11,4484.99,3603,4366.47,4863148.22
9/4/17,4509.08,4527.49,3972.51,4100.11,5550545.61
9/3/17,4472.14,4714.76,4298.33,4509.08,3011023.5
9/2/17,4834.91,4939.19,4286.87,4472.14,4072965.36
9/1/17,4724.89,4885.55,4654.88,4834.91,2634056.29
8/31/17,4555.14,4745.42,4555.14,4724.89,2548384.43
8/30/17,4587.48,4647.51,4416.01,4555.14,3600737.68
8/29/17,4386.69,4625.85,4313.55,4587.48,2640584.83
8/28/17,4310.01,4399.82,4124.54,4386.69,2546618.75
8/27/17,4337.44,4400,4285.54,4310.01,1507589.96
8/26/17,4280.68,4367,4212.41,4337.44,967753.32
8/25/17,4316.01,4453.91,4247.48,4280.68,2440323.79
8/24/17,4114.01,4371.68,4085.01,4316.01,3225405.8
8/23/17,4040,4265.8,4013.89,4114.01,4062506.52
8/22/17,4016,4104.82,3400,4040,3648726.5
8/21/17,4086.29,4119.62,3911.79,4016,2770592.06
8/20/17,4139.98,4211.08,4032.62,4086.29,1915636.35
8/19/17,4108.37,4184.69,3850,4139.98,1508239.39
8/18/17,4285.08,4371.52,3938.77,4108.37,4994493.56
8/17/17,4469.93,4485.39,4200.74,4285.08,2812379.11