<DATE>,<OPEN>,<HIGH>,<LOW>,<CLOSE>,<VOL>
2018.01.02,96208,96354.49,96208,96241.4,2607
2018.01.03,96241.28,96263.86,95929.59,95929.59,2603
2018.01.06,95929.46,96280.96,95919.05,96270.31,2607
2018.01.07,96270.39,96374.34,96234.53,96234.53,2605
2018.01.08,96234.54,96351.9,96234.54,96332.54,2608
2018.01.09,96332.55,96359.92,96141.07,96149.21,2607
2018.01.10,96149.27,96261.33,96147.68,96186,2607
2018.01.13,96185.99,96727.65,96185.99,96719.89,2580
2018.01.14,96627.55,97230.65,96627.55,97226.77,2599
2018.01.15,97228.67,97966.58,97228.67,97944.1,2606
2018.01.16,97944.03,98603.65,97944.03,98597.05,2607
2018.01.17,98596.93,98959.46,98596.93,98923.71,2602
2018.01.20,98923.55,99075.05,98832.31,98832.31,2605
2018.01.21,98817.28,98817.28,98221.08,98221.08,2606
2018.01.22,98221.09,98679.89,98218.09,98629.26,2606
2018.01.23,98628.43,99224.71,98628.43,99224.71,2605
2018.01.24,99224.8,99607.05,99224.8,99522.19,2605
2018.01.27,99522.18,99557.32,99355.55,99355.55,2585
2018.01.28,99355.55,99563.76,99355.55,99414.54,2600
2018.01.29,99414.55,99501.71,99046.12,99046.12,2606
2018.01.30,99046.12,99065.31,98557.73,98557.73,2607
2018.01.31,98557.87,98561.54,98133.5,98133.5,2585
2018.02.03,98133.52,98145.53,97718.79,97718.79,2604
2018.02.04,97718.81,97868.81,97705.81,97808.22,2606
2018.02.05,97808.19,98050.93,97808.19,98033.55,2604
2018.02.06,98033.54,98093.53,97913.59,97927.39,2605
2018.02.07,97927.5,98317.47,97927.5,98317.47,2606
2018.02.10,98299.74,98299.74,97782.51,97782.51,2607
2018.02.12,97782.73,98003.88,97782.73,97924.43,2596
2018.02.13,97924.73,98175.42,97924.73,98103.28,2601
2018.02.14,98103.36,98348.09,98103.36,98348.09,2601
2018.02.17,98347.92,98603.78,98347.92,98429.69,2605
2018.02.18,98429.69,98462.97,98300.4,98300.4,2598
2018.02.19,98300.65,98338.93,98148.52,98148.52,2606
2018.02.21,98148.52,98249.66,98148.52,98157.18,2609
2018.02.24,98157.3,98313.72,98157.3,98176.9,2583
2018.02.25,98176.9,98211.47,98080.18,98080.18,2590
2018.02.26,98080.27,98173.29,98080.27,98098.53,2591
2018.02.27,98098.51,98229.87,98096.99,98100.78,2601
2018.02.28,98100.84,98181.61,97961.42,97961.42,2604
2018.03.03,97961.75,97968.75,97388.44,97388.44,2603
2018.03.04,97388.71,97446.17,97354.3,97354.3,2604
2018.03.05,97354.34,97401.16,97199.09,97199.09,2590
2018.03.06,97182.65,97217.59,96991.02,96991.02,637
2018.03.07,96991.02,96997.6,96860.31,96860.31,2590
2018.03.10,96860.33,96889.57,96594.53,96594.53,2596
2018.03.11,96594.52,96607.52,96028.59,96028.59,2604
2018.03.12,96028.48,96240.6,96028.48,96194.16,2590
2018.03.13,96194.47,96314.17,96194.47,96314.17,2602
2018.03.14,96314.17,96463.51,95525.9,95525.9,2601
2018.03.17,95525.91,95688.53,95525.91,95577.42,2603
2018.03.18,95577.34,95819.64,95577.34,95819.64,2606
2018.03.19,95819.63,96336.98,95819.63,96289.97,2603
2018.03.25,96289.99,96426.99,96289.99,96422.99,2576
2018.03.26,96425.91,96611.83,96420.31,96489.72,2604
2018.03.27,96489.72,96623.11,96489.72,96596.58,2600
2018.03.28,96596.65,96951.45,96596.65,96938.56,2605
2018.04.03,96938.88,97162.24,96938.88,97086.17,2603
2018.04.04,97086.17,97150.6,97086.17,97150.6,2600
2018.04.07,97150.58,97186.62,96779.87,96779.87,2593
2018.04.08,96779.87,96779.87,96340.96,96340.96,2594
2018.04.09,96341.27,97135.37,96341.27,97120.67,2591
2018.04.10,97120.77,97164.5,96747.99,96747.99,2597
2018.04.11,96748.01,96799.22,96265.37,96287.03,2601
2018.04.15,96287.05,96305.05,95987.61,95987.61,2599
2018.04.16,95987.56,96000.42,95506.31,95506.31,2595
2018.04.17,95580.93,95589.24,95530.05,95532.41,1902
2018.04.18,95522.73,95627.95,95518.23,95518.23,2579
2018.04.21,95523.89,95565.88,95265.91,95265.91,2600
2018.04.22,95265.87,95270.91,94494.29,94494.29,2597
2018.04.23,94494.27,94512.68,94299.51,94299.51,2596
2018.04.24,94299.53,94629.01,94299.53,94576.18,2587
2018.04.25,94576.36,94883.9,94576.36,94796.14,2596
2018.04.28,94796.14,94804.57,94284.5,94284.5,2593
2018.04.29,94284.49,94298.74,93810.68,93810.68,2598
2018.04.30,93805.58,93861.58,93586.9,93586.9,2592
2018.05.01,93586.93,93630.8,93586.11,93612.03,2600
2018.05.05,93612.14,93642.22,93100.66,93100.66,2597
2018.05.06,93100.67,93100.96,92849.89,92849.89,2598
2018.05.07,92849.93,93165.86,92849.93,93165.86,2583
2018.05.08,93165.92,93605.85,93165.92,93605.85,2588
2018.05.09,93605.87,93833.87,93605.87,93691.85,2589
2018.05.12,93691.16,93933.96,93684.27,93891.1,2602
2018.05.13,93891.12,94182.74,93891.12,94165.57,2581
2018.05.14,94165.83,94704.43,94165.83,94703.46,2597
2018.05.15,94703.45,94941.99,94703.45,94905.95,2602
2018.05.16,94905.92,94982.92,94903.92,94940.18,2587
2018.05.19,94940.24,95173.78,94940.24,95103.09,2579
2018.05.20,95103.12,95235.2,95103.12,95136.39,2575
2018.05.21,95136.46,95260.24,95133.7,95227.53,2580
2018.05.22,95227.47,95282.82,95219,95229.82,2586
2018.05.23,95229.93,95510.99,95229.93,95445.06,2583
2018.05.26,95445.06,95929.96,95445.06,95793.99,2562
2018.05.27,95794.01,95887.25,95625.76,95625.76,2585
2018.05.28,95626.01,95654.85,95529.6,95529.6,2442
2018.05.29,95529.61,95647.44,95409.6,95409.6,2590
2018.05.30,95409.62,95665.17,95409.62,95577.36,2574
2018.06.02,95577.68,96026.57,95577.68,95951.86,2580
2018.06.03,95951.92,96024.73,95951.92,95998.86,2596
2018.06.09,95998.86,96251.69,95998.86,96077.09,2496
2018.06.10,96077.14,96139.07,95916,95916,2523
2018.06.11,95915.99,95974.63,95846.28,95846.28,2588
2018.06.12,95847.47,96378.66,95847.47,96378.66,2478
2018.06.13,96378.72,99128.61,96378.72,99128.61,2286
2018.06.17,99146.28,102452.4,99146.28,102452.4,2370
2018.06.18,102452.39,104806.07,102452.39,104533.43,2337
2018.06.19,104533.52,106511.7,104444.42,106494.44,2211
2018.06.20,106504.07,109037.36,106504.07,108872.63,2227
2018.06.23,108872.86,109401.4,108872.86,109401.4,2234
2018.06.24,109401.41,112080.38,109401.41,112060.74,2201
2018.06.25,112061.32,115226.05,112061.32,115174.49,1996
2018.06.26,115174.54,115555,113450.2,113528.64,2310
2018.06.27,113527.66,113810.99,111325.23,111325.23,2284
2018.06.30,111324.82,111845.82,111324.82,111528.19,2383
2018.07.01,111528.19,111528.19,108694.14,108694.14,2530
2018.07.02,108694.08,109937.03,108694.08,109937.03,2468
2018.07.03,109937.07,112472.68,109937.07,112346.49,2440
2018.07.04,112346.47,113243.03,112346.47,112490.12,625
2018.07.07,112490,112490,111051.29,111051.29,2389
2018.07.08,111051.6,111333.6,110871.6,110871.6,2390
2018.07.10,110851.43,111269.43,110851.43,110886.43,2545
2018.07.11,110848.96,110848.96,109528.96,109528.96,2164
2018.07.14,109505.13,109545.13,108941.13,108941.13,2400
2018.07.15,108915.25,109100.25,108067.25,108082.25,0
2018.07.16,108072.26,108578.26,108063.26,108129.26,1848
2018.07.17,108109.99,108338.99,107691.99,107787.99,2316
2018.07.18,107780.61,108201.61,107743.61,107781.61,2350
2018.07.21,107776.55,108343.55,107776.55,108279.55,2595
2018.07.22,108295.52,108972.52,108295.52,108836.52,2574
2018.07.23,108830.78,108884.78,108449.78,108671.78,2548
2018.07.24,108658.88,108855.88,108413.88,108413.88,2578
2018.07.25,108395.93,108788.93,108325.93,108788.93,2462
2018.07.27,108800.13,108800.13,108800.13,108800.13,2555
2018.07.28,108800.13,111920.13,108800.13,111880.13,2497
2018.07.29,111877.94,114023.94,111877.94,113861.94,2589
2018.07.30,113852.25,116832.25,113852.25,116758.25,2551
2018.07.31,116759.5,121173.5,116759.5,121151.5,2508
2018.08.01,121173.48,124594.48,121173.48,123958.48,2567
2018.08.04,123951.26,124832.26,123588.26,124354.26,2572
2018.08.05,124353.67,128563.67,124353.67,128444.67,2569
2018.08.06,128448.01,133855.01,128448.01,133645.01,272
2018.08.07,133328.3,134417.3,132719.3,133585.3,2575
2018.08.08,133584.41,133712.41,131519.41,131543.41,2488
2018.08.11,131521.63,131521.63,129027.63,129040.63,2595
2018.08.12,129013.76,130570.76,129013.76,129927.76,2593
2018.08.13,129901.86,129943.86,128310.86,128508.86,2602
2018.08.14,128522.72,131232.72,128522.72,130925.72,2605
2018.08.15,130927.68,130960.68,130484.68,130495.68,2603
2018.08.18,130476.88,131526.88,130476.88,131526.88,1963
2018.08.19,131535.83,134833.83,131535.83,134367.83,2032
2018.08.20,134354.77,137172.77,134354.77,137067.77,1829
2018.08.21,137072.92,137260.92,136889.92,136918.92,113
2018.08.25,136910.59,138187.59,136384.59,136384.59,2589
2018.08.26,136343.38,138551.38,136343.38,138551.38,2205
2018.08.27,138582.58,140534.58,138582.58,140317.58,1870
2018.08.28,140309.2,140309.2,136763.2,136786.2,2567
2018.08.29,136765.94,137710.94,136757.94,137497.94,2536
2018.09.01,137472.36,137791.36,136102.36,136124.36,2505
2018.09.02,136239.28,136239.28,133694.28,133695.28,0
2018.09.03,133676.13,135252.13,133676.13,135252.13,33
2018.09.04,135257.77,138283.77,135257.77,137986.77,39
2018.09.05,138445.05,138445.05,137628.05,137724.05,2556
2018.09.08,137714.16,139770.16,137714.16,139612.16,2587
2018.09.09,139930.03,142238.03,139930.03,142221.03,2530
2018.09.10,142234.44,147068.44,142234.44,146978.44,2373
2018.09.11,146998.66,148558.66,146998.66,148558.66,2464
2018.09.12,149179.64,155060.64,149179.64,155040.64,2447
2018.09.15,155637.15,159448.15,155637.15,158130.15,2213
2018.09.16,158119.22,158215.22,154193.22,155681.22,2347
2018.09.17,156203.11,158971.11,156203.11,158075.11,2496
2018.09.18,158071.91,158395.91,157018.91,157322.91,2421
2018.09.22,157889.33,160644.33,157889.33,160536.33,2404
2018.09.23,160538.23,165040.23,160538.23,165031.23,2574
2018.09.24,165072.08,168613.08,165072.08,168613.08,324
2018.09.25,168624.7,174617.7,168624.7,174597.7,2544
2018.09.26,174618.19,180614.19,174618.19,180614.19,284
2018.09.29,181413.52,187389.52,181413.52,187389.52,2316
2018.09.30,187434.86,195082.86,187434.86,195082.86,248
2018.10.01,195104.02,196999.02,194465.02,195470.02,2464
2018.10.02,195241.54,195241.54,188281.54,188281.54,73
2018.10.03,188259.41,188259.41,184042.41,185552.41,2582
2018.10.06,185559.3,189890.3,184096.3,184096.3,57
2018.10.07,183664.36,183664.36,176410.36,176427.36,2113
2018.10.08,176194.91,176194.91,173886.91,175159.91,2516
2018.10.09,175185.48,181207.48,175185.48,180832.48,2466
2018.10.10,180847.63,181621.63,180847.63,181016.63,111
2018.10.13,181015.73,181015.73,175064.73,175074.73,2589
2018.10.14,174220.39,174923.39,174118.39,174920.39,1597
2018.10.15,174826.41,180608.41,174826.41,180592.41,2547
2018.10.16,182179.19,183811.19,182179.19,182836.19,2111
2018.10.17,182834.06,182893.06,180330.06,182893.06,2580
2018.10.20,182929,188561,182929,188546,90
2018.10.21,188576,190040,188576,189409,81
2018.10.22,189438,190026,187589,187829,87
2018.10.23,187844.23,187844.23,185280.23,185329.23,945
2018.10.24,185318.73,185318.73,180992.73,181076.73,70
2018.10.27,181060.05,181060.05,178875.05,178882.05,771
2018.10.28,178841.31,180624.31,178841.31,180606.31,1230
2018.10.29,180626.91,183666.91,180626.91,183216.91,1163
2018.10.31,183219.5,183656.5,183219.5,183372.5,1523
2018.11.03,183367.34,183581.34,183346.34,183440.34,2538
2018.11.04,183448.81,184419.81,182932.81,182932.81,2235
2018.11.05,182918.58,184320.58,182918.58,184161.58,1174
2018.11.06,184159.77,185452.77,184159.77,185111.77,841
2018.11.10,185100.36,185296.36,184243.36,184243.36,1000
2018.11.11,184231,184265,180656,180668,45
2018.11.12,180668.3,182224.3,180668.3,182206.3,112
2018.11.13,182211.7,183902.7,182211.7,183223.7,43
2018.11.14,183212.17,183212.17,182003.17,182003.17,1048
2018.11.17,181994.31,182012.31,178842.31,178842.31,426
2018.11.18,178819.28,178819.28,173334.28,173569.28,777
2018.11.19,173557.69,176043.69,173537.69,175818.69,1207
2018.11.20,175816.45,176637.45,175816.45,176459.45,807
2018.11.21,176458.73,176800.73,175733.73,175737.73,1245
2018.11.24,175713.16,175713.16,171280.16,171292.16,544
2018.11.26,171252.94,171252.94,166500.94,166500.94,883
2018.11.27,166463.45,167858.45,166463.45,167218.45,1835
2018.11.28,167199.77,167199.77,163799.77,163803.77,1672
2018.12.01,163772.11,163772.11,159248.11,159888.11,1577
2018.12.02,160022.69,163138.69,160022.69,163120.69,1
2018.12.03,163138.45,166542.45,163138.45,166293.45,873
2018.12.04,166304.44,166850.44,165576.44,165708.44,695
2018.12.05,165701.66,167128.66,165701.66,166862.66,137
2018.12.08,166860.09,167536.09,166860.09,167095.09,108
2018.12.09,167083.22,167541.22,166896.22,166896.22,33
2018.12.10,166891.23,167324.23,166891.23,166929.23,46
2018.12.11,166915.94,167081.94,166250.94,166250.94,291
2018.12.12,166198.9,166198.9,165367.9,165367.9,0
2018.12.15,165387.95,165687.95,164504.95,164504.95,0
2018.12.16,164474.12,164474.12,161729.12,161729.12,0
2018.12.17,161708.08,162061.08,159834.08,159834.08,421
2018.12.18,159749.86,159924.55,159244.72,159244.72,575
2018.12.19,159146.44,159146.44,156128.67,156128.67,502
2018.12.22,156083.16,156374.7,154550.5,154550.5,935
2018.12.23,154550.48,156764.47,154550.48,156692.23,648
2018.12.24,156693.78,157683.53,156693.78,157568,408
2018.12.25,157484.03,157484.03,157008.66,157008.66,247
2018.12.26,156950.33,158443.77,156950.33,158443.77,130
2018.12.29,158443.72,160774.59,158443.72,160774.47,1143
2018.12.30,160774.03,161508.72,160774.03,161309.83,544
2018.12.31,161309.8,161474.73,161309.8,161405.33,525
2019.01.01,161405.31,161912.19,161405.31,161840.8,420
2019.01.02,161840.8,162087.63,160899.13,160899.13,396
2019.01.05,160898.86,161340.11,160898.86,161107.44,825
2019.01.06,161107.44,161482.98,161107.44,161275.63,932
2019.01.07,161275.81,162456.13,161275.81,162323.42,735
2019.01.08,162323.63,164164.63,162323.63,163967.14,460
2019.01.09,163967.16,166030.02,163967.16,164866.27,434
2019.01.12,164829.41,165270.98,164829.41,164929.83,388
2019.01.13,164929.84,165019.02,164494.06,164494.06,224
2019.01.14,164493.78,164917.63,164493.78,164696.48,300
2019.01.15,164696.44,165683.56,164696.44,165444.59,134
2019.01.16,165445.55,165991.55,165445.55,165594.94,135
2019.01.19,165595,166446.64,165595,166131.09,548
2019.01.20,166131.11,167028.23,165574.95,165574.95,142
2019.01.21,165575.09,165575.09,161922.3,161922.3,192
2019.01.22,161922.23,162805.72,161922.23,162805.72,264
2019.01.23,162805.69,163335.48,162805.69,162978.52,144
2019.01.26,162940.86,163167.86,162478.84,162478.84,138
2019.01.27,162477.52,162832.16,160797.63,160797.63,115
2019.01.28,160797.95,160943.64,159832.09,159832.09,114
2019.01.29,159818.19,160362.64,159818.19,160175.84,118
2019.01.30,160153.02,160491.19,160153.02,160319.84,134
2019.02.02,160294.84,160525.45,159854.64,159854.64,383
2019.02.03,159856.06,159856.06,157352.27,157352.27,494
2019.02.04,157355.23,158485.95,157355.23,158049.38,381
2019.02.05,158043.94,158445.64,158043.94,158394.05,191
2019.02.06,158394.2,158820.61,158394.2,158619.36,169
2019.02.10,158535.53,158776.61,158467.66,158467.66,247
2019.02.12,158468.16,158550.19,157973.48,157973.48,93
2019.02.13,157973.25,157973.25,157337.22,157337.22,73
2019.02.16,157310.78,157837.16,157114.13,157114.13,399
2019.02.17,157113.59,157215.58,156155.03,156155.03,418
2019.02.18,156154.97,156825.97,156154.97,156697.98,602
2019.02.19,156705.13,157513.14,156705.13,157387.63,169
2019.02.20,157387.48,159489.44,157387.48,159489.44,306
2019.02.23,159489.48,164289.31,159489.48,164277.36,78
2019.02.24,164267.83,166030.41,164267.83,166030.41,245
2019.02.25,166030.31,166944.52,166030.31,166793.59,72
2019.02.26,166793.63,166793.63,164774.48,164774.48,101
2019.02.27,164712.17,165359.16,164712.17,165314.06,168
2019.03.02,165295.08,165325.45,164399.05,164399.05,507
2019.03.03,164370.3,164571.14,164370.3,164466.84,1183
2019.03.04,164442.69,164778.02,164292.03,164292.03,1556
2019.03.05,164238.59,164433,162618.52,162618.52,1882
2019.03.06,162593.63,162949.3,162593.63,162851.92,1984
2019.03.09,162826.84,163086.08,162826.84,163007.27,923
2019.03.10,163007.27,164470.53,162990.27,164470.53,1771
2019.03.11,164470.36,167443.22,164470.36,167370.27,1313
2019.03.12,167371.48,168095.45,167371.48,167909.66,1755
2019.03.13,167909.66,169663.73,167909.66,169115.55,1303
2019.03.16,169115.52,171708.73,169115.52,171125.33,1558
2019.03.17,171124.94,172539.14,171124.94,172522.66,1718
2019.03.18,172522.48,175898.84,172522.48,175898.84,1447
2019.03.19,175898.8,178673.48,175898.8,178633.34,1811
2019.03.25,178659.05,179194.34,178659.05,179194.34,1916
2019.03.26,179194.34,179847.55,179194.34,179784.77,2024
2019.03.27,179766.34,181542.39,179766.34,181542.39,1864
2019.03.30,181542.38,185357.95,181542.38,185357.95,1957
2019.03.31,185358.02,186783.94,185281.44,185281.44,1874
2019.04.06,185281.13,186535.09,185281.13,186535.09,1870
2019.04.07,186535.52,188645.81,186535.52,188155.13,1228
2019.04.08,188073.78,188553.48,186667.84,188553.48,1099
2019.04.09,188592.77,190575.11,188592.77,190447.14,1429
2019.04.10,190425.09,193981.2,190425.09,193973.97,1467
2019.04.13,193978.3,195739.23,193978.3,195202.92,1071
2019.04.14,195202.73,195950.91,194068.89,195950.91,1102
2019.04.15,196084.13,201795.42,196084.13,201292.86,986
2019.04.16,201805.81,202637.8,201789.33,201890.02,1007
2019.04.17,201890.83,201890.83,198733.72,199918.56,248
2019.04.20,199911.31,204375.66,199911.31,204375.66,593
2019.04.22,204375.3,206835.11,204331.73,204331.73,327
2019.04.23,204322,204322,202656.91,202656.91,550
2019.04.24,202857.45,203904.08,202857.45,203809.05,360
2019.04.27,203776.89,205287.69,203776.89,205287.69,475
2019.04.28,205287.42,209264.94,205287.42,209243.91,1631
2019.04.29,209243.88,214867.73,209243.88,214867.73,419
2019.04.30,214867.58,219084.67,214867.58,216637.55,356
2019.05.01,216641.98,220107.41,216641.98,220107.41,714
2019.05.04,220108.95,224589.64,220108.95,224589.64,1247
2019.05.06,224057.3,224057.3,215818.78,215821.77,2157
2019.05.07,215820.61,215820.61,207966.53,208235.16,2472
2019.05.08,208197.09,211270.69,207779.31,211270.69,1855
2019.05.11,211344.13,212479.92,209154.97,209154.97,1650
2019.05.12,209154.94,209154.94,203489.09,204067,2535
2019.05.13,204069.3,207752.34,204069.3,207752.34,2604
2019.05.14,207751.69,211995.44,207751.69,211746.23,2572
2019.05.15,211746.38,212270.75,210919.84,211143.66,2599
2019.05.18,211017.78,213169.11,211017.78,212749.95,2320
2019.05.19,212747.72,213110.31,212747.72,212851.59,2574
2019.05.20,212851.48,213149.84,211708.66,211871.52,2001
2019.05.21,211871.69,215211.45,211871.69,215091.67,2474
2019.05.22,215091.61,215756.8,215091.61,215158.09,2521
2019.05.25,215168.55,215168.55,213802.45,214314.23,2230
2019.05.26,214314.23,217577.56,214314.23,217577.56,2452
2019.05.28,217573.94,223174.36,217573.94,223174.36,2582
2019.05.29,223253.8,225229.61,223253.8,224476.53,2505
2019.06.01,224476.81,224476.81,221360.94,222310.28,2560
2019.06.02,222387.77,224731.11,222387.77,224544.42,2554
2019.06.03,224544.38,227069.75,224544.38,227006.02,2451
2019.06.08,226983.38,226983.38,226231.75,226813.45,2503
2019.06.09,226888.2,232416.39,226888.2,229822.45,2534
2019.06.10,229808.83,232619.09,229808.83,230615.09,2403
2019.06.11,230267.72,230657.3,229772.22,230617.77,2469
2019.06.12,230617.53,233791.95,230617.53,233352.75,2604
2019.06.15,233352.81,234167.63,232107.2,234167.63,1677
2019.06.16,234167.67,239154.3,234167.67,238220.19,2376
2019.06.17,238220.17,238420.19,237557.91,238186.78,2382
2019.06.18,238160.66,239122.8,237219.95,237219.95,2530
2019.06.19,237148.23,237502.45,234880.08,234880.08,2243
2019.06.22,234879.41,234879.41,233479.41,233853.77,2091
2019.06.23,233886.06,237459.91,233886.06,237459.91,2368
2019.06.24,237459.89,242563.06,237459.89,242532.2,2303
2019.06.25,242568.13,245051.94,242394.09,245051.94,2471
2019.06.26,245098.7,248640.94,245098.7,248577.91,2556
2019.06.30,248577.77,250184.59,248577.77,248613.77,2572
2019.07.01,248533.05,248533.05,246743.92,247088.31,2567
2019.07.02,247122.45,248271.09,247122.45,248271.09,4820
2019.07.03,248275.88,249550.25,248275.88,248943.55,1460
2019.07.06,248943.98,249117.05,245445.7,245445.7,1300
2019.07.07,245445.63,246565.06,245445.63,246447.55,1286
2019.07.08,246447.45,249399.91,246447.45,249252.91,1488
2019.07.09,249252.59,249530.55,248507.69,248716.22,1626
2019.07.10,248716.14,249621.84,248716.14,249621.84,2077
2019.07.13,249622.06,250604.94,249622.06,250604.94,2484
2019.07.14,250605.02,253640.52,250605.02,253591.27,2462
2019.07.15,253577.77,254841.75,253303.8,253303.8,2541
2019.07.16,253303.31,253303.31,246270.31,246270.31,2327
2019.07.17,246268.05,246954.77,245363.92,246768.2,2404
2019.07.20,246790.39,247380.61,246465.95,246465.95,2451
2019.07.21,246437.38,249735.52,246437.38,249661.52,2562
2019.07.22,249661.56,253431.16,249661.56,253047.56,2512
2019.07.23,253056.8,253353.8,251131.27,251278.41,1471
2019.07.24,251278.3,253052.3,251278.3,252864.78,1443
2019.07.27,252864.56,253164.19,252049.59,252275.06,1208
2019.07.28,252275.39,252751.8,252275.39,252324.48,1401
2019.07.29,252324.66,252987.31,252324.66,252488.3,1441
2019.07.30,252488.28,252898.19,252488.28,252898.19,1402
2019.07.31,252898.05,254445.56,252898.05,254445.56,1431
2019.08.03,254445.72,254756.52,254300.38,254453.73,1382
2019.08.04,254453.88,255530.31,254453.88,255530.31,1591
2019.08.05,255530.16,256783.45,255530.16,256702.06,1382
2019.08.06,256698.23,257742.05,255512.14,255512.14,1892
2019.08.07,255511.98,255910.88,255099.36,255145.58,2218
2019.08.10,255163.28,255838.02,255163.28,255299.03,2061
2019.08.11,255306.38,255919.09,255306.38,255876.33,1477
2019.08.13,255876.2,257097.09,255876.2,257097.09,1434
2019.08.14,257097.19,261606.66,257097.19,261391.59,1433
2019.08.17,261391.5,262198.16,261391.5,261405.83,1519
2019.08.18,261405.84,262047.72,260991.47,260991.98,1798
2019.08.19,260991.95,262886.16,260991.95,262886.16,1756
2019.08.21,262941,266127.19,262941,266127.19,2413
2019.08.24,266127.22,269998.53,266127.22,269985.13,1421
2019.08.25,269986.13,271172.16,268220.13,269225.25,1358
2019.08.26,269225.28,274871.63,269225.28,274871.63,1578
2019.08.27,274871.75,279499.75,274871.75,278639.78,1565
2019.08.28,278469.94,278558.53,274551.53,278558.53,2045
2019.08.31,278674.94,285265.44,278674.94,284138.97,1389
2019.09.01,284139.19,286114.66,284139.19,286114.66,1241
2019.09.02,286114.81,287147.91,283001.56,283063.66,1486
2019.09.03,283062.66,285573.5,283062.66,285573.5,1422
2019.09.04,285573.56,290178.28,285573.56,290178.28,2003
2019.09.07,290178.44,294600.88,290178.44,294600.88,1384
2019.09.08,294601.59,297232.34,294601.59,296715.34,1324
2019.09.11,296731.81,299912.88,296731.81,299912.88,1131
2019.09.14,299930.75,304738.63,299930.75,304457.88,1297
2019.09.15,304460.13,304780,301828.09,302395.72,1470
2019.09.16,302395.69,307415.75,302395.69,305918.66,972
2019.09.17,305917.16,305917.16,302082.31,302082.31,1223
2019.09.18,302082.13,302082.13,293770.38,294089.19,812
2019.09.21,294166.63,297874.91,294166.63,297755.59,1518
2019.09.22,297712.59,302074.94,297712.59,302074.94,1752
2019.09.23,302103.56,311483.88,302103.56,311471.13,1757
2019.09.24,311471.38,314835.5,311471.38,312504.78,983
2019.09.25,312206.48,314397.48,312092.48,314397.48,49
2019.09.28,314409.19,320254.19,314409.19,320019.19,98
2019.09.29,320023.91,320330.91,318064.91,318246.91,57
2019.09.30,318250.57,324738.57,318250.57,324700.57,70
2019.10.01,324705.88,328732.63,324705.88,326104.72,620
2019.10.02,326098.06,326341.13,321606.53,326117.88,1144
2019.10.05,326117.22,330305.72,326117.22,327482.16,1285
2019.10.06,327305.78,327305.78,319562.44,320170.63,1550
2019.10.07,320208.44,324075.28,320208.44,320909.16,1442
2019.10.08,320909.72,320909.72,314468.69,314468.69,965
2019.10.09,314469.78,314469.78,309961.66,312843.44,1355
2019.10.12,313049.06,322059.53,313049.06,322059.53,891
2019.10.13,322059.84,329667,322059.84,326190.81,776
2019.10.14,326190.81,326190.81,318215.28,319871.59,849
2019.10.15,319871.63,320335.44,308957.41,308979.16,632
2019.10.16,308978.94,310194.09,308307.94,309646.59,1130
2019.10.20,309640.31,310145.78,301392.19,301392.19,1495
2019.10.21,301391.09,302176.31,299880.06,302176.31,1714
2019.10.22,302173.06,309420.94,302173.06,308326.22,1824
2019.10.23,308314.88,309188.25,305806,305809.84,977
2019.10.26,305807.59,305911.53,303503.5,303503.5,1796
2019.10.28,303449.81,305939.66,303449.81,305939.66,2055
2019.10.30,305969.91,309632.5,305969.91,309632.5,1566
2019.11.02,309661.31,311367.19,308775.41,308775.41,1910
2019.11.03,308730.16,309488.47,308223.22,308961.13,2277
2019.11.04,308960.91,308960.91,304889.25,304889.25,2288
2019.11.05,304676.47,305342.78,304091.75,305333.34,1011
2019.11.09,305333.22,307029.22,305333.22,305858.78,1188
2019.11.10,305858.88,305911.94,302795,302795,1182
2019.11.11,302795.09,303943.03,302795.09,303943.03,1273
2019.11.12,303944.09,306978.88,303944.09,306655.69,1165
2019.11.13,306655.34,307289.34,306655.34,307094.31,1445
2019.11.16,307094.09,308852.31,306885.72,306885.72,1342
2019.11.17,306885.78,306885.78,302343.19,302343.19,1374
2019.11.18,302340.56,302800.88,301763.06,302727.75,1863
2019.11.19,302726.28,304891.28,302726.28,304688,2126
2019.11.20,304688.53,305450.19,304688.53,305037.5,1734
2019.11.23,304997,306144,304997,305622.44,1235
2019.11.24,305622.47,306045.72,305452.16,305774.56,1068
2019.11.25,305774,308477.19,305774,308477.19,1325
2019.11.26,308477.16,309865.44,308477.16,309643.75,1136
2019.11.27,309643.34,311312.25,309643.34,311230.03,1349
2019.11.30,311230.06,314587.84,311230.06,314587.84,1355
2019.12.01,314587.84,318652.38,314587.84,318652.38,1657
2019.12.02,318670.5,322890.63,318670.5,320282.72,2011
2019.12.03,320194.84,320840.28,319122.16,320814.44,1430
2019.12.04,320814.38,322562.13,320814.38,322515.44,927
2019.12.07,322527.91,328469.69,322527.91,327647,905
2019.12.08,327624.81,332555.81,327624.81,332555.81,25
2019.12.09,332567.22,335999.22,332567.22,335793.22,42
2019.12.11,339434.41,339434.41,337108.63,339314.25,1686
2019.12.14,340862.72,343280.72,340862.72,343280.72,24
2019.12.15,343291.75,346738.09,343291.75,344139.34,315
2019.12.16,344115.06,344585.28,343711.28,344487.5,910
2019.12.17,344487.63,346974.72,344487.63,346887.13,676
2019.12.18,346870.72,350323.03,346870.72,350323.03,1481
2019.12.21,350322.59,354259.81,350322.59,353986.88,964
2019.12.22,353996.72,353996.72,353996.72,353996.72,5
2019.12.23,356721.13,363224.13,356721.13,359452.72,2114
2019.12.24,359365.5,362527.56,359138.56,362375.44,2185
2019.12.25,362259.34,362815.34,360376.63,360906.38,2048
2019.12.28,361088.38,367605.16,361088.38,367605.16,2122
2019.12.29,367632.13,369779.16,367632.13,369683.78,1998
2019.12.30,369729.84,375548.09,369729.84,375548.09,1929
2019.12.31,375547.69,379601.38,375547.69,377012.34,1939
2020.01.01,377012.56,384934.84,377012.56,384319.78,1951
2020.01.04,384099.59,384099.59,367444.13,367444.13,2271
2020.01.05,367334.19,367334.19,363925.53,365819.31,2026
2020.01.07,365815.5,368353.63,359212.63,359212.63,2319
2020.01.08,358843.22,358843.22,353709.97,353770.66,2211
2020.01.11,353807.69,359658,353807.69,359658,2204
2020.01.12,359807.44,375556.13,359807.44,375556.13,2296
2020.01.13,375650.16,391906.28,375650.16,391906.28,2343
2020.01.14,392038.38,398920.69,392038.38,395945.75,2316
2020.01.15,395912.63,399121.94,394102.78,399121.94,2173
2020.01.18,399445.28,410549.84,399445.28,410037.06,2079
2020.01.19,409962.47,410977.63,407306.38,410791.22,2233
2020.01.20,410694.53,411459.53,409044.53,409753.06,2285
2020.01.21,409807.78,409807.78,406008.47,406008.47,1123
2020.01.22,406008.94,411211.13,405366.06,411211.13,1166
2020.01.25,411211.47,417100.25,411211.47,417001.88,783
2020.01.26,417001.88,422713.88,417001.88,418466.06,1298
2020.01.27,418312.47,420668.13,415189.94,420668.13,1697
2020.01.28,420668.03,427491.03,420668.03,427155.47,1677
2020.02.01,427139.41,430737.38,426293.69,426293.69,2015
2020.02.02,426184.91,428216.75,422604.78,428216.75,1886
2020.02.03,428216.97,438893.63,428216.97,438881.28,1229
2020.02.04,438880.22,444403.34,438880.22,440199.56,1221
2020.02.05,440199.06,445893.41,440199.06,445893.41,774
2020.02.08,445894.13,456488.28,445894.13,455655.31,475
2020.02.09,452842.34,455485.34,452842.34,454618.63,574
2020.02.10,454618.53,456680.56,445576.81,447152.28,1363
2020.02.12,447151.94,459507.31,447151.94,458984.16,1941
2020.02.15,459079.63,465978.19,459079.63,461988.72,975
2020.02.16,461988.41,472749.63,461988.41,472749.63,771
2020.02.17,472749.88,480712.72,472749.88,476812.91,676
2020.02.18,476812.75,477209.75,468840.75,472119.84,646
2020.02.19,472120.38,479180.84,472120.38,478754.41,873
2020.02.22,478755.66,481867,467120.34,481867,869
2020.02.23,481798.03,499031.09,481798.03,498904.53,532
2020.02.24,498904.5,507269.66,498904.5,503736.94,665
2020.02.25,503735.81,518514,503735.81,518514,986
2020.02.26,518512.81,530073.38,518512.81,524611.38,874
2020.02.29,523850.97,523850.97,504035.94,505825.19,1425
2020.03.01,505801,515583.97,505801,515583.97,864
2020.03.02,515583.38,529328.94,515583.38,529328.94,753
2020.03.03,529329,544239.81,529329,544239.81,1115
2020.03.04,544237.69,555293.94,544237.69,555181.56,816
2020.03.07,555167.63,555167.63,549322.5,549322.5,864
2020.03.09,549185.06,549185.06,534792.94,534792.94,986
2020.03.10,534378.44,534378.44,520059.31,520059.31,2035
2020.03.14,520211.78,520211.78,502688.25,502688.25,1003
2020.03.15,502739.16,502739.16,493276.38,494099.69,1325
2020.03.16,494405.69,505981.44,494405.69,505956.06,43
2020.03.17,506079.81,506880.22,501053,502245.63,668
2020.03.18,502429.72,512615.31,502429.72,512615.31,1367
2020.03.24,512900.47,513347.75,508533.06,508862.03,2331
2020.03.25,508661.53,521065.81,508661.53,521065.81,2326
2020.03.28,521267.66,532522.19,521267.66,532522.19,1810
2020.03.29,532525.25,545899.25,532525.25,545728.56,1577
2020.03.30,545649.38,547238.06,543655.19,547238.06,1442
2020.04.04,547658.5,567664.25,547658.5,567664.25,1102
2020.04.05,567425.56,574017.56,567425.56,574017.56,1212
2020.04.06,573904.06,575338.06,568336.31,569609.75,1276
2020.04.07,569673.69,583598.56,569673.69,583598.56,1475
2020.04.08,583383,597348.38,583383,597164.44,1673
2020.04.11,597253.88,608289.06,597253.88,608060.13,860
2020.04.12,607855.88,623328.69,607855.88,623278.19,998
2020.04.13,623259.81,643951.88,623259.81,624715.81,1025
2020.04.14,624528.5,626515.63,617224.13,626515.63,1148
2020.04.15,626408.69,645781.25,626408.69,645781.25,746
2020.04.18,645762.5,668296.44,645762.5,668166.13,736
2020.04.19,668905.5,691183.63,668905.5,690376.38,781
2020.04.20,690037,708356,690037,708356,923
2020.04.21,708995,726965,708995,725621,585
2020.04.22,726137,741828,726137,741828,695
2020.04.25,741932,769695,741932,769695,1015
2020.04.26,769373,797188,769373,797188,1132
2020.04.27,797813,819555,797813,819555,1531
2020.04.29,845952,877213,845952,877213,657
2020.05.02,878101,916313,878101,916313,1324
2020.05.03,917406,963272,917406,963272,1301
2020.05.04,956200,979103,956200,979103,850
2020.05.05,979105,995966,978311,978363,1571
2020.05.06,980571,980571,965587,977980,362
2020.05.09,977923,1020841,977923,1020841,1714
2020.05.10,1020218,1044492,1020218,1041773,1634
2020.05.11,1043253,1048829,1043131,1044441,1736
2020.05.12,1047763,1047763,1020312,1020312,2264
2020.05.13,1021445,1026061,1008215,1018971,1659
2020.05.16,1017663,1017663,984065,984065,2447
2020.05.17,987475,987475,964010,968024,2190
2020.05.18,968460,993512,968460,992228,1976
2020.05.19,995181,1008562,995181,1001022,2276
2020.05.20,1002125,1002125,985263,986024,1986
2020.05.23,986638,986638,961582,961582,21
2020.05.26,959840,959840,929314,929314,11
2020.05.27,926133,936587,913866,936587,11
2020.05.30,938557,971688,938557,971688,13
2020.05.31,973494,987298,970304,970467,12
2020.06.01,970413,986628,970413,986628,11
2020.06.02,988121,1028537,988121,1028537,13
2020.06.06,1028538,1067775,1028538,1067775,12
2020.06.07,1068844,1115170,1068844,1115170,9
2020.06.08,1116187,1127717,1116187,1119865,9
2020.06.09,1118912,1128633,1117350,1118200,11
2020.06.10,1118118,1153362,1118118,1153362,9
2020.06.13,1153680,1190341,1153680,1189892,9
2020.06.14,1189858,1201880,1178773,1184277,9
2020.06.16,1200100,1229707,1200100,1229707,44
2020.06.20,1229674,1270603,1229674,1270603,44
2020.06.21,1270627,1300838,1270627,1300838,43
2020.06.22,1300813,1339100,1300813,1339100,36
2020.06.23,1341579,1391811,1341579,1391047,44
2020.06.24,1391025,1419294,1391025,1419294,43
2020.06.27,1419454,1466243,1419454,1466243,40
2020.06.28,1466278,1499893,1466278,1491952,39
2020.06.29,1491928,1491928,1460445,1481005,36
2020.06.30,1481938,1546850,1481938,1546850,34
2020.07.01,1546845,1612679,1546845,1612679,26
2020.07.04,1612902,1645266,1612902,1619185,27
2020.07.05,1621343,1652752,1620469,1652752,27
2020.07.06,1655430,1737811,1655430,1737811,24
2020.07.07,1718350,1745912,1718350,1745713,44
2020.07.08,1747079,1767015,1747079,1752530,43
2020.07.11,1753643,1753643,1719034,1738327,43
2020.07.12,1741354,1814831,1741354,1813499,42
2020.07.13,1812843,1816467,1799815,1816167,41
2020.07.14,1822083,1846165,1822083,1835371,42
2020.07.15,1844907,1845125,1838572,1844948,38
2020.07.18,1841701,1841701,1809583,1810836,43
2020.07.19,1809172,1858726,1797988,1858726,44
2020.07.20,1865028,1924884,1865028,1923073,42
2020.07.21,1924845,1924845,1901246,1915617,43
2020.07.22,1916194,1916194,1888596,1894246,41
2020.07.25,1901147,1956886,1901147,1949133,37
2020.07.26,1952910,1964181,1935966,1938567,34
2020.07.27,1946086,1946086,1900339,1926391,38
2020.07.28,1959959,1959959,1946264,1946264,11
2020.07.29,1941194,1941194,1899588,1903025,29
2020.08.01,1904324,1954811,1904324,1954811,24
2020.08.02,1961622,2013734,1961622,2005889,23
2020.08.03,2011524,2015363,1992599,1992599,20
2020.08.04,1993340,1994330,1986391,1994303,22
2020.08.05,1995044,2026756,1995044,2026756,18
2020.08.09,2034193,2083102,2034193,2080658,21
2020.08.10,2078547,2103311,2065992,2071309,18
2020.08.11,2065114,2065114,2002877,2002877,15
2020.08.12,1999843,2039105,1984170,1984170,14
2020.08.15,1975440,1975440,1905005,1905005,13
2020.08.16,1903268,1903268,1837486,1837486,12
2020.08.17,1798772,1814215,1794315,1814215,16
2020.08.18,1843486,1855380,1843486,1845328,27
2020.08.19,1808027,1808027,1758097,1758097,44
2020.08.22,1757229,1779566,1727222,1727222,43
2020.08.23,1727240,1727240,1662205,1662205,44
2020.08.24,1607513,1608427,1607251,1608427,11
2020.08.25,1608582,1650470,1608582,1650470,44
2020.08.26,1650044,1718766,1650044,1718766,44
2020.08.31,1718783,1762489,1718783,1727953,43
2020.09.01,1728035,1728035,1684739,1684739,43
2020.09.02,1684787,1684787,1631956,1631956,43
2020.09.05,1631941,1645288,1631941,1642038,41
2020.09.06,1642008,1669279,1642008,1647858,43
2020.09.07,1647782,1647782,1607211,1607211,43
2020.09.08,1607195,1607195,1570289,1570289,42
2020.09.09,1570010,1570010,1546144,1555570,30
2020.09.12,1556280,1590461,1556280,1583762,44
2020.09.13,1583754,1593279,1574731,1578185,43
2020.09.14,1578190,1607489,1578190,1607489,44
2020.09.15,1607587,1667257,1607587,1667257,44
2020.09.16,1664593,1712046,1664593,1704107,43
2020.09.19,1704109,1712995,1686002,1697253,43
2020.09.20,1699494,1699494,1652253,1652253,43
2020.09.21,1652236,1652236,1595154,1595154,44
2020.09.22,1595160,1595160,1566527,1579524,40
2020.09.23,1581180,1621854,1581180,1611267,40
2020.09.26,1611583,1634894,1611583,1615656,35
2020.09.27,1615531,1615531,1572491,1572838,35
2020.09.28,1570888,1570888,1520277,1520277,34
2020.09.29,1515930,1515930,1483586,1492913,30
2020.09.30,1492940,1502880,1488990,1502367,25
2020.10.03,1503427,1545852,1503427,1545852,24
2020.10.04,1546155,1546155,1523886,1523886,23
2020.10.05,1522981,1522981,1489889,1490108,21
2020.10.06,1490173,1512964,1490173,1512964,15
2020.10.07,1514698,1541921,1514698,1540627,20
2020.10.10,1540700,1542115,1534060,1541484,18
2020.10.11,1541823,1599983,1541823,1598800,19
2020.10.12,1597125,1597125,1579326,1579326,19
2020.10.13,1579507,1587446,1571075,1578799,15
2020.10.14,1579676,1580971,1560974,1560974,14
2020.10.18,1561416,1561416,1514399,1514399,41
2020.10.19,1514273,1514273,1462545,1462545,44
2020.10.20,1462283,1462283,1419313,1419313,44
2020.10.21,1419305,1431082,1412287,1412287,44
2020.10.24,1412355,1412355,1374056,1374056,44
2020.10.26,1374057,1374057,1336586,1336586,41
2020.10.27,1336587,1336587,1301740,1301740,43
2020.10.28,1302029,1302029,1278848,1287419,42
2020.10.31,1288331,1312186,1288331,1305801,43
2020.11.01,1305899,1305899,1279883,1279883,43
2020.11.02,1279863,1279863,1262244,1264537,43
2020.11.04,1264478,1290507,1264478,1290507,43
2020.11.07,1290571,1290571,1262480,1262480,44
2020.11.08,1262887,1262887,1240907,1240907,43
2020.11.09,1240524,1240524,1215106,1215148,38
2020.11.10,1215164,1223265,1211911,1211911,34
2020.11.11,1211941,1221056,1210035,1221056,28
2020.11.14,1221075,1249511,1221075,1247584,43
2020.11.15,1247649,1268785,1247649,1257367,44
2020.11.16,1257357,1273747,1251408,1273747,33
2020.11.17,1273847,1309027,1273847,1296957,44
2020.11.18,1296947,1345407,1296947,1345407,43
2020.11.21,1345301,1374808,1345301,1366540,44
2020.11.22,1366535,1366535,1337632,1358913,43
2020.11.23,1358848,1384444,1358848,1375539,44
2020.11.24,1375541,1382204,1356945,1356945,44
2020.11.25,1357109,1367167,1344872,1367167,44
2020.11.28,1367249,1390797,1367249,1390797,44
2020.11.29,1390773,1427199,1390773,1427199,43