2020.09.22,10:30,119500,119500,119500,119500,1
2020.09.22,10:41,119200,119200,119200,119200,1
2020.09.22,10:42,119000,119000,118900,119000,3
2020.09.22,10:43,118800,118900,118700,118800,6
2020.09.22,10:44,118700,118700,118400,118400,9
2020.09.22,10:45,118500,118500,118200,118500,8
2020.09.22,10:46,118400,118500,118000,118000,6
2020.09.22,10:47,117800,118000,117500,118000,8
2020.09.22,10:48,117800,118100,117300,117300,11
2020.09.22,10:49,117700,117700,116800,117200,15
2020.09.22,10:50,117100,117500,116300,116400,20
2020.09.22,10:51,116100,116400,115400,115400,14
2020.09.22,10:52,115300,115400,114500,115000,13
2020.09.22,10:53,115300,116000,115000,115300,11
2020.09.22,10:54,115400,116100,115400,115700,14
2020.09.22,10:55,115900,116300,115700,116200,11
2020.09.22,10:56,116300,116300,115500,115600,13
2020.09.22,10:57,116000,116000,115600,116000,3
2020.09.22,10:58,116100,116600,116100,116600,4
2020.09.22,10:59,116700,116900,115800,115800,11
2020.09.22,11:00,115900,115900,115500,115500,7
2020.09.22,11:01,115400,115500,115000,115500,7
2020.09.22,11:02,115300,115300,115100,115200,3
2020.09.22,11:03,115500,116400,115500,115700,6
2020.09.22,11:04,115900,116400,115800,115900,5
2020.09.22,11:05,116200,116200,115100,115100,10
2020.09.22,11:06,115000,115000,114600,114800,9
2020.09.22,11:07,115000,115100,114900,115100,4
2020.09.22,11:08,115500,115500,115000,115300,3
2020.09.22,11:09,115500,115500,115500,115500,1
2020.09.22,11:10,115600,116200,115600,116000,8
2020.09.22,11:11,116200,116200,116000,116000,2
2020.09.22,11:12,116200,116300,116000,116000,3
2020.09.22,11:13,116200,116200,116000,116200,3
2020.09.22,11:14,116000,116000,116000,116000,1
2020.09.22,11:15,116100,116300,116100,116300,2
2020.09.22,11:16,116100,116100,116000,116000,2
2020.09.22,11:17,116100,116500,116100,116500,3
2020.09.22,11:18,116600,116700,116400,116400,4
2020.09.22,11:19,116100,116300,116000,116000,5
2020.09.22,11:20,116100,116400,116000,116400,3
2020.09.22,11:21,116300,116400,116300,116400,2
2020.09.22,11:22,116500,116500,116400,116500,3
2020.09.22,11:23,116400,116500,116300,116400,4
2020.09.22,11:24,116500,117000,116500,117000,7
2020.09.22,11:25,116900,116900,116700,116900,6
2020.09.22,11:26,116800,116800,116700,116800,3
2020.09.22,11:27,116900,117400,116900,117400,8
2020.09.22,11:28,117200,117600,117100,117400,8
2020.09.22,11:29,117500,117600,117200,117300,7
2020.09.22,11:30,117400,117700,117200,117500,11
2020.09.22,11:31,117700,117700,117500,117500,3
2020.09.22,11:32,117600,117600,117500,117500,4
2020.09.22,11:33,117600,117600,117400,117400,3
2020.09.22,11:34,117300,117300,117200,117200,2
2020.09.22,11:35,117300,117300,117200,117300,3
2020.09.22,11:36,117400,117500,117300,117500,6
2020.09.22,11:37,117300,117700,117300,117700,3
2020.09.22,11:38,117400,117400,117400,117400,1
2020.09.22,11:39,117500,117500,117400,117400,2
2020.09.22,11:40,117300,117300,116800,116800,6
2020.09.22,11:41,116700,117000,116700,116800,4
2020.09.22,11:42,117000,117100,117000,117100,2
2020.09.22,11:43,117000,117200,117000,117000,7
2020.09.22,11:45,116900,116900,116800,116900,3
2020.09.22,11:46,116800,116800,116800,116800,1
2020.09.22,11:47,116700,116700,116400,116500,4
2020.09.22,11:48,116700,116900,116700,116900,2
2020.09.22,11:49,116500,116500,116100,116400,6
2020.09.22,11:50,116200,116200,115800,115800,8
2020.09.22,11:51,116300,116300,116000,116000,2
2020.09.22,11:52,116100,116100,116000,116000,6
2020.09.22,11:53,115900,115900,115700,115800,6
2020.09.22,11:54,115900,116000,115900,115900,3
2020.09.22,11:55,116000,116200,116000,116200,5
2020.09.22,11:56,116400,116600,116400,116600,4
2020.09.22,11:57,116700,116700,116500,116500,2
2020.09.22,11:58,116600,116700,116600,116700,2
2020.09.22,11:59,116500,116500,116200,116200,4
2020.09.22,12:00,116100,116200,115600,115800,9
2020.09.22,12:01,115900,116000,115600,116000,4
2020.09.22,12:02,116100,116100,115800,115800,3
2020.09.22,12:03,115900,116200,115700,115700,4
2020.09.22,12:04,116000,116300,115900,116200,6
2020.09.22,12:05,116400,117000,116400,117000,7
2020.09.22,12:06,116800,116800,116500,116800,5
2020.09.22,12:07,116400,116400,116200,116300,4
2020.09.22,12:08,116200,116400,116200,116400,3
2020.09.22,12:09,116300,116300,116300,116300,1
2020.09.22,12:10,116200,116200,116000,116000,3
2020.09.22,12:11,115900,116100,115900,116100,3
2020.09.22,12:12,116000,116000,116000,116000,1
2020.09.22,12:13,116100,116200,116000,116000,4
2020.09.22,12:16,116200,116200,116000,116000,2
2020.09.22,12:17,115900,116300,115700,115700,4
2020.09.22,12:18,115900,116000,115900,116000,2
2020.09.22,12:19,116100,116100,115900,115900,2
2020.09.22,12:20,116000,116300,116000,116300,2
2020.09.22,12:21,115900,115900,115800,115900,3
2020.09.22,12:22,115800,115800,115500,115700,6
2020.09.22,12:23,115600,115600,115500,115500,2
2020.09.22,12:24,115600,115600,115600,115600,1
2020.09.22,12:25,115800,116200,115800,116200,5
2020.09.22,12:26,116300,116400,116000,116000,4
2020.09.22,12:27,116200,116200,115900,115900,3
2020.09.22,12:28,116000,116000,116000,116000,1
2020.09.22,12:30,116400,116400,116000,116100,3
2020.09.22,12:31,116000,116000,116000,116000,1
2020.09.22,12:32,116200,116400,116200,116300,4
2020.09.22,12:33,116100,116500,116000,116500,3
2020.09.22,12:34,116200,116400,116200,116400,2
2020.09.22,12:35,116500,116700,116500,116500,5
2020.09.22,12:36,116600,116600,116300,116300,3
2020.09.22,12:37,116400,116600,116400,116600,2
2020.09.22,12:38,116700,116700,116600,116600,2
2020.09.22,12:39,116700,116700,116400,116400,2
2020.09.22,12:40,116300,116300,116200,116200,4
2020.09.22,12:41,116300,116300,116300,116300,1
2020.09.22,12:42,116200,116200,116200,116200,1
2020.09.22,12:43,116100,116100,116100,116100,1
2020.09.22,12:44,116000,116000,115700,115800,3
2020.09.22,12:45,116000,116000,115900,115900,2
2020.09.22,12:46,116000,116000,116000,116000,1
2020.09.22,12:47,115900,115900,115800,115800,2
2020.09.22,12:48,115900,115900,115900,115900,1
2020.09.22,12:50,116000,116100,116000,116100,2
2020.09.22,12:51,116000,116000,116000,116000,1
2020.09.22,12:53,116100,116100,116100,116100,1
2020.09.22,12:54,116000,116000,116000,116000,1
2020.09.22,12:55,116100,116400,116100,116400,3
2020.09.22,12:56,116500,116900,116400,116900,3
2020.09.22,12:57,116600,116600,116600,116600,1
2020.09.22,12:58,116400,116500,116300,116500,4
2020.09.22,12:59,116600,116700,116600,116700,2
2020.09.22,13:00,116500,116600,116100,116100,5
2020.09.22,13:01,116200,116300,116200,116300,2
2020.09.22,13:02,116200,116200,116100,116100,2
2020.09.22,13:03,116000,116000,115800,115900,6
2020.09.22,13:04,115800,116000,115500,115800,9
2020.09.22,13:05,115500,115500,115400,115500,3
2020.09.22,13:06,115700,115700,115600,115700,3
2020.09.22,13:07,115800,115800,115500,115500,4
2020.09.22,13:08,115600,115700,115600,115700,2
2020.09.22,13:09,115600,115700,115600,115700,2
2020.09.22,13:10,115600,115600,115600,115600,1
2020.09.22,13:11,115700,115800,115700,115700,3
2020.09.22,13:14,115800,115900,115700,115900,3
2020.09.22,13:15,115700,115700,115700,115700,1
2020.09.22,13:16,115600,115700,115500,115500,4
2020.09.22,13:17,115400,115400,115200,115300,4
2020.09.22,13:18,115200,115400,115200,115400,3
2020.09.22,13:19,115700,115700,115700,115700,1
2020.09.22,13:20,115800,115800,115800,115800,1
2020.09.22,13:21,116000,116100,115800,116100,6
2020.09.22,13:22,116000,116200,116000,116000,5
2020.09.22,13:23,116100,116100,115900,116000,3
2020.09.22,13:24,115700,115700,115700,115700,1
2020.09.22,13:25,115800,115800,115800,115800,1
2020.09.22,13:28,115700,115900,115700,115900,3
2020.09.22,13:29,115800,115900,115800,115900,2
2020.09.22,13:30,116000,116100,115900,115900,3
2020.09.22,13:31,116100,116100,116100,116100,1
2020.09.22,13:32,116200,116200,116000,116100,3
2020.09.22,13:33,116000,116100,116000,116000,3
2020.09.22,13:34,116200,116200,116200,116200,1
2020.09.22,13:35,116100,116100,116100,116100,1
2020.09.22,13:36,116000,116000,115900,115900,2
2020.09.22,13:37,115800,115800,115800,115800,1
2020.09.22,13:39,115900,115900,115900,115900,1
2020.09.22,13:41,116000,116000,116000,116000,1
2020.09.22,13:44,115900,115900,115900,115900,1
2020.09.22,13:46,116000,116000,116000,116000,1
2020.09.22,13:49,116100,116100,116100,116100,1
2020.09.22,13:50,116000,116000,115500,115600,7
2020.09.22,13:51,115700,115700,115400,115400,3
2020.09.22,13:52,115800,115800,115400,115700,5
2020.09.22,13:53,115800,115800,115800,115800,1
2020.09.22,13:54,115700,115700,115700,115700,1
2020.09.22,13:55,115600,115700,115600,115700,4
2020.09.22,13:56,115800,115800,115500,115500,4
2020.09.22,13:57,115400,115400,115300,115300,6
2020.09.22,13:58,115200,115500,115200,115200,4
2020.09.22,13:59,115100,115200,115000,115000,8
2020.09.22,14:00,114900,115300,114900,115100,9
2020.09.22,14:01,115000,115000,115000,115000,1
2020.09.22,14:02,114900,114900,114700,114700,7
2020.09.22,14:03,114600,115000,114600,114900,6
2020.09.22,14:04,114700,115000,114700,114800,9
2020.09.22,14:05,114700,114800,114700,114800,4
2020.09.22,14:06,114900,115000,114900,114900,3
2020.09.22,14:07,115000,115000,114900,114900,4
2020.09.22,14:08,115000,115200,115000,115200,2
2020.09.22,14:09,115000,115000,115000,115000,1
2020.09.22,14:10,114900,114900,114700,114700,3
2020.09.22,14:11,114500,114500,114500,114500,1
2020.09.22,14:12,114700,114700,114700,114700,1
2020.09.22,14:13,114800,114800,114800,114800,1
2020.09.22,14:14,114900,114900,114900,114900,1
2020.09.22,14:16,115000,115000,115000,115000,1
2020.09.22,14:17,115100,115100,115000,115100,3
2020.09.22,14:18,115000,115300,115000,115300,4
2020.09.22,14:19,115200,115300,115200,115300,2
2020.09.22,14:20,115600,115800,115600,115800,3
2020.09.22,14:21,115600,115600,115600,115600,1
2020.09.22,14:23,115400,115600,115400,115600,2
2020.09.22,14:25,115500,115600,115500,115600,2
2020.09.22,14:26,115700,115700,115600,115600,2
2020.09.22,14:28,115500,115500,115500,115500,1
2020.09.22,14:29,115400,115400,115300,115300,2
2020.09.22,14:30,115500,115500,115500,115500,1
2020.09.22,14:33,115300,115300,115200,115200,2
2020.09.22,14:35,115300,115600,115300,115600,3
2020.09.22,14:36,115800,115800,115800,115800,1
2020.09.22,14:37,115600,115600,115600,115600,1
2020.09.22,14:38,115800,115800,115800,115800,1
2020.09.22,14:39,115600,115600,115600,115600,1
2020.09.22,14:40,115500,115500,115500,115500,1
2020.09.22,14:41,115400,115400,115300,115300,2
2020.09.22,14:43,115400,115600,115400,115600,2
2020.09.22,14:44,115500,115500,115500,115500,1
2020.09.22,14:45,115400,115600,115400,115500,6
2020.09.22,14:46,115400,115500,115400,115500,2
2020.09.22,14:47,115600,115800,115600,115600,5
2020.09.22,14:48,115700,115800,115700,115800,2
2020.09.22,14:49,115700,115800,115700,115800,2
2020.09.22,14:51,115900,116000,115900,116000,2
2020.09.22,14:52,116200,116200,116000,116200,3
2020.09.22,14:53,116300,116300,116100,116100,4
2020.09.22,14:54,116200,116200,116100,116100,2
2020.09.22,14:55,116200,116200,116200,116200,1
2020.09.22,14:56,116300,116500,116300,116500,3
2020.09.22,14:57,116400,116400,116400,116400,1
2020.09.22,14:58,116500,116500,116500,116500,1
2020.09.22,14:59,116600,116600,116600,116600,1
2020.09.23,10:30,117300,117800,117000,117000,10
2020.09.23,10:31,117100,117300,117000,117200,5
2020.09.23,10:32,117000,117900,117000,117700,8
2020.09.23,10:33,118000,118500,118000,118500,12
2020.09.23,10:34,118400,119000,118400,118600,13
2020.09.23,10:35,118500,118500,117800,118100,8
2020.09.23,10:36,118000,118000,117700,117800,6
2020.09.23,10:37,117900,118200,117900,118000,9
2020.09.23,10:38,117900,118000,117900,117900,3
2020.09.23,10:39,117800,117800,117700,117700,4
2020.09.23,10:40,117800,117800,117600,117800,5
2020.09.23,10:41,117700,117800,117700,117800,2
2020.09.23,10:42,117900,117900,117500,117500,5
2020.09.23,10:43,117400,117500,117300,117300,4
2020.09.23,10:44,117400,117400,117400,117400,1
2020.09.23,10:45,117300,117300,116500,116800,11
2020.09.23,10:46,116900,117000,116700,117000,7
2020.09.23,10:47,117200,117200,117000,117000,4
2020.09.23,10:48,117100,117200,116800,117000,8
2020.09.23,10:49,117200,117500,117200,117500,5
2020.09.23,10:50,117300,117300,117000,117000,4
2020.09.23,10:51,117100,117100,117000,117000,2
2020.09.23,10:52,117200,117200,117000,117000,2
2020.09.23,10:54,117200,117300,117000,117300,4
2020.09.23,10:55,117500,117500,117000,117000,5
2020.09.23,10:56,117200,117300,117000,117100,7
2020.09.23,10:57,117300,117300,117100,117200,8
2020.09.23,10:58,117300,117300,117000,117100,5
2020.09.23,10:59,117000,117000,117000,117000,1
2020.09.23,11:00,116900,116900,116800,116800,2
2020.09.23,11:01,116900,116900,116600,116600,4
2020.09.23,11:02,116700,116700,116400,116500,6
2020.09.23,11:03,116700,116700,116600,116600,2
2020.09.23,11:04,116700,116800,116700,116700,3
2020.09.23,11:05,116600,116800,116500,116500,3
2020.09.23,11:06,116400,116500,116400,116500,4
2020.09.23,11:07,116600,116600,116600,116600,1
2020.09.23,11:08,116500,116600,116500,116500,3
2020.09.23,11:09,116700,116700,116600,116600,2
2020.09.23,11:10,116700,116900,116700,116900,3
2020.09.23,11:11,117000,117000,117000,117000,1
2020.09.23,11:12,116900,116900,116900,116900,1
2020.09.23,11:13,117000,117000,116900,116900,4
2020.09.23,11:15,116800,116800,116800,116800,1
2020.09.23,11:16,116700,117000,116700,116700,4
2020.09.23,11:17,116800,117000,116800,117000,3
2020.09.23,11:18,116700,117000,116700,117000,2
2020.09.23,11:20,116900,116900,116900,116900,1
2020.09.23,11:22,116800,116800,116800,116800,1
2020.09.23,11:25,116700,116700,116500,116500,5
2020.09.23,11:26,116400,116700,116400,116700,4
2020.09.23,11:27,116500,116500,116300,116300,3
2020.09.23,11:28,116400,116400,116200,116400,5
2020.09.23,11:29,116500,116500,116500,116500,1
2020.09.23,11:30,116700,116700,116400,116600,5
2020.09.23,11:31,116500,116500,116400,116500,3
2020.09.23,11:32,116600,116600,116500,116500,2
2020.09.23,11:33,116600,116600,116500,116500,4
2020.09.23,11:34,116700,116700,116600,116600,2
2020.09.23,11:36,116700,116800,116700,116800,2
2020.09.23,11:38,116900,116900,116900,116900,1
2020.09.23,11:39,116800,116800,116800,116800,1
2020.09.23,11:40,116600,116600,116600,116600,1
2020.09.23,11:41,116700,116700,116700,116700,1
2020.09.23,11:43,116800,116800,116700,116800,3
2020.09.23,11:45,116700,116700,116600,116600,2
2020.09.23,11:47,116700,116700,116700,116700,1
2020.09.23,11:51,116800,116900,116800,116800,3
2020.09.23,11:53,116900,117000,116900,117000,2
2020.09.23,11:54,116900,117000,116900,117000,4
2020.09.23,11:55,117100,117100,117100,117100,1
2020.09.23,11:56,117000,117100,117000,117100,4
2020.09.23,11:59,117000,117000,117000,117000,1
2020.09.23,12:01,116900,116900,116900,116900,1
2020.09.23,12:02,116800,116800,116800,116800,1
2020.09.23,12:03,116900,116900,116900,116900,1
2020.09.23,12:04,116800,116800,116800,116800,1
2020.09.23,12:05,116700,116800,116700,116800,2
2020.09.23,12:06,116900,116900,116900,116900,1
2020.09.23,12:07,117000,117000,117000,117000,1
2020.09.23,12:08,116900,116900,116900,116900,1
2020.09.23,12:09,116800,116800,116800,116800,1
2020.09.23,12:10,116900,116900,116800,116800,2
2020.09.23,12:11,116700,116700,116700,116700,1
2020.09.23,12:12,116600,116600,116400,116400,3
2020.09.23,12:13,116500,116500,116500,116500,1
2020.09.23,12:15,116400,116500,116400,116500,2
2020.09.23,12:18,116400,116500,116400,116500,2
2020.09.23,12:20,116400,116400,116400,116400,1
2020.09.23,12:21,117000,117000,117000,117000,1
2020.09.23,12:22,116900,116900,116900,116900,1
2020.09.23,12:24,116800,116800,116800,116800,1
2020.09.23,12:25,116700,116700,116600,116600,2
2020.09.23,12:28,116500,116500,116100,116100,4
2020.09.23,12:29,116000,116200,116000,116000,4
2020.09.23,12:30,115900,116100,115900,116100,5
2020.09.23,12:31,116300,116300,116300,116300,1
2020.09.23,12:32,116400,116400,116400,116400,1
2020.09.23,12:33,116500,116500,116400,116400,2
2020.09.23,12:34,116600,116600,116600,116600,1
2020.09.23,12:35,116500,116500,116500,116500,1
2020.09.23,12:39,116400,116400,116400,116400,1
2020.09.23,12:40,116500,116800,116500,116800,2
2020.09.23,12:41,116400,116400,116400,116400,1
2020.09.23,12:43,116600,116600,116400,116600,3
2020.09.23,12:44,116500,116700,116500,116700,2
2020.09.23,12:47,116400,116900,116400,116900,4
2020.09.23,12:54,116800,116800,116800,116800,1
2020.09.23,12:56,116700,116700,116600,116600,2
2020.09.23,12:59,116700,116700,116700,116700,1
2020.09.23,13:00,116600,116600,116600,116600,1
2020.09.23,13:01,116700,116800,116700,116800,2
2020.09.23,13:02,116900,117000,116900,117000,2
2020.09.23,13:03,117100,117100,117000,117100,3
2020.09.23,13:04,117200,117500,117200,117400,5
2020.09.23,13:05,117300,117400,117100,117100,5
2020.09.23,13:06,117000,117100,117000,117000,5
2020.09.23,13:07,117100,117200,117100,117100,5
2020.09.23,13:08,117200,117200,117200,117200,1
2020.09.23,13:09,117100,117100,117000,117000,4
2020.09.23,13:10,117100,117100,117000,117000,2
2020.09.23,13:11,117100,117100,117000,117000,2
2020.09.23,13:13,117100,117100,117000,117100,3
2020.09.23,13:14,117000,117000,117000,117000,1
2020.09.23,13:17,116900,117100,116900,117100,2
2020.09.23,13:18,117000,117000,117000,117000,1
2020.09.23,13:19,117100,117100,117100,117100,1
2020.09.23,13:20,116900,116900,116900,116900,1
2020.09.23,13:22,117000,117000,117000,117000,1
2020.09.23,13:24,117100,117200,117100,117200,4
2020.09.23,13:25,117300,117300,117200,117200,2
2020.09.23,13:26,117300,117300,117200,117200,2
2020.09.23,13:28,117100,117200,117100,117200,2
2020.09.23,13:29,117300,117600,117300,117300,6
2020.09.23,13:30,117400,117500,117300,117300,5
2020.09.23,13:32,117200,117300,117200,117200,3
2020.09.23,13:33,117300,117300,117300,117300,1
2020.09.23,13:35,117400,117500,117300,117500,3
2020.09.23,13:36,117600,117600,117500,117500,2
2020.09.23,13:37,117400,117400,117400,117400,1
2020.09.23,13:38,117500,117500,117400,117400,2
2020.09.23,13:39,117300,117300,117300,117300,1
2020.09.23,13:41,117100,117200,116900,117000,6
2020.09.23,13:42,117100,117100,117000,117000,2
2020.09.23,13:44,116800,117200,116800,117000,5
2020.09.23,13:48,116900,116900,116900,116900,1
2020.09.23,13:50,116800,116800,116600,116600,2
2020.09.23,13:51,116500,116800,116500,116800,6
2020.09.23,13:53,116700,116700,116700,116700,1
2020.09.23,13:54,116800,116800,116800,116800,1
2020.09.23,13:58,116900,116900,116900,116900,1
2020.09.23,13:59,117000,117000,117000,117000,1
2020.09.23,14:00,117100,117100,117100,117100,1
2020.09.23,14:02,117200,117300,117200,117300,2
2020.09.23,14:03,117400,117600,117400,117400,3
2020.09.23,14:04,117500,117600,117400,117600,5
2020.09.23,14:05,117500,117600,117500,117600,4
2020.09.23,14:06,117800,118700,117800,118100,8
2020.09.23,14:07,118500,118500,118100,118200,8
2020.09.23,14:08,118100,118500,118100,118500,6
2020.09.23,14:09,118400,118500,118200,118200,5
2020.09.23,14:10,118100,118700,118100,118700,6
2020.09.23,14:11,118800,119400,118700,119400,11
2020.09.23,14:12,119500,119500,119000,119100,10
2020.09.23,14:13,119000,119100,118700,118800,10
2020.09.23,14:14,118700,118800,118000,118000,7
2020.09.23,14:15,118300,118500,118300,118300,3
2020.09.23,14:16,118400,118500,118300,118500,4
2020.09.23,14:17,118400,118400,118400,118400,1
2020.09.23,14:18,118100,118400,118100,118300,5
2020.09.23,14:19,118200,118300,118100,118100,8
2020.09.23,14:20,118000,118000,117900,117900,2
2020.09.23,14:21,117800,117800,117800,117800,1
2020.09.23,14:22,117900,118100,117900,118000,4
2020.09.23,14:23,118100,118100,118000,118000,2
2020.09.23,14:24,118100,118100,118100,118100,1
2020.09.23,14:25,118200,118200,118200,118200,1
2020.09.23,14:26,118100,118100,118000,118000,2
2020.09.23,14:27,117900,117900,117800,117800,2
2020.09.23,14:28,117600,117900,117600,117900,2
2020.09.23,14:29,118000,118000,118000,118000,1
2020.09.23,14:30,118100,118100,118100,118100,1
2020.09.23,14:31,118000,118100,117800,117800,4
2020.09.23,14:32,117700,117700,117600,117600,4
2020.09.23,14:33,117500,117600,117300,117400,5
2020.09.23,14:34,117500,117500,117500,117500,1
2020.09.23,14:35,117600,117600,117300,117300,4
2020.09.23,14:36,117400,117600,117400,117600,7
2020.09.23,14:38,117700,117800,117700,117800,2
2020.09.23,14:39,117900,117900,117900,117900,1
2020.09.23,14:41,117800,117800,117800,117800,1
2020.09.23,14:44,117900,118000,117900,118000,2
2020.09.23,14:45,117900,118000,117900,118000,2
2020.09.23,14:47,117900,118000,117900,118000,2
2020.09.23,14:48,117900,117900,117900,117900,1
2020.09.23,14:50,117800,117900,117800,117900,2
2020.09.23,14:51,117800,117800,117800,117800,1
2020.09.23,14:57,117900,117900,117800,117900,3
2020.09.23,14:58,117700,117900,117700,117800,4
2020.09.23,14:59,117900,117900,117700,117700,5
2020.09.24,10:30,118000,118300,118000,118000,3
2020.09.24,10:31,117700,117700,117700,117700,1
2020.09.24,10:32,117500,117800,117500,117600,5
2020.09.24,10:33,117500,117500,117400,117500,3
2020.09.24,10:34,117700,117700,117700,117700,1
2020.09.24,10:35,117800,118400,117800,118000,6
2020.09.24,10:36,117800,117800,117800,117800,1
2020.09.24,10:37,117600,117800,117600,117800,2
2020.09.24,10:38,117700,117700,117700,117700,1
2020.09.24,10:40,117600,117600,117300,117300,4
2020.09.24,10:41,117200,117500,117200,117500,3
2020.09.24,10:44,117600,117600,117600,117600,1
2020.09.24,10:45,117500,117500,117500,117500,1
2020.09.24,10:46,117600,117800,117600,117800,2
2020.09.24,10:47,117700,117700,117700,117700,1
2020.09.24,10:48,117800,117900,117800,117900,2
2020.09.24,10:49,117800,118300,117800,118300,5
2020.09.24,10:50,118400,118400,118100,118100,3
2020.09.24,10:51,118400,118400,118000,118000,8
2020.09.24,10:53,117900,117900,117900,117900,1
2020.09.24,10:54,118000,118000,118000,118000,1
2020.09.24,10:55,117900,117900,117900,117900,1
2020.09.24,10:56,118000,118000,118000,118000,1
2020.09.24,10:57,117900,118000,117900,118000,2
2020.09.24,10:59,118200,118300,118000,118300,3
2020.09.24,11:00,118000,118600,118000,118300,7
2020.09.24,11:01,118500,118500,118400,118400,2
2020.09.24,11:02,118300,118300,118200,118200,2
2020.09.24,11:05,118300,118300,118100,118100,3
2020.09.24,11:07,118000,118000,118000,118000,1
2020.09.24,11:09,118100,118100,118000,118100,3
2020.09.24,11:10,117900,117900,117800,117900,5
2020.09.24,11:11,117600,117600,117500,117500,4
2020.09.24,11:13,117400,117600,117400,117600,5
2020.09.24,11:15,117700,117700,117700,117700,1
2020.09.24,11:16,117800,118000,117700,117700,4
2020.09.24,11:17,118000,118000,118000,118000,1
2020.09.24,11:18,118100,118100,118000,118000,2
2020.09.24,11:19,118100,118100,118000,118100,3
2020.09.24,11:20,118000,118100,118000,118100,2
2020.09.24,11:21,118000,118000,118000,118000,1
2020.09.24,11:22,118200,118600,118200,118600,5
2020.09.24,11:23,118400,118400,118200,118300,4
2020.09.24,11:24,118500,118500,118300,118300,4
2020.09.24,11:25,118500,118600,118500,118600,2
2020.09.24,11:26,118500,119000,118500,118500,8
2020.09.24,11:27,119000,119000,118600,118900,5
2020.09.24,11:28,118800,118900,118800,118800,3
2020.09.24,11:29,118900,118900,118900,118900,1
2020.09.24,11:30,118700,119000,118700,118700,5
2020.09.24,11:31,119000,119000,118900,118900,2
2020.09.24,11:32,119000,119000,118800,118800,2
2020.09.24,11:33,118900,119000,118800,118900,4
2020.09.24,11:34,119000,119100,118800,119100,6
2020.09.24,11:35,119000,119400,119000,119400,5
2020.09.24,11:36,119500,119500,119000,119200,8
2020.09.24,11:37,119500,119600,119500,119500,3
2020.09.24,11:38,119300,119600,119300,119400,4
2020.09.24,11:39,119500,119500,119300,119300,6
2020.09.24,11:40,119200,119200,118900,118900,6
2020.09.24,11:41,119000,119000,119000,119000,1
2020.09.24,11:42,118900,118900,118900,118900,1
2020.09.24,11:45,119000,119000,119000,119000,1
2020.09.24,11:46,118900,118900,118900,118900,1
2020.09.24,11:47,119300,119300,119300,119300,1
2020.09.24,11:48,119400,119400,119000,119000,2
2020.09.24,11:49,119200,119700,119200,119700,5
2020.09.24,11:50,119300,120000,119300,119600,11
2020.09.24,11:51,119700,119700,119600,119700,3
2020.09.24,11:52,119600,119900,119600,119900,3
2020.09.24,11:53,119800,120000,119800,119800,6
2020.09.24,11:54,119700,119700,119500,119500,3
2020.09.24,11:55,119700,119700,119500,119700,3
2020.09.24,11:56,119600,119700,119500,119500,3
2020.09.24,11:57,119700,119700,119400,119500,3
2020.09.24,11:58,119600,119600,119400,119400,5
2020.09.24,11:59,119300,119300,119300,119300,1
2020.09.24,12:00,119500,119500,119300,119300,4
2020.09.24,12:01,119400,119500,119400,119400,3
2020.09.24,12:02,119500,119500,119500,119500,1
2020.09.24,12:03,119400,119400,119100,119100,4
2020.09.24,12:04,119000,119100,118800,119100,5
2020.09.24,12:05,119000,119100,119000,119000,3
2020.09.24,12:06,118900,118900,118900,118900,1
2020.09.24,12:07,119000,119000,119000,119000,1
2020.09.24,12:08,119100,119100,119100,119100,1
2020.09.24,12:09,119200,119200,119200,119200,1
2020.09.24,12:10,119100,119100,119100,119100,1
2020.09.24,12:11,119200,119200,119200,119200,1
2020.09.24,12:12,119300,119300,119300,119300,1
2020.09.24,12:13,119200,119200,119100,119100,2
2020.09.24,12:14,119200,119200,119200,119200,1
2020.09.24,12:15,119000,119100,119000,119100,2
2020.09.24,12:18,119000,119000,118900,118900,2
2020.09.24,12:19,119000,119000,118900,118900,2
2020.09.24,12:24,119000,119000,119000,119000,1
2020.09.24,12:25,119100,119100,119100,119100,1
2020.09.24,12:26,119200,119200,119200,119200,1
2020.09.24,12:27,119300,119300,119200,119300,3
2020.09.24,12:28,119200,119200,119200,119200,1
2020.09.24,12:32,119100,119100,119000,119000,2
2020.09.24,12:36,119100,119100,119100,119100,1
2020.09.24,12:37,119000,119000,119000,119000,1
2020.09.24,12:40,119100,119100,119100,119100,1
2020.09.24,12:44,119200,119200,119100,119100,2
2020.09.24,12:45,119000,119000,119000,119000,1
2020.09.24,12:47,119100,119100,119100,119100,1
2020.09.24,12:48,119200,119200,119100,119100,6
2020.09.24,12:50,119200,119200,119200,119200,1
2020.09.24,12:51,119300,119300,119300,119300,1
2020.09.24,12:52,119400,119500,119400,119400,3
2020.09.24,12:53,119300,119400,119300,119400,2
2020.09.24,12:54,119300,119800,119300,119800,6
2020.09.24,12:55,119700,119800,119600,119700,7
2020.09.24,12:56,119900,120000,119900,120000,4
2020.09.24,12:57,119800,119800,119700,119800,3
2020.09.24,12:58,119900,119900,119900,119900,1
2020.09.24,12:59,119800,120000,119800,120000,5
2020.09.24,13:00,120100,120300,119800,119900,8
2020.09.24,13:01,119800,119800,119800,119800,1
2020.09.24,13:02,119700,120000,119700,119700,4
2020.09.24,13:03,120000,120000,119900,120000,3
2020.09.24,13:04,119900,119900,119700,119700,3
2020.09.24,13:05,119900,119900,119800,119800,2
2020.09.24,13:06,119900,120000,119900,120000,2
2020.09.24,13:07,119900,120000,119900,119900,7
2020.09.24,13:08,120000,120100,120000,120100,2
2020.09.24,13:09,120000,120200,120000,120000,3
2020.09.24,13:10,120300,120500,120100,120400,5
2020.09.24,13:11,120500,120500,120200,120500,3
2020.09.24,13:12,120300,120300,120100,120300,5
2020.09.24,13:13,120100,120500,120100,120500,8
2020.09.24,13:14,120400,120700,120400,120500,6
2020.09.24,13:15,120700,120900,120500,120700,6
2020.09.24,13:16,120800,121000,120800,121000,7
2020.09.24,13:17,120700,121900,120700,121500,12
2020.09.24,13:18,121000,122000,120800,121700,7
2020.09.24,13:19,121500,121500,121000,121000,5
2020.09.24,13:20,120900,122000,120900,121600,8
2020.09.24,13:21,121500,121600,121400,121400,5
2020.09.24,13:22,121500,121900,121500,121700,10
2020.09.24,13:23,121600,121700,121400,121500,6
2020.09.24,13:24,121300,121400,121200,121400,3
2020.09.24,13:25,121200,122000,121000,121200,8
2020.09.24,13:26,121600,121800,121200,121700,8
2020.09.24,13:27,122000,122400,122000,122400,5
2020.09.24,13:28,122500,122500,122000,122100,6
2020.09.24,13:29,122200,123600,122200,123300,8
2020.09.24,13:30,123200,124000,123200,124000,14
2020.09.24,13:31,123600,124000,123500,124000,9
2020.09.24,13:32,123700,123700,123700,123700,1
2020.09.24,13:33,123200,124000,123200,123500,5
2020.09.24,13:34,123800,123800,123800,123800,1
2020.09.24,13:35,123900,124000,123200,123200,9
2020.09.24,13:36,123400,123800,123300,123800,4
2020.09.24,13:37,123700,123700,123100,123100,2
2020.09.24,13:38,123600,123600,123000,123300,6
2020.09.24,13:39,123000,123600,123000,123300,6
2020.09.24,13:40,123200,123700,123200,123700,11
2020.09.24,13:41,123800,123800,123400,123500,4
2020.09.24,13:42,123400,123400,123400,123400,1
2020.09.24,13:43,123300,123300,123200,123200,2
2020.09.24,13:44,123100,123200,123100,123200,2
2020.09.24,13:45,123400,123400,123400,123400,1
2020.09.24,13:46,123500,123500,123300,123300,3
2020.09.24,13:47,123200,123200,123000,123000,3
2020.09.24,13:48,122700,122800,122500,122800,7
2020.09.24,13:49,122700,122700,122500,122500,2
2020.09.24,13:50,122400,123100,122400,123100,5
2020.09.24,13:51,122800,123000,122700,122800,5
2020.09.24,13:52,122900,123000,122900,123000,2
2020.09.24,13:53,123200,123200,123200,123200,1
2020.09.24,13:54,123100,123500,123100,123500,4
2020.09.24,13:55,123300,123300,123000,123000,6
2020.09.24,13:57,123200,123300,123200,123300,2
2020.09.24,13:58,123100,123200,123100,123200,2
2020.09.24,13:59,123100,123100,123000,123000,2
2020.09.24,14:00,123100,123100,122800,122900,6
2020.09.24,14:01,122800,123000,122800,123000,5
2020.09.24,14:02,123100,123100,122900,123000,3
2020.09.24,14:03,123100,123100,123100,123100,1
2020.09.24,14:04,123000,123100,123000,123100,2
2020.09.24,14:06,122900,122900,122300,122300,8
2020.09.24,14:07,122200,122500,122200,122400,11
2020.09.24,14:08,122500,122500,122400,122400,2
2020.09.24,14:09,122500,122700,122500,122700,2
2020.09.24,14:10,122800,122900,122800,122800,3
2020.09.24,14:11,122700,122800,122700,122800,2
2020.09.24,14:12,122900,122900,122800,122900,3
2020.09.24,14:13,122800,123100,122800,123000,5
2020.09.24,14:14,122900,122900,122900,122900,1
2020.09.24,14:16,123000,123000,123000,123000,1
2020.09.24,14:17,122900,122900,122800,122800,2
2020.09.24,14:18,122900,122900,122900,122900,1
2020.09.24,14:19,123200,123300,123200,123300,4
2020.09.24,14:20,123500,124000,123500,124000,6
2020.09.24,14:25,123800,124000,123200,123400,11
2020.09.24,14:26,123300,124000,123300,123900,6
2020.09.24,14:27,124000,124000,123600,124000,4
2020.09.24,14:28,123800,124000,123500,123500,7
2020.09.24,14:29,124000,124000,123500,123600,4
2020.09.24,14:30,123500,123500,123100,123200,4
2020.09.24,14:31,123500,123600,123500,123600,2
2020.09.24,14:32,123400,123400,123300,123300,2
2020.09.24,14:33,123500,123700,123300,123400,5
2020.09.24,14:34,123800,123800,123800,123800,1
2020.09.24,14:35,123400,123500,123400,123500,2
2020.09.24,14:36,123700,123700,123500,123500,2
2020.09.24,14:39,123700,123700,123500,123500,4
2020.09.24,14:41,123600,123900,123600,123900,5
2020.09.24,14:42,123800,124000,123500,123900,7
2020.09.24,14:43,123500,123500,123100,123100,5
2020.09.24,14:44,123000,123000,122900,122900,2
2020.09.24,14:45,123300,123300,122900,123000,3
2020.09.24,14:46,123300,123300,123000,123100,3
2020.09.24,14:47,123000,123000,123000,123000,1
2020.09.24,14:48,122800,123000,122800,123000,2
2020.09.24,14:49,122700,122900,122700,122900,2
2020.09.24,14:50,122700,122800,122700,122800,2
2020.09.24,14:51,122700,122800,122700,122800,4
2020.09.24,14:52,122900,122900,122900,122900,1
2020.09.24,14:53,123000,123400,123000,123400,5
2020.09.24,14:54,123300,123300,123000,123300,5
2020.09.24,14:56,123200,123200,123000,123000,5
2020.09.24,14:57,123100,123100,123100,123100,1
2020.09.24,14:58,123000,123100,123000,123100,2
2020.09.24,14:59,123200,123200,123100,123100,2
2020.09.26,10:41,124900,125000,124900,125000,2
2020.09.26,10:42,125100,125700,125000,125700,9
2020.09.26,10:43,125400,125700,124700,124700,10
2020.09.26,10:44,125000,125300,124700,125300,7
2020.09.26,10:45,125200,125200,124600,124900,8
2020.09.26,10:46,124800,124900,124800,124900,2
2020.09.26,10:47,124800,125300,124800,125300,11
2020.09.26,10:48,125400,125500,125000,125200,4
2020.09.26,10:49,125100,125400,125000,125400,5
2020.09.26,10:50,125600,126400,125600,126300,20
2020.09.26,10:51,126200,126200,125900,125900,5
2020.09.26,10:52,125700,126000,125500,125700,5
2020.09.26,10:53,125500,125500,125100,125200,14
2020.09.26,10:54,125300,125300,124800,125000,6
2020.09.26,10:55,124900,125300,124900,125200,5
2020.09.26,10:56,125100,125400,125100,125400,5
2020.09.26,10:57,125200,125200,124900,125000,5
2020.09.26,10:58,124900,125000,124200,124200,10
2020.09.26,10:59,124100,124400,124000,124000,11
2020.09.26,11:00,124100,124400,124000,124100,12
2020.09.26,11:01,124300,124300,123700,123700,11
2020.09.26,11:02,123600,124200,123600,124200,6
2020.09.26,11:03,124300,124300,124300,124300,1
2020.09.26,11:04,124200,124200,124000,124200,6
2020.09.26,11:06,124300,124500,124200,124500,4
2020.09.26,11:07,124400,124500,124200,124200,5
2020.09.26,11:08,124300,124300,124300,124300,1
2020.09.26,11:09,124400,124400,124200,124200,4
2020.09.26,11:10,124000,124200,124000,124000,3
2020.09.26,11:11,123800,123800,123300,123500,12
2020.09.26,11:12,123700,123700,123700,123700,1
2020.09.26,11:13,123900,123900,123700,123700,2
2020.09.26,11:14,123800,124000,123800,124000,3
2020.09.26,11:15,124200,124200,123900,124000,3
2020.09.26,11:16,123900,123900,123900,123900,1
2020.09.26,11:18,123800,123900,123800,123900,2
2020.09.26,11:19,124000,124000,124000,124000,1
2020.09.26,11:20,123900,123900,123800,123800,2
2020.09.26,11:21,123900,123900,123700,123800,3
2020.09.26,11:22,123900,123900,123900,123900,1
2020.09.26,11:23,124000,124100,124000,124000,3
2020.09.26,11:24,124100,124100,124100,124100,1
2020.09.26,11:25,124200,124300,124200,124300,2
2020.09.26,11:26,124200,124200,124200,124200,1
2020.09.26,11:27,124100,124200,124100,124200,2
2020.09.26,11:28,124100,124100,124000,124000,2
2020.09.26,11:29,123900,123900,123900,123900,1
2020.09.26,11:30,123700,123700,123600,123700,3
2020.09.26,11:31,123600,123600,123600,123600,1
2020.09.26,11:32,123700,123700,123100,123400,12
2020.09.26,11:33,123200,123500,123100,123500,6
2020.09.26,11:34,123400,123500,123400,123500,2
2020.09.26,11:35,123200,123500,123200,123300,4
2020.09.26,11:36,123200,123500,123100,123500,7
2020.09.26,11:37,123300,123500,123300,123400,4
2020.09.26,11:38,123200,123200,123200,123200,1
2020.09.26,11:39,123100,123100,123100,123100,1
2020.09.26,11:40,123000,123100,123000,123100,2
2020.09.26,11:41,123200,123200,123200,123200,1
2020.09.26,11:42,123100,123200,123100,123200,4
2020.09.26,11:43,123500,123600,123500,123500,3
2020.09.26,11:44,123800,123800,123500,123800,5
2020.09.26,11:45,123500,123700,123400,123400,5
2020.09.26,11:46,123500,123500,123400,123400,2
2020.09.26,11:47,123600,123700,123500,123500,3
2020.09.26,11:48,123400,123500,123400,123500,4
2020.09.26,11:49,123700,123800,123700,123700,3
2020.09.26,11:50,123800,123800,123800,123800,1
2020.09.26,11:51,123900,124000,123900,124000,2
2020.09.26,11:53,124100,124100,124100,124100,1
2020.09.26,11:54,124200,124200,124000,124000,2
2020.09.26,11:56,123900,124000,123900,124000,2
2020.09.26,11:57,123900,123900,123900,123900,1
2020.09.26,11:58,123700,123700,123700,123700,1
2020.09.26,11:59,123600,123600,123400,123500,3
2020.09.26,12:00,123600,123600,123600,123600,1
2020.09.26,12:01,123700,123900,123500,123500,5
2020.09.26,12:02,123900,124000,123400,124000,3
2020.09.26,12:03,123600,124000,123600,123600,3
2020.09.26,12:06,123900,123900,123900,123900,1
2020.09.26,12:08,124000,124000,124000,124000,1
2020.09.26,12:11,123900,123900,123900,123900,1
2020.09.26,12:14,123800,124000,123800,124000,3
2020.09.26,12:15,124100,124100,124000,124000,2
2020.09.26,12:16,124100,124100,124000,124100,3
2020.09.26,12:17,124000,124000,124000,124000,1
2020.09.26,12:18,124100,124100,124000,124000,2
2020.09.26,12:19,123900,123900,123700,123700,3
2020.09.26,12:21,123800,123800,123800,123800,1
2020.09.26,12:22,123700,123700,123700,123700,1
2020.09.26,12:24,123800,123800,123800,123800,1
2020.09.26,12:26,124100,124100,124100,124100,1
2020.09.26,12:27,124000,124200,124000,124200,3
2020.09.26,12:28,124100,124200,124100,124100,3
2020.09.26,12:33,124000,124000,124000,124000,1
2020.09.26,12:34,124200,124200,124200,124200,1
2020.09.26,12:36,124300,124500,124300,124500,2
2020.09.26,12:37,124700,124700,124700,124700,1
2020.09.26,12:38,124600,124700,124600,124600,3
2020.09.26,12:39,124500,124500,124200,124200,4
2020.09.26,12:40,124300,124400,124300,124300,3
2020.09.26,12:41,124200,124200,124200,124200,1
2020.09.26,12:42,124300,124300,124200,124200,2
2020.09.26,12:43,124300,124300,124300,124300,1
2020.09.26,12:44,124400,124400,124400,124400,1
2020.09.26,12:45,124500,124500,124300,124300,3
2020.09.26,12:46,124400,124400,124300,124300,2
2020.09.26,12:47,124200,124300,124100,124300,3
2020.09.26,12:48,124400,124400,124400,124400,1
2020.09.26,12:49,124300,124300,124300,124300,1
2020.09.26,12:50,124400,124400,124300,124300,2
2020.09.26,12:51,124400,124500,124400,124500,2
2020.09.26,12:52,124800,124800,124700,124800,3
2020.09.26,12:53,124900,125200,124900,125200,2
2020.09.26,12:54,125300,125300,124700,125000,5
2020.09.26,12:55,125100,125500,125100,125400,7
2020.09.26,12:56,125500,125500,125000,125000,13
2020.09.26,12:57,125200,125200,125000,125100,8
2020.09.26,12:58,124900,124900,124700,124900,4
2020.09.26,12:59,124800,125300,124800,125100,10
2020.09.26,13:00,125200,125900,125200,125800,9
2020.09.26,13:01,125700,125800,125600,125600,6
2020.09.26,13:02,125500,125700,125500,125700,7
2020.09.26,13:03,125800,126500,125800,126400,12
2020.09.26,13:04,126700,126700,126300,126300,9
2020.09.26,13:05,126400,126400,126000,126000,3
2020.09.26,13:06,126200,126600,126200,126600,10
2020.09.26,13:07,126800,127500,126800,127400,11
2020.09.26,13:08,127600,129700,127500,129700,20
2020.09.26,13:09,129000,129700,128700,128900,9
2020.09.26,13:10,129500,129500,128900,128900,10
2020.09.26,13:11,128800,129300,128700,129000,13
2020.09.26,13:12,128900,129300,128700,128800,11
2020.09.26,13:13,128700,128800,128300,128600,12
2020.09.26,13:14,128400,129200,128400,129200,9
2020.09.26,13:15,129100,129100,129000,129000,4
2020.09.26,13:16,129200,129300,129000,129000,8
2020.09.26,13:17,129100,129100,128900,129000,5
2020.09.26,13:18,128900,128900,128600,128700,7
2020.09.26,13:19,129000,129500,128700,129300,5
2020.09.26,13:20,129400,129400,128800,128800,2
2020.09.26,13:21,128700,128700,128600,128600,4
2020.09.26,13:22,128500,129100,128500,129000,7
2020.09.26,13:23,129100,129100,129000,129000,2
2020.09.26,13:24,128900,128900,128900,128900,1
2020.09.26,13:25,128800,129200,128700,128800,7
2020.09.26,13:26,128700,128700,128300,128300,3
2020.09.26,13:27,128600,128900,128600,128800,4
2020.09.26,13:28,128500,128800,128500,128800,4
2020.09.26,13:29,128700,128900,128700,128800,3
2020.09.26,13:30,128700,128700,128500,128500,3
2020.09.26,13:31,128400,128400,128200,128200,5
2020.09.26,13:32,128100,128500,128100,128500,6
2020.09.26,13:33,128600,128600,128400,128500,6
2020.09.26,13:34,128300,128600,128300,128600,5
2020.09.26,13:35,128700,128800,128700,128800,2
2020.09.26,13:36,128900,128900,128900,128900,1
2020.09.26,13:37,129000,129000,128900,129000,3
2020.09.26,13:38,129200,129300,129200,129300,2
2020.09.26,13:39,129200,129500,129100,129500,4
2020.09.26,13:40,129400,129500,129300,129300,4
2020.09.26,13:41,129400,129400,129200,129200,2
2020.09.26,13:42,129300,129300,129200,129300,5
2020.09.26,13:43,129200,129200,129000,129000,3
2020.09.26,13:44,129200,129200,129100,129100,2
2020.09.26,13:45,129200,129200,129200,129200,1
2020.09.26,13:46,129300,129300,129300,129300,1
2020.09.26,13:48,129200,129200,129100,129100,2
2020.09.26,13:49,129000,129000,129000,129000,1
2020.09.26,13:51,129100,129200,129100,129200,2
2020.09.26,13:52,129100,129200,129100,129200,2
2020.09.26,13:53,129000,129000,129000,129000,1
2020.09.26,13:54,128900,128900,128900,128900,1
2020.09.26,13:55,129100,129100,129100,129100,1
2020.09.26,13:56,129200,129200,129200,129200,1
2020.09.26,13:57,129100,129100,129100,129100,1
2020.09.26,13:59,129000,129000,129000,129000,1
2020.09.26,14:02,128900,128900,128800,128900,3
2020.09.26,14:03,129000,129000,128900,128900,2
2020.09.26,14:05,128800,128800,128800,128800,1
2020.09.26,14:06,128900,128900,128600,128600,6
2020.09.26,14:07,128700,128700,128600,128600,2
2020.09.26,14:08,128500,128600,128500,128600,4
2020.09.26,14:09,128500,128600,128500,128500,3
2020.09.26,14:11,128400,128500,128300,128400,5
2020.09.26,14:12,128600,128600,127900,128000,9
2020.09.26,14:13,128400,128400,128400,128400,1
2020.09.26,14:14,128600,128600,128600,128600,1
2020.09.26,14:15,128700,128700,128400,128400,2
2020.09.26,14:16,128600,128600,128400,128400,2
2020.09.26,14:17,128300,128400,128300,128300,3
2020.09.26,14:18,128400,128400,128400,128400,1
2020.09.26,14:19,128500,128500,128500,128500,1
2020.09.26,14:20,128400,128500,128400,128500,2
2020.09.26,14:21,128600,128700,128600,128700,2
2020.09.26,14:22,128800,128800,128800,128800,1
2020.09.26,14:23,128700,128800,128700,128800,2
2020.09.26,14:24,128900,128900,128700,128700,2
2020.09.26,14:25,129000,129100,129000,129000,3
2020.09.26,14:26,129100,129200,129100,129200,2
2020.09.26,14:27,129300,129700,129100,129700,7
2020.09.26,14:28,129600,129700,129600,129700,6
2020.09.26,14:29,129600,129700,129600,129700,2
2020.09.26,14:35,129600,129700,129600,129600,3
2020.09.26,14:36,129700,129700,129600,129700,3
2020.09.26,14:37,129600,129600,129600,129600,1
2020.09.26,14:38,129500,129500,129400,129500,5
2020.09.26,14:39,129300,129600,129300,129600,6
2020.09.26,14:40,129700,129700,129700,129700,1
2020.09.26,14:49,129600,129600,129600,129600,1
2020.09.26,14:50,129700,129700,129700,129700,1
2020.09.27,10:30,130800,131300,130800,131200,18
2020.09.27,10:31,130900,130900,129800,130000,11
2020.09.27,10:32,129100,130000,129100,130000,12
2020.09.27,10:33,129900,130000,129500,129600,9
2020.09.27,10:34,129500,130000,129500,130000,8
2020.09.27,10:35,130100,130100,129600,129800,13
2020.09.27,10:36,129700,129700,129200,129400,9
2020.09.27,10:37,129500,129700,129300,129300,6
2020.09.27,10:38,129200,129300,128400,128400,12
2020.09.27,10:39,128500,129000,128500,128800,17
2020.09.27,10:40,128900,129200,128800,129200,12
2020.09.27,10:41,129000,129300,129000,129100,7
2020.09.27,10:42,129200,129300,129100,129300,7
2020.09.27,10:43,129100,129300,129100,129200,3
2020.09.27,10:44,129300,129300,129200,129300,3
2020.09.27,10:45,129400,129500,129300,129500,4
2020.09.27,10:46,129400,129600,129400,129400,8
2020.09.27,10:47,129500,129800,129500,129800,4
2020.09.27,10:48,129900,130200,129800,130200,5
2020.09.27,10:49,130300,130300,129800,129800,9
2020.09.27,10:50,129600,129600,129000,129000,7
2020.09.27,10:51,129100,129100,128900,128900,5
2020.09.27,10:52,128800,128800,128200,128200,11
2020.09.27,10:53,128300,128400,128100,128400,6
2020.09.27,10:54,128500,128500,128000,128000,12
2020.09.27,10:55,127900,128300,127800,128300,10
2020.09.27,10:56,128400,128400,128200,128400,7
2020.09.27,10:57,128200,128600,128200,128600,5
2020.09.27,10:58,128400,128500,128400,128400,3
2020.09.27,10:59,128300,128300,128100,128200,3
2020.09.27,11:00,128100,128100,127600,127800,13
2020.09.27,11:01,127700,127700,127100,127300,14
2020.09.27,11:02,127400,127400,125500,125500,21
2020.09.27,11:03,125100,125100,122900,124000,19
2020.09.27,11:04,123600,124700,123400,124000,14
2020.09.27,11:05,124600,124600,124200,124400,19
2020.09.27,11:06,124300,124500,124200,124400,7
2020.09.27,11:07,124500,124500,123600,124000,14
2020.09.27,11:08,124100,124100,123900,124100,9
2020.09.27,11:09,123900,124500,123900,124400,9
2020.09.27,11:10,124500,124600,124300,124400,7
2020.09.27,11:11,124300,124300,124300,124300,1
2020.09.27,11:12,124200,124200,123700,123700,9
2020.09.27,11:13,123600,123900,123400,123600,16
2020.09.27,11:14,123500,123600,123300,123300,10
2020.09.27,11:15,123200,123500,123200,123300,13
2020.09.27,11:16,123400,123900,123400,123900,8
2020.09.27,11:17,124000,124000,123700,123700,2
2020.09.27,11:18,123600,124000,123500,124000,6
2020.09.27,11:19,124200,124400,124000,124400,5
2020.09.27,11:20,124500,124800,124500,124800,11
2020.09.27,11:21,124700,124900,124500,124600,6
2020.09.27,11:22,124800,124800,124000,124300,8
2020.09.27,11:23,123900,124400,123900,124400,5
2020.09.27,11:24,124500,124500,124200,124200,2
2020.09.27,11:25,124100,124600,124100,124600,6
2020.09.27,11:26,124800,125500,124400,125100,13
2020.09.27,11:27,124800,124800,124500,124500,4
2020.09.27,11:28,124800,124900,124600,124700,5
2020.09.27,11:29,124600,124900,124100,124100,12
2020.09.27,11:30,124200,124300,124000,124000,4
2020.09.27,11:31,123900,124000,123800,123900,5
2020.09.27,11:32,123700,124000,123400,124000,10
2020.09.27,11:33,124400,124400,123800,123900,5
2020.09.27,11:34,123800,124000,123800,124000,3
2020.09.27,11:35,123900,124000,123900,124000,2
2020.09.27,11:36,123800,124000,123800,123800,4
2020.09.27,11:37,124100,124700,124100,124700,9
2020.09.27,11:38,124500,125100,124500,124700,13
2020.09.27,11:39,125100,125500,124500,124800,11
2020.09.27,11:40,125100,125100,124800,125000,7
2020.09.27,11:41,125100,125100,124700,124700,5
2020.09.27,11:42,124800,125100,124700,125100,13
2020.09.27,11:43,125200,125200,125100,125200,3
2020.09.27,11:44,125100,125100,124700,125000,5
2020.09.27,11:45,124800,125000,124700,125000,8
2020.09.27,11:46,124900,125000,124700,125000,7
2020.09.27,11:47,125200,125300,125100,125100,4
2020.09.27,11:48,125200,125300,125000,125300,6
2020.09.27,11:49,125100,125700,125100,125500,8
2020.09.27,11:50,125400,125400,125200,125200,7
2020.09.27,11:51,125500,125500,125400,125400,2
2020.09.27,11:52,125600,125800,125600,125800,6
2020.09.27,11:53,125900,125900,125500,125500,5
2020.09.27,11:54,125400,125400,125100,125200,5
2020.09.27,11:55,125300,125300,124900,125000,8
2020.09.27,11:56,124800,125000,124800,125000,2
2020.09.27,11:58,125100,125200,125000,125200,4
2020.09.27,11:59,125100,125300,125000,125000,4
2020.09.27,12:00,124900,125000,124800,124900,8
2020.09.27,12:01,125000,125000,125000,125000,1
2020.09.27,12:02,125100,125400,125100,125400,7
2020.09.27,12:03,125100,125200,125100,125100,3
2020.09.27,12:04,125200,125200,125200,125200,1
2020.09.27,12:07,125300,125300,125300,125300,1
2020.09.27,12:08,125100,125100,125100,125100,1
2020.09.27,12:09,125200,125300,125200,125300,2
2020.09.27,12:10,125500,125500,125500,125500,1
2020.09.27,12:11,125600,125600,125600,125600,1
2020.09.27,12:12,125700,126000,125600,126000,6
2020.09.27,12:13,125700,125700,125600,125600,2
2020.09.27,12:14,125500,125600,125500,125500,3
2020.09.27,12:15,125600,125600,125300,125300,3
2020.09.27,12:16,125400,125500,125400,125500,2
2020.09.27,12:19,125600,125700,125600,125600,3
2020.09.27,12:20,125700,125700,125600,125600,2
2020.09.27,12:21,125700,125700,125600,125600,2
2020.09.27,12:24,125400,125500,125400,125500,2
2020.09.27,12:25,125400,125500,125400,125500,2
2020.09.27,12:26,125300,125300,125000,125000,3
2020.09.27,12:27,124900,124900,124400,124500,8
2020.09.27,12:28,124600,125200,124500,125200,6
2020.09.27,12:29,125000,125000,124800,124900,6
2020.09.27,12:30,125000,125100,125000,125000,5
2020.09.27,12:31,124900,125100,124900,125100,3
2020.09.27,12:32,125200,125200,125000,125000,3
2020.09.27,12:33,125100,125100,124900,124900,3
2020.09.27,12:34,124800,124800,124800,124800,1
2020.09.27,12:35,124700,124700,124500,124500,3
2020.09.27,12:36,124400,124500,124200,124200,7
2020.09.27,12:37,124100,124300,124000,124300,10
2020.09.27,12:38,124400,124400,124400,124400,1
2020.09.27,12:39,124500,124500,124500,124500,1
2020.09.27,12:41,124600,124700,124600,124700,2
2020.09.27,12:42,124600,124600,124600,124600,1
2020.09.27,12:43,124700,124700,124700,124700,1
2020.09.27,12:44,124600,124600,124600,124600,1
2020.09.27,12:46,124700,124700,124700,124700,1
2020.09.27,12:48,124800,124800,124700,124700,2
2020.09.27,12:49,124600,124600,124600,124600,1
2020.09.27,12:52,124500,124500,124500,124500,1
2020.09.27,12:53,124400,124400,124400,124400,1
2020.09.27,12:54,124500,124500,124500,124500,1
2020.09.27,12:56,124600,124600,124600,124600,1
2020.09.27,12:57,124700,124700,124700,124700,1
2020.09.27,12:58,124800,124900,124800,124900,2
2020.09.27,13:00,124800,124800,124800,124800,1
2020.09.27,13:01,124900,124900,124800,124800,2
2020.09.27,13:04,125000,125000,125000,125000,1
2020.09.27,13:05,125300,125400,125200,125400,5
2020.09.27,13:06,125300,125300,125100,125100,2
2020.09.27,13:07,125200,125400,125100,125400,5
2020.09.27,13:08,125300,125500,125200,125500,5
2020.09.27,13:09,125400,125600,125400,125400,5
2020.09.27,13:10,125300,125300,125200,125200,2
2020.09.27,13:11,125100,125300,125100,125300,3
2020.09.27,13:12,125400,125400,125300,125400,3
2020.09.27,13:13,125300,125300,125100,125200,3
2020.09.27,13:15,125300,125300,125300,125300,1
2020.09.27,13:17,125200,125500,125200,125500,3
2020.09.27,13:18,125600,125600,125600,125600,1
2020.09.27,13:19,125700,126500,125700,126300,16
2020.09.27,13:20,126200,126300,125800,125900,13
2020.09.27,13:21,126000,126000,126000,126000,1
2020.09.27,13:22,126100,126100,126000,126000,2
2020.09.27,13:23,126100,126100,126100,126100,1
2020.09.27,13:24,126000,126000,125800,125800,3
2020.09.27,13:25,125700,125700,125500,125700,5
2020.09.27,13:27,125600,125600,125600,125600,1
2020.09.27,13:28,125700,125800,125700,125800,2
2020.09.27,13:30,125700,125700,125300,125500,7
2020.09.27,13:31,125600,125700,125500,125500,4
2020.09.27,13:33,125700,125700,125700,125700,1
2020.09.27,13:34,125600,125600,125500,125500,2
2020.09.27,13:35,125400,125500,125400,125400,3
2020.09.27,13:36,125500,125600,125500,125500,3
2020.09.27,13:37,125400,125400,125400,125400,1
2020.09.27,13:39,125500,125500,125500,125500,1
2020.09.27,13:40,125400,125400,125300,125300,2
2020.09.27,13:41,125100,125100,125100,125100,1
2020.09.27,13:42,124900,125000,124800,124800,6
2020.09.27,13:43,125000,125000,124600,124700,6
2020.09.27,13:44,124600,124700,124500,124500,4
2020.09.27,13:45,124600,124600,124200,124200,5
2020.09.27,13:46,124300,124400,124300,124400,2
2020.09.27,13:47,124600,124700,124300,124500,6
2020.09.27,13:48,124400,124400,124400,124400,1
2020.09.27,13:49,124500,124600,124500,124600,2
2020.09.27,13:50,124500,124600,124500,124500,3
2020.09.27,13:51,124400,124600,124400,124600,7
2020.09.27,13:52,124500,124600,124500,124500,3
2020.09.27,13:53,124400,124400,124400,124400,1
2020.09.27,13:54,124100,124200,124000,124200,4
2020.09.27,13:55,124100,124100,123400,123600,15
2020.09.27,13:56,123500,123600,123400,123600,9
2020.09.27,13:57,123500,123500,123300,123300,3
2020.09.27,13:58,123200,123500,123000,123500,10
2020.09.27,13:59,123600,123700,123500,123700,4
2020.09.27,14:00,124200,124200,124000,124200,3
2020.09.27,14:01,124000,124200,123900,124100,5
2020.09.27,14:02,124200,124200,123900,123900,3
2020.09.27,14:03,123800,124000,123800,124000,5
2020.09.27,14:04,124100,124200,124000,124000,4
2020.09.27,14:05,124300,124300,124100,124300,4
2020.09.27,14:06,124100,124100,124100,124100,1
2020.09.27,14:07,124200,124300,124200,124300,2
2020.09.27,14:08,124200,124300,124200,124300,2
2020.09.27,14:09,124200,124200,124000,124000,3
2020.09.27,14:10,123900,123900,123800,123800,2
2020.09.27,14:11,123700,123900,123700,123900,2
2020.09.27,14:12,124000,124000,123900,123900,2
2020.09.27,14:14,123700,123900,123700,123900,2
2020.09.27,14:15,123800,123800,123700,123700,2
2020.09.27,14:16,123600,123700,123500,123500,4
2020.09.27,14:17,123300,123500,123100,123300,8
2020.09.27,14:18,123400,123500,123300,123400,8
2020.09.27,14:19,123500,123500,123400,123400,2
2020.09.27,14:20,123500,123500,123500,123500,1
2020.09.27,14:21,123600,123600,123600,123600,1
2020.09.27,14:22,123500,123600,123400,123500,4
2020.09.27,14:23,123400,123400,123200,123300,5
2020.09.27,14:24,123400,123400,123400,123400,1
2020.09.27,14:25,123300,123400,123300,123400,2
2020.09.27,14:26,123500,123500,123500,123500,1
2020.09.27,14:28,123600,123800,123500,123700,6
2020.09.27,14:29,123600,123700,123600,123700,2
2020.09.27,14:30,123800,123800,123800,123800,1
2020.09.27,14:31,123900,124000,123800,124000,3
2020.09.27,14:32,123700,123800,123700,123800,2
2020.09.27,14:33,123700,123800,123700,123800,2
2020.09.27,14:34,123700,123800,123700,123800,2
2020.09.27,14:35,123900,124000,123900,124000,4
2020.09.27,14:36,123900,124100,123900,124000,6
2020.09.27,14:37,123900,124000,123900,124000,2
2020.09.27,14:38,123900,123900,123900,123900,1
2020.09.27,14:39,123700,123700,123400,123500,9
2020.09.27,14:40,123600,123600,123500,123500,2
2020.09.27,14:41,123600,123700,123500,123500,4
2020.09.27,14:42,123400,123400,123400,123400,1
2020.09.27,14:43,123500,123600,123500,123500,3
2020.09.27,14:44,123400,123400,123400,123400,1
2020.09.27,14:45,123300,123400,123200,123300,4
2020.09.27,14:46,123500,123500,123000,123200,17
2020.09.27,14:47,123000,123000,122800,122800,7
2020.09.27,14:54,123000,123000,123000,123000,1
2020.09.27,14:58,122900,122900,122900,122900,1
2020.09.27,14:59,122800,122800,122800,122800,1
2020.09.28,10:30,120700,121200,120600,121000,17
2020.09.28,10:31,121200,121300,120800,121000,12
2020.09.28,10:32,120900,121300,120900,121000,9
2020.09.28,10:33,120900,120900,120000,120100,9
2020.09.28,10:34,120200,120900,120200,120900,8
2020.09.28,10:35,120600,121100,120600,121100,6
2020.09.28,10:36,121200,121600,121100,121200,16
2020.09.28,10:37,121300,121600,121300,121600,3
2020.09.28,10:38,121700,121900,121300,121300,9
2020.09.28,10:39,121400,121400,121200,121200,3
2020.09.28,10:40,121100,121100,120800,121000,4
2020.09.28,10:41,121100,121300,120800,121300,8
2020.09.28,10:42,121500,121700,121500,121500,5
2020.09.28,10:43,121300,121300,120900,120900,5
2020.09.28,10:44,121000,121400,121000,121400,5
2020.09.28,10:45,120900,121800,120900,121600,9
2020.09.28,10:46,121700,122000,121700,121800,11
2020.09.28,10:47,121700,122100,121600,122100,5
2020.09.28,10:48,122200,122200,121700,121700,6
2020.09.28,10:49,121900,122000,121700,121900,4
2020.09.28,10:50,121800,121800,121800,121800,1
2020.09.28,10:51,122000,122000,121800,121800,3
2020.09.28,10:52,121700,121700,121400,121500,8
2020.09.28,10:53,121600,121600,121500,121500,2
2020.09.28,10:54,121600,121600,121200,121300,5
2020.09.28,10:55,121500,121500,120200,120200,7
2020.09.28,10:56,120300,121000,120100,120100,8
2020.09.28,10:57,120000,120000,119100,119500,16
2020.09.28,10:58,119000,119300,117500,118600,21
2020.09.28,10:59,118300,118800,118300,118700,8
2020.09.28,11:00,118400,118900,118000,118800,14
2020.09.28,11:01,119000,119000,118100,118600,10
2020.09.28,11:02,118700,119100,118700,119100,4
2020.09.28,11:03,119000,119300,118800,119000,11
2020.09.28,11:04,118800,118800,118500,118500,4
2020.09.28,11:05,118400,118400,118000,118100,10
2020.09.28,11:06,118300,118300,117900,117900,4
2020.09.28,11:07,117800,118200,117800,118100,8
2020.09.28,11:08,118000,118200,118000,118200,5
2020.09.28,11:09,118300,118600,118300,118600,4
2020.09.28,11:10,118700,119000,118500,118700,5
2020.09.28,11:11,118600,118700,118600,118600,3
2020.09.28,11:12,118500,118600,118500,118600,4
2020.09.28,11:13,118700,118700,118700,118700,1
2020.09.28,11:14,118900,119200,118900,119100,4
2020.09.28,11:15,119200,119400,119100,119300,13
2020.09.28,11:16,119100,119100,118800,118900,5
2020.09.28,11:17,118800,119000,118800,119000,5
2020.09.28,11:18,118900,119100,118800,119100,4
2020.09.28,11:19,119200,119300,119200,119200,5
2020.09.28,11:20,119100,119100,118900,118900,3
2020.09.28,11:21,119100,119100,118900,119000,6
2020.09.28,11:22,118900,119000,118800,119000,4
2020.09.28,11:23,118800,119000,118800,119000,3
2020.09.28,11:24,118900,118900,118500,118500,8
2020.09.28,11:25,118400,118600,118400,118600,5
2020.09.28,11:26,118900,118900,118700,118700,2
2020.09.28,11:27,118900,118900,118600,118600,3
2020.09.28,11:28,118700,118700,118700,118700,1
2020.09.28,11:29,118800,118800,118400,118400,5
2020.09.28,11:30,118300,118400,118200,118200,7
2020.09.28,11:31,118300,118500,118300,118500,3
2020.09.28,11:32,118700,118800,118500,118500,3
2020.09.28,11:35,118700,118900,118700,118800,4
2020.09.28,11:36,118900,118900,118800,118800,2
2020.09.28,11:37,118700,118700,118700,118700,1
2020.09.28,11:38,118800,119100,118700,119100,6
2020.09.28,11:40,119000,119000,119000,119000,1
2020.09.28,11:41,118900,118900,118900,118900,1
2020.09.28,11:42,119000,119000,118900,118900,2
2020.09.28,11:45,119000,119000,119000,119000,1
2020.09.28,11:50,119100,119100,119100,119100,1
2020.09.28,11:51,119300,119500,119300,119400,4
2020.09.28,11:53,119300,119400,119200,119200,4
2020.09.28,11:55,119100,120000,119100,120000,8
2020.09.28,11:56,120100,120300,119600,119900,11
2020.09.28,11:57,119800,119800,119500,119600,6
2020.09.28,11:58,119500,119500,119300,119500,5
2020.09.28,11:59,119400,119400,119400,119400,1
2020.09.28,12:00,119500,119500,119300,119300,4
2020.09.28,12:01,119100,119300,119000,119200,10
2020.09.28,12:04,119300,119300,119200,119200,4
2020.09.28,12:05,119100,119100,119000,119000,2
2020.09.28,12:06,119100,119300,119000,119300,3
2020.09.28,12:07,119200,119200,119000,119100,4
2020.09.28,12:08,119200,119200,119200,119200,1
2020.09.28,12:09,119300,119800,119300,119400,4
2020.09.28,12:10,119300,119300,119100,119300,3
2020.09.28,12:11,119400,120000,119400,120000,3
2020.09.28,12:12,119700,120200,119700,120100,7
2020.09.28,12:14,120000,120000,119600,119600,4
2020.09.28,12:15,119700,119700,119400,119600,5
2020.09.28,12:16,119500,119500,119500,119500,1
2020.09.28,12:17,119300,119300,119200,119200,2
2020.09.28,12:18,119300,119300,119100,119100,3
2020.09.28,12:19,119000,119000,119000,119000,1
2020.09.28,12:20,119100,119200,119000,119200,6
2020.09.28,12:22,119100,119200,119100,119200,2
2020.09.28,12:23,119300,119300,119200,119200,2
2020.09.28,12:24,119000,119100,119000,119100,2
2020.09.28,12:25,119200,119300,119200,119300,2
2020.09.28,12:26,119400,119500,119400,119500,2
2020.09.28,12:27,119600,119800,119500,119800,7
2020.09.28,12:28,119900,120100,119900,120100,4
2020.09.28,12:29,119900,120400,119900,120000,6
2020.09.28,12:30,119900,120000,119800,119800,6
2020.09.28,12:31,119700,119900,119700,119800,4
2020.09.28,12:33,119700,120500,119700,120500,10
2020.09.28,12:34,120100,120300,120000,120000,3
2020.09.28,12:35,119900,119900,119900,119900,1
2020.09.28,12:36,120000,120000,120000,120000,1
2020.09.28,12:37,120200,120200,120000,120100,3
2020.09.28,12:38,120200,120700,120200,120700,8
2020.09.28,12:39,120800,120900,120500,120500,9
2020.09.28,12:40,120700,120700,120400,120600,7
2020.09.28,12:41,120500,120600,120500,120600,2
2020.09.28,12:42,120500,120600,120400,120500,9
2020.09.28,12:43,120400,120400,120400,120400,1
2020.09.28,12:44,120300,120400,120300,120400,2
2020.09.28,12:45,120600,121000,120600,120900,5
2020.09.28,12:46,120800,121200,120800,121100,8
2020.09.28,12:47,121200,121200,121000,121000,5
2020.09.28,12:48,121100,121100,120800,120900,7
2020.09.28,12:49,120700,120800,120700,120800,4
2020.09.28,12:50,120900,120900,120800,120800,2
2020.09.28,12:51,120900,120900,120600,120700,4
2020.09.28,12:52,120800,120800,120400,120400,5
2020.09.28,12:53,120800,120800,120500,120500,2
2020.09.28,12:54,120300,120300,120000,120200,6
2020.09.28,12:55,119900,120000,119800,120000,6
2020.09.28,12:56,119900,120000,119800,119800,7
2020.09.28,12:57,119900,119900,119300,119300,8
2020.09.28,12:58,119400,119400,119200,119400,7
2020.09.28,12:59,119300,119400,119300,119300,3
2020.09.28,13:00,119200,119400,119200,119300,4
2020.09.28,13:01,119200,119300,118800,118800,8
2020.09.28,13:02,118700,118700,118500,118500,5
2020.09.28,13:03,118600,118600,118500,118500,2
2020.09.28,13:04,118600,118900,118600,118900,4
2020.09.28,13:05,118800,118800,118600,118800,5
2020.09.28,13:07,118900,118900,118700,118800,4
2020.09.28,13:08,118900,118900,118900,118900,1
2020.09.28,13:09,118800,118800,118800,118800,1
2020.09.28,13:10,119000,119000,118700,118700,3
2020.09.28,13:11,118800,118800,118700,118800,3
2020.09.28,13:13,118900,118900,118800,118800,2
2020.09.28,13:15,118900,118900,118800,118800,2
2020.09.28,13:16,118600,118600,118400,118400,3
2020.09.28,13:17,118500,118500,118400,118400,2
2020.09.28,13:18,118300,118300,117800,117800,6
2020.09.28,13:19,117700,118000,117400,117500,10
2020.09.28,13:20,117700,117800,117500,117800,5
2020.09.28,13:21,117700,117700,117500,117500,2
2020.09.28,13:22,117600,117700,117500,117500,4
2020.09.28,13:23,117400,117700,117400,117700,8
2020.09.28,13:24,117600,117700,117600,117700,2
2020.09.28,13:26,117800,117800,117800,117800,1
2020.09.28,13:27,117900,118000,117800,117900,7
2020.09.28,13:28,118000,118000,118000,118000,1
2020.09.28,13:29,117900,118300,117900,118200,8
2020.09.28,13:30,118000,118200,118000,118100,4
2020.09.28,13:31,118000,118100,118000,118100,2
2020.09.28,13:32,118000,118200,118000,118200,5
2020.09.28,13:33,118100,118300,118000,118000,8
2020.09.28,13:34,118100,118100,118100,118100,1
2020.09.28,13:35,118000,118100,118000,118000,3
2020.09.28,13:36,118100,118100,118000,118000,2
2020.09.28,13:37,117900,118000,117900,118000,2
2020.09.28,13:38,118100,118100,118100,118100,1
2020.09.28,13:39,118200,118200,118200,118200,1
2020.09.28,13:40,118300,118300,118300,118300,1
2020.09.28,13:41,118200,118200,118000,118000,3
2020.09.28,13:42,117900,117900,117900,117900,1
2020.09.28,13:43,117800,118000,117800,117800,3
2020.09.28,13:44,117700,117700,117500,117600,4
2020.09.28,13:45,117700,117800,117700,117800,2
2020.09.28,13:46,117900,117900,117900,117900,1
2020.09.28,13:47,117800,117800,117800,117800,1
2020.09.28,13:49,117700,117800,117500,117700,6
2020.09.28,13:50,117600,117700,117600,117700,2
2020.09.28,13:51,117600,117700,117600,117600,3
2020.09.28,13:52,117700,117700,117600,117700,3
2020.09.28,13:57,117800,117800,117800,117800,1
2020.09.28,13:59,117900,117900,117800,117800,2
2020.09.28,14:00,117700,117700,117400,117400,4
2020.09.28,14:42,117600,117600,117600,117600,1
2020.09.28,14:43,117400,117700,117400,117700,2
2020.09.28,14:44,117600,117600,117600,117600,1
2020.09.28,14:45,117500,117600,117500,117600,2
2020.09.28,14:47,117500,117500,117400,117400,2
2020.09.29,10:30,116600,117200,116300,116300,13
2020.09.29,10:31,116500,117000,116500,116500,8
2020.09.29,10:32,116600,117000,116500,116900,7
2020.09.29,10:33,117100,117300,116800,117100,7
2020.09.29,10:34,116700,117000,116600,116900,7
2020.09.29,10:35,117000,117000,116300,116300,11
2020.09.29,10:36,116700,116700,115600,115600,6
2020.09.29,10:37,115700,115700,114600,115300,17
2020.09.29,10:38,115100,115500,115100,115200,10
2020.09.29,10:39,115300,115500,115000,115300,9
2020.09.29,10:40,115100,115100,114200,114200,10
2020.09.29,10:41,114400,115000,114200,114500,10
2020.09.29,10:42,115000,115000,114500,114500,2
2020.09.29,10:43,114600,115100,114500,115100,11
2020.09.29,10:44,115200,115400,115100,115100,7
2020.09.29,10:46,115000,115200,115000,115200,2
2020.09.29,10:47,115100,115100,115000,115000,2
2020.09.29,10:48,115300,115400,114900,115400,5
2020.09.29,10:49,115300,115300,115100,115300,3
2020.09.29,10:50,115400,115500,115400,115500,2
2020.09.29,10:51,115600,115600,115300,115300,3
2020.09.29,10:52,115400,115600,115400,115600,4
2020.09.29,10:53,115700,116000,115400,116000,12
2020.09.29,10:54,115800,116000,115600,115800,10
2020.09.29,10:55,116000,116100,116000,116100,2
2020.09.29,10:56,116000,116400,116000,116100,6
2020.09.29,10:57,116000,116000,115800,115800,3
2020.09.29,10:58,115900,115900,115700,115800,4
2020.09.29,10:59,115900,115900,115800,115800,2
2020.09.29,11:00,115700,115700,115400,115400,3
2020.09.29,11:01,115300,115400,115300,115400,2
2020.09.29,11:02,115500,115500,115500,115500,1
2020.09.29,11:03,115400,115500,115400,115400,5
2020.09.29,11:04,115500,115700,115400,115700,4
2020.09.29,11:05,115800,115800,115700,115800,3
2020.09.29,11:06,115700,115700,115500,115500,3
2020.09.29,11:07,115700,115700,115700,115700,1
2020.09.29,11:08,115800,116000,115800,116000,3
2020.09.29,11:09,116100,116200,116000,116200,4
2020.09.29,11:10,116400,116700,116200,116200,7
2020.09.29,11:11,116300,116300,116300,116300,1
2020.09.29,11:12,116200,116200,115800,116200,8
2020.09.29,11:13,116300,116400,116300,116400,2
2020.09.29,11:14,116300,116300,116200,116200,2
2020.09.29,11:15,116000,116200,116000,116200,3
2020.09.29,11:16,116300,116600,116300,116500,7
2020.09.29,11:17,116300,116300,116200,116200,2
2020.09.29,11:18,116400,116400,116200,116200,2
2020.09.29,11:19,116300,116400,116300,116300,3
2020.09.29,11:20,116400,116500,116300,116300,4
2020.09.29,11:21,116500,117000,116400,116800,10
2020.09.29,11:22,116700,116800,116600,116800,3
2020.09.29,11:23,116600,117000,116600,117000,4
2020.09.29,11:24,116800,116900,116700,116700,3
2020.09.29,11:25,116900,117000,116900,117000,2
2020.09.29,11:26,116900,117100,116900,117000,4
2020.09.29,11:27,116800,117000,116500,116500,7
2020.09.29,11:28,116400,116400,116100,116200,5
2020.09.29,11:29,116300,116300,116300,116300,1
2020.09.29,11:30,116400,116400,115900,115900,6
2020.09.29,11:31,115700,116000,115500,115700,9
2020.09.29,11:32,115800,115900,115700,115800,5
2020.09.29,11:33,115700,115800,115600,115600,4
2020.09.29,11:34,115700,115800,115600,115800,4
2020.09.29,11:35,115900,115900,115800,115900,3
2020.09.29,11:36,116000,116100,116000,116100,2
2020.09.29,11:37,116000,116100,115900,115900,4
2020.09.29,11:38,116100,116100,116100,116100,1
2020.09.29,11:39,116000,116200,116000,116200,3
2020.09.29,11:40,116100,116100,116100,116100,1
2020.09.29,11:42,116000,116300,116000,116300,3
2020.09.29,11:43,116200,116200,115900,115900,4
2020.09.29,11:44,116000,116000,115400,115600,8
2020.09.29,11:45,115400,115800,115400,115800,2
2020.09.29,11:46,115700,115700,115400,115500,3
2020.09.29,11:47,115400,115700,115400,115700,3
2020.09.29,11:48,115500,115700,115500,115700,2
2020.09.29,11:49,116000,116000,116000,116000,1
2020.09.29,11:50,115900,115900,115900,115900,1
2020.09.29,11:51,116000,116000,116000,116000,1
2020.09.29,11:52,116100,116100,116100,116100,1
2020.09.29,11:53,116200,116400,116200,116300,4
2020.09.29,11:54,116400,116600,116300,116600,8
2020.09.29,11:55,116500,116600,116500,116500,5
2020.09.29,11:56,116400,116500,116300,116500,4
2020.09.29,11:57,116300,116800,116300,116800,4
2020.09.29,11:58,116600,116600,116600,116600,1
2020.09.29,11:59,116500,116500,116500,116500,1
2020.09.29,12:00,116400,116600,116400,116400,3
2020.09.29,12:01,116300,116300,115900,116000,4
2020.09.29,12:02,115800,116100,115800,116000,7
2020.09.29,12:03,116100,116200,116100,116200,2
2020.09.29,12:04,116300,116500,116300,116500,3
2020.09.29,12:05,116400,116500,116400,116400,3
2020.09.29,12:07,116500,116600,116500,116600,2
2020.09.29,12:08,116700,116800,116700,116800,2
2020.09.29,12:09,117000,117700,117000,117700,7
2020.09.29,12:10,117800,117800,117300,117300,7
2020.09.29,12:11,117400,117600,117300,117300,4
2020.09.29,12:12,117500,117700,117300,117600,9
2020.09.29,12:13,117700,118500,117600,118000,14
2020.09.29,12:14,117800,118500,117800,118500,11
2020.09.29,12:15,118400,118400,118100,118100,6
2020.09.29,12:16,118200,118200,118100,118200,3
2020.09.29,12:17,118300,118300,117800,117800,10
2020.09.29,12:18,117900,118000,117900,117900,3
2020.09.29,12:19,117800,118100,117700,118100,6
2020.09.29,12:20,118200,118200,118100,118200,3
2020.09.29,12:21,118100,118200,118000,118000,8
2020.09.29,12:22,118100,118500,118000,118400,8
2020.09.29,12:23,118600,119200,118500,119200,9
2020.09.29,12:24,119000,119200,119000,119200,7
2020.09.29,12:25,119300,119800,119300,119700,9
2020.09.29,12:26,119800,119800,118800,118800,8
2020.09.29,12:27,118700,119000,118700,118800,9
2020.09.29,12:28,118700,118800,118400,118400,7
2020.09.29,12:29,118300,118600,118300,118600,7
2020.09.29,12:30,118700,118800,118700,118800,2
2020.09.29,12:31,118700,118700,118400,118500,5
2020.09.29,12:32,118600,118600,118600,118600,1
2020.09.29,12:34,118500,118600,118300,118300,4
2020.09.29,12:35,118200,118200,118200,118200,1
2020.09.29,12:37,118100,118100,118100,118100,1
2020.09.29,12:38,118000,118100,118000,118000,5
2020.09.29,12:39,118200,118200,117900,117900,7
2020.09.29,12:40,118000,118000,117500,117600,10
2020.09.29,12:41,117500,117900,117500,117900,4
2020.09.29,12:42,118000,118000,117900,117900,2
2020.09.29,12:43,118000,118100,117600,117600,5
2020.09.29,12:44,117500,117500,116900,116900,10
2020.09.29,12:45,116400,116800,116000,116600,11
2020.09.29,12:46,116400,116900,116200,116900,8
2020.09.29,12:47,117000,117200,117000,117200,5
2020.09.29,12:48,117300,117300,117000,117000,6
2020.09.29,12:49,116900,116900,116900,116900,1
2020.09.29,12:50,116800,117000,116800,117000,3
2020.09.29,12:51,116900,117200,116900,117200,4
2020.09.29,12:52,117300,117300,117300,117300,1
2020.09.29,12:53,117200,117200,117100,117100,2
2020.09.29,12:54,117200,117200,116800,116800,6
2020.09.29,12:55,116900,116900,116400,116500,13
2020.09.29,12:56,116600,116800,116600,116800,2
2020.09.29,12:57,116500,116700,116500,116700,2
2020.09.29,12:58,116800,116800,116800,116800,1
2020.09.29,12:59,116900,116900,116700,116700,2
2020.09.29,13:00,116800,116900,116800,116900,4
2020.09.29,13:01,117000,117000,117000,117000,1
2020.09.29,13:02,116900,116900,116900,116900,1
2020.09.29,13:03,116800,116800,116500,116800,7
2020.09.29,13:04,116600,116600,115900,115900,13
2020.09.29,13:05,116100,116100,114900,115300,17
2020.09.29,13:06,115200,115400,114900,114900,12
2020.09.29,13:07,115000,115000,114000,114000,7
2020.09.29,13:08,114100,114300,113500,114000,21
2020.09.29,13:09,113900,114700,113500,114700,10
2020.09.29,13:10,114500,114700,114100,114100,13
2020.09.29,13:11,114000,114200,113800,114100,12
2020.09.29,13:12,114000,114400,114000,114400,7
2020.09.29,13:13,114300,114300,114200,114300,3
2020.09.29,13:14,114400,114400,114300,114300,4
2020.09.29,13:15,114400,114600,114300,114400,7
2020.09.29,13:16,114500,114500,114400,114500,3
2020.09.29,13:17,114600,114700,114300,114300,9
2020.09.29,13:18,114200,114300,114000,114100,7
2020.09.29,13:19,114200,114200,113800,113900,11
2020.09.29,13:20,113800,114000,113700,113700,10
2020.09.29,13:21,113600,114000,113300,114000,11
2020.09.29,13:22,113600,113900,113600,113900,5
2020.09.29,13:23,113800,113900,113800,113900,2
2020.09.29,13:24,114000,114000,114000,114000,1
2020.09.29,13:25,114100,114100,113700,113700,5
2020.09.29,13:26,113900,114000,113700,113700,3
2020.09.29,13:27,113800,114000,113700,113700,3
2020.09.29,13:28,113800,114200,113800,114200,4
2020.09.29,13:29,114400,114400,113900,113900,4
2020.09.29,13:30,114100,114100,114100,114100,1
2020.09.29,13:31,113800,114000,113800,113800,3
2020.09.29,13:32,114000,114000,114000,114000,1
2020.09.29,13:33,113900,113900,113900,113900,1
2020.09.29,13:34,113700,113700,113200,113400,12
2020.09.29,13:35,113200,113600,113200,113400,4
2020.09.29,13:36,113300,113400,113000,113200,13
2020.09.29,13:37,113300,113400,113200,113300,7
2020.09.29,13:38,113400,113600,113400,113600,5
2020.09.29,13:39,113500,113600,113500,113500,5
2020.09.29,13:40,113600,113600,113300,113500,5
2020.09.29,13:41,113600,113700,113600,113700,2
2020.09.29,13:42,113900,113900,113800,113900,3
2020.09.29,13:43,114000,114100,113800,113800,6
2020.09.29,13:44,113900,113900,113700,113800,4
2020.09.29,13:45,113700,113700,113700,113700,1
2020.09.29,13:46,113600,113700,113600,113600,3
2020.09.29,13:47,113500,113500,113500,113500,1
2020.09.29,13:48,113400,113400,113400,113400,1
2020.09.29,13:49,113500,113700,113500,113600,4
2020.09.29,13:50,113700,113800,113700,113800,2
2020.09.29,13:51,113600,113700,113500,113700,4
2020.09.29,13:52,113600,113600,113600,113600,1
2020.09.29,13:53,113700,113700,113500,113500,3
2020.09.29,13:54,113600,113600,113600,113600,1
2020.09.29,13:55,113500,113700,113500,113500,4
2020.09.29,13:56,113400,113400,113300,113300,2
2020.09.29,13:57,113400,113400,113300,113300,4
2020.09.29,13:58,113400,113400,113300,113400,3
2020.09.29,13:59,113500,113500,113500,113500,1
2020.09.29,14:00,113400,113400,113400,113400,1
2020.09.29,14:02,113300,113500,113300,113500,2
2020.09.29,14:04,113600,113800,113600,113700,4
2020.09.29,14:05,113800,114100,113800,114100,3
2020.09.29,14:06,114200,114200,114000,114000,2
2020.09.29,14:07,114100,114300,114100,114300,4
2020.09.29,14:08,114500,114500,114200,114200,4
2020.09.29,14:09,114100,114700,114100,114700,8
2020.09.29,14:10,114600,114700,114500,114700,4
2020.09.29,14:11,114600,114600,114400,114400,3
2020.09.29,14:12,114500,114800,114500,114700,10
2020.09.29,14:13,114500,115400,114500,115200,13
2020.09.29,14:14,115400,116000,115400,116000,16
2020.09.29,14:15,116100,117300,116100,117000,19
2020.09.29,14:16,117100,118500,117100,118000,20
2020.09.29,14:17,118400,119800,118000,119800,21
2020.09.29,14:18,119900,121600,119900,121600,30
2020.09.29,14:19,121700,123500,121700,123300,28
2020.09.29,14:20,123100,123400,122900,123000,23
2020.09.29,14:21,122900,123000,121500,122100,16
2020.09.29,14:22,122200,122200,121400,121400,21
2020.09.29,14:23,121200,121300,120300,120600,17
2020.09.29,14:24,120700,121500,120400,121500,11
2020.09.29,14:25,121400,121400,120700,121100,9
2020.09.29,14:26,121300,121300,120800,121000,6
2020.09.29,14:27,121100,121100,120800,120800,4
2020.09.29,14:28,120900,121700,120700,121700,7
2020.09.29,14:29,121500,121500,120900,120900,7
2020.09.29,14:30,121200,122000,121000,122000,13
2020.09.29,14:31,121900,122400,121700,122400,17
2020.09.29,14:32,123000,123500,123000,123000,16
2020.09.29,14:33,123200,123200,122800,122800,9
2020.09.29,14:34,122900,123000,122500,123000,9
2020.09.29,14:35,122900,123300,122800,123000,9
2020.09.29,14:36,122800,122900,122600,122600,7
2020.09.29,14:37,122500,122900,122500,122600,7
2020.09.29,14:38,122700,122700,122400,122400,5
2020.09.29,14:39,122100,122500,121900,122000,8
2020.09.29,14:40,121800,121800,121400,121400,11
2020.09.29,14:41,121500,121900,121000,121100,14
2020.09.29,14:42,120900,121800,120900,121000,10
2020.09.29,14:43,121300,121300,120800,120800,12
2020.09.29,14:44,120700,121000,120700,121000,6
2020.09.29,14:45,120900,121000,120400,120600,13
2020.09.29,14:46,120400,120500,119800,120000,16
2020.09.29,14:47,120200,120300,119700,119700,8
2020.09.29,14:48,119600,120000,119600,120000,8
2020.09.29,14:49,120100,120400,120000,120000,7
2020.09.29,14:50,119900,120100,119800,120000,6
2020.09.29,14:51,119800,120000,119600,119600,7
2020.09.29,14:52,119700,119900,119500,119500,10
2020.09.29,14:53,119400,119400,119100,119100,4
2020.09.29,14:54,119300,119500,119300,119500,8
2020.09.29,14:58,119600,119700,119600,119700,2
2020.09.29,14:59,119600,119700,119600,119600,5
2020.09.30,10:30,121000,121900,121000,121000,5
2020.09.30,10:31,121100,121600,121100,121600,2
2020.09.30,10:32,121800,122300,121800,122000,11
2020.09.30,10:33,121800,121800,121100,121100,9
2020.09.30,10:34,121300,121400,120900,121400,9
2020.09.30,10:35,121200,121500,121200,121500,9
2020.09.30,10:36,121600,122000,121600,122000,4
2020.09.30,10:37,121900,122000,121800,122000,4
2020.09.30,10:38,121800,121800,121600,121700,4
2020.09.30,10:39,121600,121600,121100,121100,4
2020.09.30,10:40,121200,121300,121200,121200,3
2020.09.30,10:41,121100,121200,121100,121200,4
2020.09.30,10:42,121300,121500,121300,121300,4
2020.09.30,10:43,121200,121200,119900,119900,7
2020.09.30,10:44,120600,120600,119300,119800,17
2020.09.30,10:45,120100,120100,119800,119900,6
2020.09.30,10:46,119800,120000,119800,119800,7
2020.09.30,10:47,119900,119900,119600,119600,6
2020.09.30,10:48,119500,119500,118800,118800,9
2020.09.30,10:49,119100,120600,119100,120300,8
2020.09.30,10:50,120400,120400,120000,120200,6
2020.09.30,10:51,120000,120200,120000,120100,7
2020.09.30,10:52,120000,120200,120000,120200,5
2020.09.30,10:53,120300,121000,120300,121000,6
2020.09.30,10:54,120900,121000,120600,120900,11
2020.09.30,10:55,120800,121000,120600,120600,4
2020.09.30,10:56,120800,120900,120700,120700,6
2020.09.30,10:57,120600,120600,120500,120600,5
2020.09.30,10:58,120700,120800,120600,120800,4
2020.09.30,10:59,120700,120700,120700,120700,1
2020.09.30,11:00,120800,120900,120800,120900,4
2020.09.30,11:01,120700,120800,120500,120500,4
2020.09.30,11:02,120700,120700,120500,120600,4
2020.09.30,11:03,120500,120500,120200,120300,5
2020.09.30,11:04,120000,120000,119700,119800,7
2020.09.30,11:05,119700,119700,119500,119700,4
2020.09.30,11:06,120100,120300,120000,120300,4
2020.09.30,11:07,120400,120600,120400,120600,7
2020.09.30,11:08,120500,120600,120500,120600,2
2020.09.30,11:09,120700,122400,120700,121900,15
2020.09.30,11:10,122100,122100,121300,121700,10
2020.09.30,11:11,121800,122200,121500,122200,9
2020.09.30,11:12,122100,123300,122000,123000,17
2020.09.30,11:13,122700,122900,122100,122700,7
2020.09.30,11:14,122300,122300,121800,121800,6
2020.09.30,11:15,121900,122200,121900,122200,8
2020.09.30,11:16,122100,122200,122100,122100,5
2020.09.30,11:17,122000,122600,122000,122500,7
2020.09.30,11:18,122300,122500,122300,122300,3
2020.09.30,11:19,122200,122300,122100,122300,3
2020.09.30,11:20,122100,122200,121800,121800,4
2020.09.30,11:21,122000,122100,122000,122000,3
2020.09.30,11:23,121800,121800,121700,121700,2
2020.09.30,11:24,121800,121800,121600,121600,2
2020.09.30,11:25,121900,121900,121900,121900,1
2020.09.30,11:26,122000,122000,122000,122000,1
2020.09.30,11:27,122200,122600,122000,122000,5
2020.09.30,11:28,122300,122500,122200,122500,5
2020.09.30,11:29,122200,122200,122100,122100,2
2020.09.30,11:30,122200,122400,122200,122400,5
2020.09.30,11:31,122300,122300,122300,122300,1
2020.09.30,11:32,122200,122200,122000,122100,3
2020.09.30,11:33,122200,122200,122100,122100,2
2020.09.30,11:34,122200,122500,122100,122400,7
2020.09.30,11:35,122200,122200,122200,122200,1
2020.09.30,11:36,122100,122100,122100,122100,1
2020.09.30,11:37,122000,122100,122000,122100,2
2020.09.30,11:38,122000,122000,121800,121800,2
2020.09.30,11:40,121400,121400,121100,121300,4
2020.09.30,11:41,121500,121600,121500,121600,2
2020.09.30,11:42,121500,121600,121400,121600,4
2020.09.30,11:43,121500,121500,121400,121500,3
2020.09.30,11:44,121600,121700,121500,121700,4
2020.09.30,11:45,121600,121900,121600,121900,5
2020.09.30,11:46,121700,121700,121600,121600,2
2020.09.30,11:47,121800,122000,121800,122000,3
2020.09.30,11:48,121900,121900,121800,121800,2
2020.09.30,11:49,121700,122000,121700,121900,4
2020.09.30,11:50,122000,122000,121800,121800,3
2020.09.30,11:52,121700,121700,121600,121600,2
2020.09.30,11:53,121800,122400,121800,122400,9
2020.09.30,11:54,122200,122300,122200,122200,5
2020.09.30,11:55,122300,122400,122100,122100,4
2020.09.30,11:57,122000,122000,121900,121900,2
2020.09.30,11:59,122100,122600,122100,122600,5
2020.09.30,12:00,122700,122700,122300,122500,7
2020.09.30,12:01,122600,122600,122500,122500,2
2020.09.30,12:02,122600,123000,122600,123000,6
2020.09.30,12:03,123100,123300,123100,123100,7
2020.09.30,12:04,123000,123000,122600,122600,5
2020.09.30,12:05,122700,122700,122400,122500,5
2020.09.30,12:06,122200,122300,122100,122200,8
2020.09.30,12:07,122500,122500,122400,122400,2
2020.09.30,12:08,122300,122500,122300,122500,9
2020.09.30,12:09,122600,122600,122500,122500,2
2020.09.30,12:10,122400,122600,122400,122600,2
2020.09.30,12:11,122500,122500,122500,122500,1
2020.09.30,12:12,122600,122600,122600,122600,1
2020.09.30,12:13,122500,122500,122400,122500,3
2020.09.30,12:14,122400,122500,122300,122300,4
2020.09.30,12:15,122200,122200,122200,122200,1
2020.09.30,12:16,122300,122300,122200,122300,3
2020.09.30,12:17,122100,122100,122000,122000,2
2020.09.30,12:18,121900,121900,120900,120900,12
2020.09.30,12:19,120800,121000,120700,120900,11
2020.09.30,12:20,121000,121200,120900,121200,5
2020.09.30,12:21,121100,121200,120900,120900,10
2020.09.30,12:22,121100,121100,120900,120900,2
2020.09.30,12:23,121000,121200,121000,121000,4
2020.09.30,12:24,120900,121100,120800,121100,10
2020.09.30,12:25,121000,121200,121000,121000,3
2020.09.30,12:26,121100,121100,121000,121000,2
2020.09.30,12:27,121100,121600,121100,121600,9
2020.09.30,12:28,121400,121400,121200,121400,3
2020.09.30,12:29,121300,121300,121100,121100,2
2020.09.30,12:30,121000,121100,120900,121000,5
2020.09.30,12:31,120900,120900,120900,120900,1
2020.09.30,12:32,121000,121000,120400,120400,10
2020.09.30,12:33,120300,120600,120300,120500,5
2020.09.30,12:34,120600,120900,120600,120900,5
2020.09.30,12:35,121000,121000,121000,121000,1
2020.09.30,12:36,121100,121100,120900,120900,5
2020.09.30,12:37,121000,121000,120900,120900,2
2020.09.30,12:39,120800,120800,120800,120800,1
2020.09.30,12:40,120700,120700,120700,120700,1
2020.09.30,12:41,120900,120900,120500,120500,5
2020.09.30,12:42,120400,120500,119500,119500,17
2020.09.30,12:43,119900,120300,119600,120300,12
2020.09.30,12:44,120200,120300,120000,120000,9
2020.09.30,12:45,120100,120500,120100,120500,5
2020.09.30,12:46,120400,120800,120400,120500,9
2020.09.30,12:47,120600,121100,120600,121100,8
2020.09.30,12:48,121000,121100,120900,121000,4
2020.09.30,12:49,121200,121900,121100,121700,13
2020.09.30,12:50,121600,121600,121300,121300,5
2020.09.30,12:51,121400,122400,121400,122400,13
2020.09.30,12:52,122300,122300,121800,122000,8
2020.09.30,12:53,121800,122100,121800,122000,7
2020.09.30,12:54,122200,122200,121800,121800,3
2020.09.30,12:55,122000,122000,121700,121900,3
2020.09.30,12:56,122000,122600,121800,122600,8
2020.09.30,12:57,122700,123500,122600,122700,23
2020.09.30,12:58,122400,123000,122400,123000,11
2020.09.30,12:59,122700,122700,122500,122700,6
2020.09.30,13:00,122800,122800,122300,122300,5
2020.09.30,13:01,122500,122600,122000,122000,6
2020.09.30,13:02,122100,122100,121300,121500,15
2020.09.30,13:03,121600,121900,121600,121700,6
2020.09.30,13:04,121800,121800,121700,121700,2
2020.09.30,13:05,121800,122000,121800,122000,2
2020.09.30,13:06,122100,122300,122100,122200,4
2020.09.30,13:07,122300,122400,122200,122200,6
2020.09.30,13:08,122100,122100,122100,122100,1
2020.09.30,13:09,122200,122600,122200,122500,6
2020.09.30,13:10,122300,122500,122200,122200,5
2020.09.30,13:11,122100,122300,122100,122300,3
2020.09.30,13:12,122200,122300,122200,122200,5
2020.09.30,13:14,122600,122800,122600,122700,3
2020.09.30,13:15,122600,122600,122600,122600,1
2020.09.30,13:16,122400,122400,122400,122400,1
2020.09.30,13:17,122500,122500,122500,122500,1
2020.09.30,13:18,122400,122400,121800,121800,6
2020.09.30,13:21,121900,122000,121800,121800,4
2020.09.30,13:22,121900,122000,121800,122000,7
2020.09.30,13:23,121900,121900,121800,121800,2
2020.09.30,13:24,122000,122000,122000,122000,1
2020.09.30,13:25,122100,122700,122000,122700,6
2020.09.30,13:26,122600,122600,122500,122500,2
2020.09.30,13:27,122300,122300,122000,122100,4
2020.09.30,13:28,122200,122200,122000,122100,3
2020.09.30,13:29,122200,122300,122200,122300,2
2020.09.30,13:30,122100,122100,122100,122100,1
2020.09.30,13:32,122300,122300,121800,121800,8
2020.09.30,13:33,121700,121700,121300,121600,15
2020.09.30,13:34,121300,121600,121200,121500,7
2020.09.30,13:35,121600,121600,121200,121200,7
2020.09.30,13:36,121400,121500,121100,121400,12
2020.09.30,13:37,121500,121800,121500,121700,8
2020.09.30,13:38,121400,121500,121200,121200,8
2020.09.30,13:39,121300,121500,121300,121400,4
2020.09.30,13:40,121500,121500,121400,121400,2
2020.09.30,13:41,121500,121500,121400,121400,2
2020.09.30,13:42,121300,121400,121300,121400,2
2020.09.30,13:43,121300,121500,121100,121100,7
2020.09.30,13:44,120900,120900,120400,120900,9
2020.09.30,13:45,121000,121300,121000,121300,2
2020.09.30,13:46,121100,121100,121100,121100,1
2020.09.30,13:47,121300,121600,121300,121500,5
2020.09.30,13:49,121400,121400,121400,121400,1
2020.09.30,13:50,121300,121700,121300,121700,4
2020.09.30,13:51,121800,122100,121800,121900,5
2020.09.30,13:52,121800,121800,121800,121800,1
2020.09.30,13:53,121900,121900,121800,121900,5
2020.09.30,13:54,121700,122000,121700,122000,4
2020.09.30,13:55,121900,122000,121900,122000,2
2020.09.30,13:56,121900,122300,121800,122200,9
2020.09.30,13:57,122000,122100,121800,121800,3
2020.09.30,13:58,121600,121800,121600,121800,2
2020.09.30,13:59,121900,121900,121700,121700,3
2020.09.30,14:00,121600,122000,121600,121800,4
2020.09.30,14:01,122000,122200,122000,122200,5
2020.09.30,14:02,122300,122700,122100,122700,10
2020.09.30,14:03,123200,124700,123200,124300,20
2020.09.30,14:04,124100,124100,123800,123800,13
2020.09.30,14:05,124000,124000,123500,123500,10
2020.09.30,14:06,123600,123900,123500,123800,11
2020.09.30,14:07,123700,124400,123700,124000,14
2020.09.30,14:08,123800,124400,123800,124000,11
2020.09.30,14:09,124400,125800,124400,125800,24
2020.09.30,14:10,125900,126200,124800,125000,21
2020.09.30,14:11,124800,125200,124200,124800,12
2020.09.30,14:12,125000,125200,124900,124900,8
2020.09.30,14:13,125000,125200,124800,124800,12
2020.09.30,14:14,124600,124600,124200,124500,7
2020.09.30,14:15,124300,124700,124300,124500,8
2020.09.30,14:16,124400,124500,124400,124400,3
2020.09.30,14:17,124300,124300,123900,124000,7
2020.09.30,14:18,124200,124500,124100,124100,7
2020.09.30,14:19,124500,124700,124500,124700,5
2020.09.30,14:20,125000,125500,124900,125500,11
2020.09.30,14:21,125600,126000,124800,125000,14
2020.09.30,14:22,125100,125100,124700,124800,8
2020.09.30,14:23,125000,125000,124600,124600,8
2020.09.30,14:24,124900,125200,124900,125200,5
2020.09.30,14:25,125000,125200,124700,125000,9
2020.09.30,14:26,124800,125000,124800,125000,4
2020.09.30,14:27,125100,125600,125100,125200,11
2020.09.30,14:28,125100,125200,124900,125200,7
2020.09.30,14:29,125300,125700,125200,125600,9
2020.09.30,14:30,125700,125700,125000,125000,12
2020.09.30,14:31,125200,125400,124800,124800,11
2020.09.30,14:32,124700,124800,124500,124500,9
2020.09.30,14:33,124600,124700,124300,124300,10
2020.09.30,14:34,124200,124800,124100,124500,11
2020.09.30,14:35,124200,124600,124200,124400,6
2020.09.30,14:36,124500,125200,124500,125200,7
2020.09.30,14:37,125300,125500,124700,124800,9
2020.09.30,14:38,124600,124900,124600,124900,4
2020.09.30,14:39,125000,125000,124800,124800,3
2020.09.30,14:40,124900,125100,124900,125000,4
2020.09.30,14:41,124900,125000,124900,125000,2
2020.09.30,14:42,124900,124900,124800,124800,2
2020.09.30,14:43,124700,124700,124400,124500,5
2020.09.30,14:44,124700,124700,124600,124600,2
2020.09.30,14:45,124500,124600,124500,124500,3
2020.09.30,14:46,124600,124700,124600,124600,3
2020.09.30,14:47,124800,124900,124800,124900,2
2020.09.30,14:48,124700,124700,124700,124700,1
2020.09.30,14:49,124800,124800,124400,124400,7
2020.09.30,14:50,124300,124500,124200,124500,9
2020.09.30,14:51,124600,124700,124600,124700,2
2020.09.30,14:52,124600,124600,124600,124600,1
2020.09.30,14:53,124700,125000,124600,125000,5
2020.09.30,14:54,124900,125000,124700,124700,3
2020.09.30,14:55,124600,124600,124600,124600,1
2020.09.30,14:57,124800,124800,124600,124600,2
2020.09.30,14:58,124700,124700,124700,124700,1
2020.09.30,14:59,124600,124700,124500,124600,5
2020.10.01,10:30,126900,127100,125400,127100,18
2020.10.01,10:31,127200,127800,127100,127800,15
2020.10.01,10:32,127700,128100,127400,127500,23
2020.10.01,10:33,127400,127700,127200,127700,14
2020.10.01,10:34,127400,127700,126500,126500,9
2020.10.01,10:35,126600,127000,126500,127000,5
2020.10.01,10:36,126900,127200,126900,127000,7
2020.10.01,10:37,126800,126900,126200,126300,12
2020.10.01,10:38,126800,126800,126300,126300,8
2020.10.01,10:39,126200,126200,125300,125900,14
2020.10.01,10:40,126000,126300,126000,126000,8
2020.10.01,10:41,125900,126200,125900,126000,7
2020.10.01,10:42,125800,126200,125800,126100,5
2020.10.01,10:43,126200,126200,125700,125700,6
2020.10.01,10:44,126000,126100,126000,126100,2
2020.10.01,10:45,126000,126000,125700,125800,4
2020.10.01,10:46,125700,125800,125500,125600,6
2020.10.01,10:47,125500,125500,125000,125500,10
2020.10.01,10:48,125200,125500,125100,125400,5
2020.10.01,10:49,125500,125500,125000,125000,9
2020.10.01,10:50,125300,125300,124900,125100,9
2020.10.01,10:51,125300,125700,125300,125600,8
2020.10.01,10:52,125700,125900,125700,125900,3
2020.10.01,10:53,126000,126100,125900,125900,4
2020.10.01,10:54,126000,126000,125300,125400,11
2020.10.01,10:55,125500,125500,125200,125300,6
2020.10.01,10:56,125200,125300,125200,125200,5
2020.10.01,10:57,125100,125300,124900,125000,10
2020.10.01,10:58,124900,125000,124900,124900,3
2020.10.01,10:59,124800,124900,124600,124900,4
2020.10.01,11:00,125000,125300,125000,125000,5
2020.10.01,11:01,125200,125400,125200,125400,4
2020.10.01,11:03,125300,125300,125300,125300,1
2020.10.01,11:04,125400,125600,125300,125600,8
2020.10.01,11:05,125500,125600,125500,125600,4
2020.10.01,11:06,125500,125500,125400,125400,2
2020.10.01,11:08,125500,126000,125400,125800,11
2020.10.01,11:09,125600,125800,125600,125800,7
2020.10.01,11:10,125900,126100,125600,126000,6
2020.10.01,11:11,125600,125600,125300,125300,4
2020.10.01,11:12,125200,125300,125000,125300,8
2020.10.01,11:13,125000,125400,125000,125300,5
2020.10.01,11:14,125200,125200,125000,125100,4
2020.10.01,11:15,125200,125300,125200,125300,2
2020.10.01,11:18,125200,125500,125200,125500,3
2020.10.01,11:19,125400,125400,125400,125400,1
2020.10.01,11:20,125300,125300,124400,124900,17
2020.10.01,11:21,124800,125300,124800,125200,15
2020.10.01,11:22,124900,125200,124900,125100,3
2020.10.01,11:23,125300,125400,125300,125300,3
2020.10.01,11:24,125000,125300,124800,125300,5
2020.10.01,11:25,125000,125300,124700,124800,6
2020.10.01,11:26,124900,124900,124900,124900,1
2020.10.01,11:27,124700,124900,124700,124900,2
2020.10.01,11:28,124800,124800,124700,124700,2
2020.10.01,11:29,124600,124600,124400,124500,6
2020.10.01,11:30,124400,124500,124300,124300,4
2020.10.01,11:31,124500,124800,124500,124800,2
2020.10.01,11:32,125000,125000,124800,125000,4
2020.10.01,11:33,125100,125200,125100,125100,3
2020.10.01,11:34,125200,125200,125000,125000,4
2020.10.01,11:35,125200,125600,125200,125600,7
2020.10.01,11:36,125700,125700,125500,125700,9
2020.10.01,11:37,125600,125600,125400,125400,3
2020.10.01,11:38,125300,125400,125300,125300,3
2020.10.01,11:39,125400,125400,125400,125400,1
2020.10.01,11:40,125300,125300,125300,125300,1
2020.10.01,11:41,125200,125200,125100,125200,3
2020.10.01,11:42,125000,125200,125000,125200,2
2020.10.01,11:45,125300,125300,125300,125300,1
2020.10.01,11:46,125100,125300,125100,125300,2
2020.10.01,11:47,125400,125600,125400,125600,3
2020.10.01,11:48,125500,125500,125500,125500,1
2020.10.01,11:49,125300,125300,125100,125100,3
2020.10.01,11:50,125200,125600,125200,125200,3
2020.10.01,11:51,125500,126000,125500,126000,5
2020.10.01,11:52,125900,126300,125900,126000,9
2020.10.01,11:53,125900,125900,125600,125800,9
2020.10.01,11:54,125600,125700,125500,125500,7
2020.10.01,11:55,125400,125400,125200,125300,5
2020.10.01,11:56,125400,125400,125400,125400,1
2020.10.01,11:57,125300,125300,125300,125300,1
2020.10.01,11:58,125600,125600,125600,125600,1
2020.10.01,11:59,125700,125700,125700,125700,1
2020.10.01,12:00,125800,125900,125800,125800,5
2020.10.01,12:01,125900,126100,125900,126100,5
2020.10.01,12:02,126200,126200,125700,125900,7
2020.10.01,12:03,125700,125700,125600,125600,2
2020.10.01,12:04,125500,125900,125500,125900,4
2020.10.01,12:07,125800,125800,125800,125800,1
2020.10.01,12:09,125900,126000,125900,125900,3
2020.10.01,12:10,126000,126000,125900,126000,3
2020.10.01,12:11,126100,126400,126100,126400,5
2020.10.01,12:12,126200,126400,125900,126000,9
2020.10.01,12:13,125900,125900,125800,125900,3
2020.10.01,12:14,126000,126000,126000,126000,1
2020.10.01,12:15,126100,126400,126100,126400,5
2020.10.01,12:16,126500,127000,126300,127000,19
2020.10.01,12:17,126700,127000,126500,126600,10
2020.10.01,12:18,126500,127200,126500,127000,12
2020.10.01,12:19,126900,127000,126800,126900,8
2020.10.01,12:20,126800,127000,126800,126800,4
2020.10.01,12:21,127000,127000,126800,126900,3
2020.10.01,12:22,126800,126800,126700,126700,4
2020.10.01,12:23,126800,126800,126600,126700,8
2020.10.01,12:24,126600,126700,126500,126600,4
2020.10.01,12:25,126700,126700,126200,126300,10
2020.10.01,12:26,126400,126600,126300,126600,6
2020.10.01,12:27,126500,126600,126400,126500,9
2020.10.01,12:28,126600,126600,126500,126500,2
2020.10.01,12:29,126600,126700,126500,126700,4
2020.10.01,12:30,126800,126800,126800,126800,1
2020.10.01,12:31,126900,126900,126700,126800,3
2020.10.01,12:32,126900,126900,126900,126900,1
2020.10.01,12:33,126800,126900,126800,126800,3
2020.10.01,12:34,126700,126700,126600,126600,2
2020.10.01,12:35,126700,126700,126700,126700,1
2020.10.01,12:37,126600,126700,126600,126700,2
2020.10.01,12:38,126800,126800,126700,126800,3
2020.10.01,12:39,127000,127400,127000,127400,4
2020.10.01,12:40,127300,127700,127200,127700,13
2020.10.01,12:41,127500,127700,127300,127500,8
2020.10.01,12:42,127300,127500,127300,127400,6
2020.10.01,12:43,127300,127500,127300,127500,2
2020.10.01,12:44,127400,127400,127100,127100,7
2020.10.01,12:45,127200,127300,127100,127200,5
2020.10.01,12:46,127100,127100,126500,126700,11
2020.10.01,12:47,126800,126800,126600,126800,6
2020.10.01,12:48,126900,126900,126700,126700,3
2020.10.01,12:49,126600,126800,126600,126600,4
2020.10.01,12:50,126700,126800,126700,126800,2
2020.10.01,12:51,126700,127000,126700,126900,5
2020.10.01,12:52,127000,127100,127000,127100,4
2020.10.01,12:53,127200,127200,127000,127100,3
2020.10.01,12:54,127000,127000,126800,126800,3
2020.10.01,12:55,126600,126600,126500,126500,2
2020.10.01,12:56,126400,126400,126300,126300,2
2020.10.01,12:57,126200,126300,125500,125900,16
2020.10.01,12:58,125800,125800,125500,125600,13
2020.10.01,12:59,125800,126000,125800,126000,7
2020.10.01,13:00,125900,125900,125500,125500,3
2020.10.01,13:01,125400,125900,125400,125900,4
2020.10.01,13:02,125800,125800,125600,125700,3
2020.10.01,13:04,125600,126000,125600,126000,5
2020.10.01,13:05,125900,126000,125800,126000,4
2020.10.01,13:06,126200,126200,125800,125800,2
2020.10.01,13:07,125700,125700,125700,125700,1
2020.10.01,13:08,125800,125900,125800,125900,4
2020.10.01,13:09,126000,126000,125800,125800,5
2020.10.01,13:10,125700,125800,125700,125800,2
2020.10.01,13:11,125700,125700,125200,125200,5
2020.10.01,13:12,125300,125300,125000,125200,8
2020.10.01,13:13,125100,125200,125100,125100,3
2020.10.01,13:14,125400,125500,125300,125500,4
2020.10.01,13:15,125400,125500,125400,125500,6
2020.10.01,13:16,125700,125700,125600,125600,2
2020.10.01,13:17,125700,125700,125700,125700,1
2020.10.01,13:18,125800,125800,125600,125700,4
2020.10.01,13:19,125600,125600,125600,125600,1
2020.10.01,13:20,125500,125500,125500,125500,1
2020.10.01,13:21,125600,125600,125500,125500,2
2020.10.01,13:22,125400,125600,125400,125400,3
2020.10.01,13:23,125500,126700,125500,126700,10
2020.10.01,13:24,126900,127700,126600,127700,19
2020.10.01,13:25,127900,129500,127600,129300,27
2020.10.01,13:26,129100,130700,128900,130700,26
2020.10.01,13:27,130800,131100,130800,131100,8
2020.10.01,13:28,131000,131100,131000,131100,2
2020.10.01,13:29,131000,131100,131000,131100,6
2020.10.01,13:30,131000,131100,131000,131100,4
2020.10.01,13:31,131000,131100,131000,131100,6
2020.10.03,10:30,137100,137100,137100,137100,1
