2019.10.24,15:16,73700,73700,73600,73700,3
2019.10.24,15:17,73600,73600,73600,73600,1
2019.10.24,15:18,73700,73800,73700,73800,2
2019.10.24,15:20,74000,74000,74000,74000,1
2019.10.24,15:22,73900,74100,73800,74100,3
2019.10.24,15:24,73900,73900,73900,73900,1
2019.10.24,15:25,73800,74000,73700,73700,5
2019.10.24,15:26,73800,73900,73700,73800,4
2019.10.24,15:27,73900,73900,73900,73900,1
2019.10.24,15:28,73800,73800,73800,73800,1
2019.10.24,15:29,73700,73700,73600,73700,5
2019.10.24,15:31,73800,73800,73700,73700,2
2019.10.24,15:32,73800,73800,73700,73800,3
2019.10.24,15:33,73700,73800,73700,73800,4
2019.10.24,15:34,73700,73800,73600,73600,4
2019.10.24,15:39,73700,73700,73700,73700,1
2019.10.24,15:40,73600,73600,73600,73600,1
2019.10.24,15:42,73500,73600,73500,73600,2
2019.10.24,15:43,73700,73700,73700,73700,1
2019.10.24,15:44,73600,73600,73600,73600,1
2019.10.24,15:45,73700,73700,73700,73700,1
2019.10.24,15:46,73600,73600,73600,73600,1
2019.10.24,15:47,73700,73700,73600,73600,2
2019.10.24,15:49,73700,73700,73600,73600,2
2019.10.24,15:50,73700,73700,73700,73700,1
2019.10.24,15:52,73800,73800,73800,73800,1
2019.10.24,15:54,73900,74000,73900,74000,4
2019.10.24,15:55,74100,74100,74100,74100,1
2019.10.24,15:57,74200,74200,74200,74200,1
2019.10.24,15:58,74300,74300,74300,74300,1
2019.10.24,15:59,74200,74300,74200,74300,2
2019.10.26,10:30,71900,71900,71700,71900,14
2019.10.26,10:31,72000,72000,71500,71600,14
2019.10.26,10:32,71700,71700,71300,71400,11
2019.10.26,10:33,71500,71900,71500,71900,3
2019.10.26,10:34,71800,71900,71700,71900,4
2019.10.26,10:35,72000,72200,71900,71900,4
2019.10.26,10:36,72000,72300,71900,72200,5
2019.10.26,10:37,72300,72300,72000,72300,5
2019.10.26,10:38,72500,74000,72500,73400,15
2019.10.26,10:39,73200,73700,72900,73700,8
2019.10.26,10:40,73500,74000,73200,73400,10
2019.10.26,10:41,73300,73600,73100,73100,12
2019.10.26,10:42,73300,73400,73200,73200,7
2019.10.26,10:43,73100,73100,73000,73100,3
2019.10.26,10:44,73000,73900,73000,73900,5
2019.10.26,10:45,72700,74000,72700,73500,4
2019.10.26,10:46,73700,73700,73700,73700,1
2019.10.26,10:47,73600,73900,73600,73900,5
2019.10.26,10:48,74000,74300,73700,74200,11
2019.10.26,10:49,74100,74300,74000,74100,10
2019.10.26,10:50,74000,74000,73800,73800,3
2019.10.26,10:51,74000,74100,74000,74100,2
2019.10.26,10:53,73900,74200,73900,74200,2
2019.10.26,10:54,74100,74300,74100,74300,6
2019.10.26,10:55,74200,74300,74200,74200,3
2019.10.26,10:56,74100,74100,74100,74100,1
2019.10.26,10:57,74200,74300,74000,74300,6
2019.10.26,10:58,74200,74400,74100,74200,10
2019.10.26,10:59,74600,74700,74500,74500,6
2019.10.26,11:00,74600,74900,74500,74900,11
2019.10.26,11:01,74800,74800,74600,74600,3
2019.10.26,11:02,74500,74700,74500,74700,3
2019.10.26,11:04,74500,74700,74100,74200,11
2019.10.26,11:05,74300,74300,74200,74200,2
2019.10.26,11:06,74400,74400,74000,74000,4
2019.10.26,11:07,74100,74200,74100,74200,2
2019.10.26,11:09,74100,74100,74100,74100,1
2019.10.26,11:10,74200,74200,74000,74000,4
2019.10.26,11:14,74100,74100,74100,74100,1
2019.10.26,11:15,74000,74000,74000,74000,1
2019.10.26,11:16,73900,73900,73700,73700,3
2019.10.26,11:17,73600,74000,73200,73300,9
2019.10.26,11:18,73600,73600,73500,73600,3
2019.10.26,11:20,73700,73700,73600,73600,2
2019.10.26,11:21,73500,73600,73500,73500,3
2019.10.26,11:22,73600,73700,73600,73600,3
2019.10.26,11:23,73800,73800,73800,73800,1
2019.10.26,11:24,73700,73700,73700,73700,1
2019.10.26,11:26,73600,73600,73600,73600,1
2019.10.26,11:27,73500,73500,73200,73200,4
2019.10.26,11:28,73300,73500,73200,73500,5
2019.10.26,11:29,73600,73600,73600,73600,1
2019.10.26,11:31,73500,73600,73400,73600,3
2019.10.26,11:32,73500,73500,73500,73500,1
2019.10.26,11:33,73700,73700,73700,73700,1
2019.10.26,11:36,73600,73700,73600,73700,2
2019.10.26,11:37,73800,73800,73800,73800,1
2019.10.26,11:38,73700,73700,73700,73700,1
2019.10.26,11:41,73600,73800,73600,73800,5
2019.10.26,11:43,73700,73800,73700,73700,3
2019.10.26,11:46,73600,73600,73600,73600,1
2019.10.26,11:48,73500,73500,73400,73400,2
2019.10.26,11:50,73500,73500,73400,73500,3
2019.10.26,11:55,73600,73600,73600,73600,1
2019.10.26,11:56,73700,73700,73700,73700,1
2019.10.26,11:58,73600,73600,73600,73600,1
2019.10.26,12:01,73700,73800,73700,73700,3
2019.10.26,12:03,73600,73600,73600,73600,1
2019.10.26,12:05,73700,73700,73700,73700,1
2019.10.26,12:06,73800,73800,73800,73800,1
2019.10.26,12:08,73900,74000,73900,74000,2
2019.10.26,12:09,73800,74000,73800,74000,2
2019.10.26,12:11,73800,73800,73800,73800,1
2019.10.26,12:14,73900,73900,73900,73900,1
2019.10.26,12:15,74000,74000,74000,74000,1
2019.10.26,12:17,74100,74100,74100,74100,1
2019.10.26,12:18,74000,74000,74000,74000,1
2019.10.26,12:20,73900,73900,73800,73800,2
2019.10.26,12:22,73900,73900,73900,73900,1
2019.10.26,12:25,73800,73800,73800,73800,1
2019.10.26,12:26,73900,73900,73900,73900,1
2019.10.26,12:27,74000,74000,74000,74000,1
2019.10.26,12:29,74100,74300,74100,74300,3
2019.10.26,12:30,74200,74200,74200,74200,1
2019.10.26,12:31,74000,74100,74000,74000,3
2019.10.26,12:32,73900,73900,73900,73900,1
2019.10.26,12:36,74000,74000,74000,74000,1
2019.10.26,12:37,73900,74000,73900,74000,2
2019.10.26,12:38,73800,74000,73800,74000,2
2019.10.26,12:39,74100,74100,74100,74100,1
2019.10.26,12:42,74000,74000,74000,74000,1
2019.10.26,12:43,74100,74100,74000,74000,2
2019.10.26,12:45,73900,73900,73900,73900,1
2019.10.26,12:47,73800,73800,73800,73800,1
2019.10.26,12:48,74000,74000,74000,74000,1
2019.10.26,12:50,73900,73900,73900,73900,1
2019.10.26,12:51,73800,73800,73800,73800,1
2019.10.26,12:52,74000,74000,74000,74000,1
2019.10.26,12:55,73800,73800,73800,73800,1
2019.10.26,13:00,73900,73900,73800,73800,2
2019.10.26,13:02,73900,73900,73900,73900,1
2019.10.26,13:03,74000,74000,74000,74000,1
2019.10.26,13:06,73900,74000,73900,73900,3
2019.10.26,13:16,73800,73800,73800,73800,1
2019.10.26,13:21,73900,73900,73900,73900,1
2019.10.26,13:23,74000,74000,74000,74000,1
2019.10.26,13:28,73800,73800,73800,73800,1
2019.10.26,13:29,73900,74000,73900,74000,2
2019.10.26,13:31,73800,73800,73800,73800,1
2019.10.26,13:32,73900,73900,73900,73900,1
2019.10.26,13:33,74000,74000,74000,74000,1
2019.10.26,13:36,73900,73900,73900,73900,1
2019.10.26,13:37,73800,73800,73800,73800,1
2019.10.26,13:38,73900,73900,73800,73800,2
2019.10.26,13:42,73600,73600,73400,73400,2
2019.10.26,13:43,73500,73500,73500,73500,1
2019.10.26,13:44,73400,73500,73400,73500,2
2019.10.26,13:46,73600,73600,73600,73600,1
2019.10.26,13:49,73700,73700,73700,73700,1
2019.10.26,13:50,73600,73600,73600,73600,1
2019.10.26,13:53,73500,73500,73500,73500,1
2019.10.26,13:57,73600,73600,73600,73600,1
2019.10.26,14:03,73500,73500,73300,73300,3
2019.10.26,14:04,73500,73500,73500,73500,1
2019.10.26,14:07,73600,73600,73600,73600,1
2019.10.26,14:08,73700,73700,73600,73600,2
2019.10.26,14:12,73500,73500,73200,73300,6
2019.10.26,14:14,73500,73600,73500,73600,2
2019.10.26,14:17,73500,73600,73500,73600,2
2019.10.26,14:19,73500,73500,73500,73500,1
2019.10.26,14:20,73400,73400,73400,73400,1
2019.10.26,14:23,73500,73500,73500,73500,1
2019.10.26,14:25,73600,73600,73600,73600,1
2019.10.26,14:27,73700,73700,73600,73600,2
2019.10.26,14:28,73500,73500,73500,73500,1
2019.10.26,14:29,73600,73600,73600,73600,1
2019.10.26,14:33,73500,73500,73500,73500,1
2019.10.26,14:34,73600,73600,73600,73600,1
2019.10.26,14:35,73500,73500,73500,73500,1
2019.10.26,14:44,73600,73600,73600,73600,1
2019.10.26,14:45,73400,73400,73200,73200,3
2019.10.26,14:46,73300,73500,73300,73500,2
2019.10.26,14:47,73300,73300,73300,73300,1
2019.10.26,14:48,73400,73400,73400,73400,1
2019.10.26,14:51,73300,73300,73100,73100,3
2019.10.26,14:52,73000,73400,73000,73100,4
2019.10.26,14:53,73000,73100,72800,72900,8
2019.10.26,14:54,73000,73100,73000,73100,2
2019.10.26,14:57,73000,73100,73000,73100,2
2019.10.26,14:58,73200,73200,73200,73200,1
2019.10.26,14:59,73100,73200,73100,73200,2
2019.10.26,15:03,73300,73300,73200,73200,2
2019.10.26,15:04,73300,73300,73300,73300,1
2019.10.26,15:08,73200,73300,73200,73300,2
2019.10.26,15:10,73200,73300,73200,73300,2
2019.10.26,15:18,73200,73300,73200,73200,3
2019.10.26,15:19,73300,73300,73300,73300,1
2019.10.26,15:23,73200,73200,73200,73200,1
2019.10.26,15:24,73100,73100,73000,73000,2
2019.10.26,15:25,73100,73300,73100,73300,2
2019.10.26,15:26,73100,73100,73000,73000,2
2019.10.26,15:27,72900,73000,72900,73000,4
2019.10.26,15:28,72900,73100,72900,73100,6
2019.10.26,15:29,73000,73200,73000,73000,5
2019.10.26,15:30,72900,72900,72800,72800,4
2019.10.26,15:31,73100,73200,73000,73000,3
2019.10.26,15:35,72900,73100,72900,73100,5
2019.10.26,15:36,73000,73100,73000,73000,3
2019.10.26,15:37,73100,73100,73100,73100,1
2019.10.26,15:40,73000,73000,73000,73000,1
2019.10.26,15:41,73100,73100,73100,73100,1
2019.10.26,15:48,73000,73000,73000,73000,1
2019.10.26,15:49,73100,73100,73100,73100,1
2019.10.26,15:52,73200,73200,73200,73200,1
2019.10.26,15:55,73300,73300,73200,73300,3
2019.10.26,15:58,73400,73500,73400,73500,2
2019.10.26,15:59,73400,73500,73400,73500,2
2019.10.26,16:00,73400,73500,73400,73500,2
2019.10.26,16:03,73300,73300,73300,73300,1
2019.10.26,16:05,73200,73200,73200,73200,1
2019.10.26,16:07,73100,73100,73000,73000,2
2019.10.26,16:09,73100,73100,73100,73100,1
2019.10.26,16:13,73200,73200,73200,73200,1
2019.10.26,16:17,73100,73100,73000,73000,2
2019.10.26,16:20,72900,73000,72900,73000,2
2019.10.26,16:21,72900,72900,72800,72900,3
2019.10.26,16:22,72800,72900,72800,72900,4
2019.10.26,16:23,72800,72900,72800,72800,5
2019.10.26,16:25,72900,72900,72800,72800,2
2019.10.26,16:26,72900,72900,72800,72800,2
2019.10.26,16:27,72900,72900,72900,72900,1
2019.10.26,16:28,72800,72900,72800,72900,2
2019.10.26,16:31,72800,72800,72800,72800,1
2019.10.26,16:32,72900,73000,72900,73000,2
2019.10.26,16:33,72900,72900,72900,72900,1
2019.10.26,16:34,73000,73000,72900,72900,2
2019.10.26,16:35,73000,73100,73000,73000,3
2019.10.26,16:36,72900,73100,72800,72800,4
2019.10.26,16:37,72900,73100,72900,73100,2
2019.10.26,16:38,73000,73000,72900,72900,4
2019.10.26,16:39,73000,73100,72900,72900,3
2019.10.26,16:40,73100,73100,72900,72900,2
2019.10.26,16:42,73000,73000,73000,73000,1
2019.10.26,16:43,73100,73100,73000,73100,3
2019.10.26,16:44,72900,73100,72800,72800,5
2019.10.26,16:45,72900,73000,72900,73000,2
2019.10.26,16:46,73100,73100,73100,73100,1
2019.10.26,16:47,73000,73000,73000,73000,1
2019.10.26,16:48,73100,73100,73000,73000,4
2019.10.26,16:49,73100,73100,73000,73000,2
2019.10.26,16:50,73100,73100,73100,73100,1
2019.10.26,16:51,73000,73100,72900,72900,3
2019.10.26,16:52,73000,73000,72800,72900,6
2019.10.26,16:53,72700,72900,72600,72700,9
2019.10.26,16:54,72800,73000,72600,72600,7
2019.10.26,16:56,73000,73000,73000,73000,1
2019.10.26,16:57,72900,73000,72900,73000,2
2019.10.26,16:59,72900,73000,72900,73000,2
2019.10.28,10:29,72300,72300,72300,72300,1
2019.10.28,10:30,72200,72200,71700,71900,12
2019.10.28,10:31,71700,72100,71700,72100,8
2019.10.28,10:32,72000,72100,71900,71900,6
2019.10.28,10:33,72000,72100,72000,72000,7
2019.10.28,10:34,72100,72100,72000,72100,3
2019.10.28,10:35,72200,72200,72200,72200,1
2019.10.28,10:36,72100,72200,72000,72000,6
2019.10.28,10:37,71900,71900,71600,71600,9
2019.10.28,10:38,71700,71800,71700,71800,2
2019.10.28,10:39,71700,71800,71700,71800,4
2019.10.28,10:40,71900,71900,71900,71900,1
2019.10.28,10:41,72000,72300,72000,72300,4
2019.10.28,10:42,72400,72400,72300,72300,2
2019.10.28,10:43,72400,72500,72400,72400,3
2019.10.28,10:45,72500,72500,72500,72500,1
2019.10.28,10:47,72400,72500,72300,72300,3
2019.10.28,10:48,72200,72300,72100,72200,4
2019.10.28,10:49,72300,72300,72000,72100,9
2019.10.28,10:50,72200,72400,72200,72300,4
2019.10.28,10:51,72400,72500,72400,72400,3
2019.10.28,10:52,72500,72500,72400,72400,2
2019.10.28,10:53,72200,72200,72200,72200,1
2019.10.28,10:54,72300,72400,72300,72300,3
2019.10.28,10:55,72400,72400,72300,72300,2
2019.10.28,10:57,72200,72200,72100,72200,3
2019.10.28,10:58,72300,72300,72000,72200,4
2019.10.28,10:59,72000,72000,71900,72000,7
2019.10.28,11:00,71900,72000,71900,71900,7
2019.10.28,11:01,72000,72000,71800,72000,5
2019.10.28,11:02,71900,72000,71900,71900,5
2019.10.28,11:04,72000,72000,71900,71900,2
2019.10.28,11:05,72000,72000,72000,72000,1
2019.10.28,11:08,71900,72000,71900,72000,6
2019.10.28,11:11,71900,71900,71900,71900,1
2019.10.28,11:12,72000,72000,71900,71900,2
2019.10.28,11:13,72000,72000,72000,72000,1
2019.10.28,11:16,72100,72100,72000,72000,2
2019.10.28,11:17,72100,72100,72100,72100,1
2019.10.28,11:21,72000,72200,72000,72000,3
2019.10.28,11:23,72100,72100,72100,72100,1
2019.10.28,11:24,72000,72000,72000,72000,1
2019.10.28,11:25,72100,72100,72000,72000,2
2019.10.28,11:26,72100,72100,72000,72000,2
2019.10.28,11:30,72100,72100,72100,72100,1
2019.10.28,11:31,72000,72000,72000,72000,1
2019.10.28,11:32,72100,72100,72100,72100,1
2019.10.28,11:33,72000,72000,72000,72000,1
2019.10.28,11:34,72100,72100,72100,72100,1
2019.10.28,11:35,72000,72000,72000,72000,1
2019.10.28,11:36,72100,72100,72100,72100,1
2019.10.28,11:37,72000,72200,72000,72000,3
2019.10.28,11:38,72100,72300,72100,72300,3
2019.10.28,11:40,72100,72100,72100,72100,1
2019.10.28,11:41,72000,72000,72000,72000,1
2019.10.28,11:43,72100,72100,72100,72100,1
2019.10.28,11:44,72000,72000,72000,72000,1
2019.10.28,11:45,72100,72100,72000,72000,2
2019.10.28,11:46,71900,72000,71900,72000,2
2019.10.28,11:47,72100,72100,72100,72100,1
2019.10.28,11:48,72000,72000,72000,72000,1
2019.10.28,11:49,72200,72200,72100,72100,2
2019.10.28,11:52,72200,72300,72100,72100,4
2019.10.28,11:53,72300,72400,72300,72400,4
2019.10.28,11:54,72500,72500,72200,72200,5
2019.10.28,11:58,72100,72100,71900,71900,3
2019.10.28,12:01,71800,72000,71800,71800,7
2019.10.28,12:03,71700,71700,71700,71700,1
2019.10.28,12:04,71800,71800,71800,71800,1
2019.10.28,12:07,71900,71900,71900,71900,1
2019.10.28,12:09,71800,71800,71800,71800,1
2019.10.28,12:11,71900,71900,71900,71900,1
2019.10.28,12:12,71800,71800,71800,71800,1
2019.10.28,12:14,71900,71900,71900,71900,1
2019.10.28,12:18,71800,71800,71800,71800,1
2019.10.28,12:19,71900,71900,71900,71900,1
2019.10.28,12:20,71800,71900,71800,71900,2
2019.10.28,12:22,72000,72000,71900,72000,3
2019.10.28,12:33,71900,72000,71900,72000,2
2019.10.28,12:37,71900,72000,71900,72000,2
2019.10.28,12:41,72100,72100,72100,72100,1
2019.10.28,12:42,72200,72200,72100,72100,2
2019.10.28,12:47,72000,72000,72000,72000,1
2019.10.28,12:53,72100,72200,72100,72100,3
2019.10.28,12:55,72000,72000,72000,72000,1
2019.10.28,13:01,72100,72100,72100,72100,1
2019.10.28,13:02,72000,72000,72000,72000,1
2019.10.28,13:09,71900,71900,71900,71900,1
2019.10.28,13:14,72000,72000,72000,72000,1
2019.10.28,13:15,71900,71900,71900,71900,1
2019.10.28,13:27,72000,72000,72000,72000,1
2019.10.28,13:30,71900,71900,71900,71900,1
2019.10.28,13:31,72000,72000,72000,72000,1
2019.10.28,13:34,71800,71800,71800,71800,1
2019.10.28,13:37,71900,71900,71900,71900,1
2019.10.28,13:38,72000,72000,72000,72000,1
2019.10.28,13:39,71800,71900,71800,71900,2
2019.10.28,13:40,71800,71900,71800,71900,2
2019.10.28,13:54,71800,71800,71800,71800,1
2019.10.28,13:56,71700,71700,71700,71700,1
2019.10.28,13:58,71800,71800,71800,71800,1
2019.10.28,14:01,71900,71900,71900,71900,1
2019.10.28,14:02,71800,71800,71800,71800,1
2019.10.28,14:03,71900,71900,71900,71900,1
2019.10.28,14:07,71800,71800,71800,71800,1
2019.10.28,14:08,71900,71900,71900,71900,1
2019.10.28,14:09,71800,71800,71800,71800,1
2019.10.28,14:10,71900,71900,71900,71900,1
2019.10.28,14:18,71800,71800,71800,71800,1
2019.10.28,14:21,71700,71700,71700,71700,1
2019.10.28,14:22,71800,71800,71800,71800,1
2019.10.28,14:25,71900,71900,71900,71900,1
2019.10.28,14:27,71800,71900,71800,71900,2
2019.10.28,14:28,72000,72000,71900,71900,2
2019.10.28,14:29,71800,71800,71800,71800,1
2019.10.28,14:31,71900,71900,71800,71800,2
2019.10.28,14:32,71700,71700,71700,71700,1
2019.10.28,14:35,71600,71700,71600,71600,5
2019.10.28,14:38,71700,71700,71600,71600,2
2019.10.28,14:39,71500,71500,71200,71200,4
2019.10.28,14:40,71300,71400,71200,71300,10
2019.10.28,14:41,71500,71600,71500,71600,2
2019.10.28,14:42,71500,71700,71500,71700,3
2019.10.28,14:43,71600,71600,71600,71600,1
2019.10.28,14:47,71500,71500,71500,71500,1
2019.10.28,14:48,71400,71400,71400,71400,1
2019.10.28,14:49,71500,71500,71500,71500,1
2019.10.28,14:50,71400,71400,71300,71300,4
2019.10.28,14:51,71400,71500,71300,71500,7
2019.10.28,14:52,71400,71400,71300,71400,3
2019.10.28,14:53,71300,71300,71300,71300,1
2019.10.28,14:54,71400,71600,71400,71600,3
2019.10.28,14:55,71500,71700,71500,71600,3
2019.10.28,14:57,71500,71500,71500,71500,1
2019.10.28,14:59,71600,71600,71500,71500,2
2019.10.28,15:15,71400,71400,71400,71400,1
2019.10.28,15:16,71500,71500,71500,71500,1
2019.10.28,15:18,71600,71600,71600,71600,1
2019.10.28,15:21,71500,71500,71500,71500,1
2019.10.28,15:36,71400,71500,71400,71500,2
2019.10.28,15:55,71600,71600,71600,71600,1
2019.10.28,15:56,71500,71600,71500,71600,2
2019.10.28,15:57,71500,71500,71500,71500,1
2019.10.28,15:59,71600,71600,71600,71600,1
2019.10.28,16:00,71700,71700,71700,71700,1
2019.10.28,16:01,71800,71800,71700,71800,5
2019.10.28,16:02,71600,71600,71600,71600,1
2019.10.28,16:03,71700,71700,71700,71700,1
2019.10.28,16:04,71800,71800,71800,71800,1
2019.10.28,16:05,71700,71700,71700,71700,1
2019.10.28,16:14,71800,71800,71800,71800,1
2019.10.28,16:16,71700,71800,71700,71700,3
2019.10.28,16:18,71800,71800,71800,71800,1
2019.10.28,16:21,71700,71800,71700,71700,3
2019.10.28,16:24,71600,71600,71600,71600,1
2019.10.28,16:25,71700,71700,71600,71600,2
2019.10.28,16:28,71500,71500,71500,71500,1
2019.10.28,16:30,71600,71600,71600,71600,1
2019.10.28,16:32,71500,71500,71500,71500,1
2019.10.28,16:33,71600,71600,71500,71600,5
2019.10.28,16:37,71700,71700,71600,71600,2
2019.10.28,16:40,71700,71900,71700,71900,3
2019.10.28,16:41,72000,72200,72000,72200,3
2019.10.28,16:42,72300,72300,71900,71900,4
2019.10.28,16:43,71800,71800,71700,71700,2
2019.10.28,16:44,71800,71800,71700,71700,2
2019.10.28,16:49,71800,71800,71800,71800,1
2019.10.28,16:53,71700,71700,71700,71700,1
2019.10.28,16:54,71600,71600,71600,71600,1
2019.10.28,16:55,71700,71700,71700,71700,1
2019.10.28,16:58,71800,71800,71800,71800,1
2019.10.28,16:59,71700,71800,71700,71800,6
2019.10.28,17:00,71700,71700,71700,71700,1
2019.10.30,10:30,71600,71600,71600,71600,1
2019.10.30,10:31,71400,71500,71000,71000,7
2019.10.30,10:33,70600,71000,70600,71000,2
2019.10.30,10:36,70800,70800,70800,70800,1
2019.10.30,10:37,70700,70800,70700,70700,3
2019.10.30,10:38,70600,70700,70600,70700,2
2019.10.30,10:39,70800,70800,70800,70800,1
2019.10.30,10:40,70700,70700,70700,70700,1
2019.10.30,10:41,70600,70600,69700,69800,8
2019.10.30,10:42,69700,69800,69500,69500,10
2019.10.30,10:43,69800,69800,69500,69800,3
2019.10.30,10:44,69500,69700,69400,69600,4
2019.10.30,10:45,69400,69600,69400,69600,2
2019.10.30,10:47,69400,69400,69000,69000,6
2019.10.30,10:48,68800,69000,68500,68500,3
2019.10.30,10:49,68800,68800,68500,68500,5
2019.10.30,10:50,68600,68600,68500,68500,2
2019.10.30,10:51,68600,68600,68600,68600,1
2019.10.30,10:52,68800,68800,68700,68800,3
2019.10.30,10:53,68900,68900,68900,68900,1
2019.10.30,10:54,68800,68900,68700,68700,3
2019.10.30,10:55,68900,68900,68900,68900,1
2019.10.30,10:56,68700,68800,68700,68800,2
2019.10.30,10:57,68900,69000,68900,69000,2
2019.10.30,10:59,68800,68800,68800,68800,1
2019.10.30,11:02,68700,68700,68300,68300,5
2019.10.30,11:03,68200,68400,68100,68100,4
2019.10.30,11:18,68300,68300,68100,68100,2
2019.10.30,11:24,68400,68400,68400,68400,1
2019.10.30,11:25,68300,68300,68300,68300,1
2019.10.30,11:26,68200,68200,68100,68100,2
2019.10.30,11:34,68200,68200,68100,68100,2
2019.10.30,11:35,68200,68200,68100,68200,3
2019.10.30,11:36,68100,68200,68100,68100,3
2019.10.30,11:39,68200,68200,68100,68100,2
2019.10.30,11:40,68200,68200,68200,68200,1
2019.10.30,11:42,68100,68100,68100,68100,1
2019.10.30,11:44,68200,68300,68100,68200,4
2019.10.30,11:45,68100,68100,68100,68100,1
2019.10.30,11:46,68200,68200,68200,68200,1
2019.10.30,11:47,68300,68500,68200,68500,4
2019.10.30,11:48,68300,68600,68300,68600,7
2019.10.30,11:49,68500,68600,68500,68500,3
2019.10.30,11:51,68400,68400,68300,68300,2
2019.10.30,11:52,68400,68400,68400,68400,1
2019.10.30,11:53,68500,68500,68300,68400,3
2019.10.30,11:54,68500,68500,68300,68300,2
2019.10.30,11:56,68400,68500,68300,68500,3
2019.10.30,11:57,68400,68400,68400,68400,1
2019.10.30,11:58,68500,68500,68500,68500,1
2019.10.30,11:59,68400,68500,68400,68500,2
2019.10.30,12:00,68400,68400,68400,68400,1
2019.10.30,12:01,68300,68300,68100,68100,3
2019.10.30,12:02,68300,68300,68100,68100,2
2019.10.30,12:04,68300,68300,68200,68300,3
2019.10.30,12:06,68400,68400,68300,68300,2
2019.10.30,12:07,68400,68400,68400,68400,1
2019.10.30,12:08,68500,68500,68500,68500,1
2019.10.30,12:09,68300,68300,68300,68300,1
2019.10.30,12:10,68400,68400,68400,68400,1
2019.10.30,12:11,68500,68500,68500,68500,1
2019.10.30,12:12,68400,68400,68400,68400,1
2019.10.30,12:14,68300,68400,68300,68400,2
2019.10.30,12:15,68300,68400,68300,68400,2
2019.10.30,12:17,68300,68300,68300,68300,1
2019.10.30,12:18,68200,68200,68200,68200,1
2019.10.30,12:21,68300,68300,68300,68300,1
2019.10.30,12:22,68400,68400,68400,68400,1
2019.10.30,12:23,68300,68300,68300,68300,1
2019.10.30,12:28,68400,68400,68400,68400,1
2019.10.30,12:31,68500,68500,68500,68500,1
2019.10.30,12:32,68300,68400,68200,68200,4
2019.10.30,12:33,68100,68200,68100,68200,2
2019.10.30,12:34,68100,68300,68100,68300,2
2019.10.30,12:35,68100,68400,68100,68400,2
2019.10.30,12:36,68300,68300,68300,68300,1
2019.10.30,12:37,68400,68400,68400,68400,1
2019.10.30,12:38,68500,68500,68400,68400,4
2019.10.30,12:39,68500,68500,68500,68500,1
2019.10.30,12:40,68600,68600,68500,68500,2
2019.10.30,12:43,68400,68400,68400,68400,1
2019.10.30,12:44,68500,68500,68400,68500,5
2019.10.30,12:46,68300,68500,68200,68300,6
2019.10.30,12:47,68500,68500,68300,68300,2
2019.10.30,12:50,68200,68200,68200,68200,1
2019.10.30,12:51,68300,68300,68300,68300,1
2019.10.30,12:52,68400,68400,68300,68300,2
2019.10.30,12:53,68400,68400,68400,68400,1
2019.10.30,12:54,68500,68500,68400,68400,2
2019.10.30,12:57,68500,68500,68500,68500,1
2019.10.30,12:59,68300,68300,68300,68300,1
2019.10.30,13:00,68200,68200,68200,68200,1
2019.10.30,13:01,68300,68300,68300,68300,1
2019.10.30,13:05,68400,68400,68400,68400,1
2019.10.30,13:07,68200,68200,68200,68200,1
2019.10.30,13:08,68300,68300,68300,68300,1
2019.10.30,13:09,68400,68400,68400,68400,1
2019.10.30,13:10,68500,68500,68400,68500,3
2019.10.30,13:11,68400,68400,68400,68400,1
2019.10.30,13:12,68500,68500,68400,68400,2
2019.10.30,13:13,68500,68600,68500,68600,2
2019.10.30,13:14,68500,68500,68500,68500,1
2019.10.30,13:15,68600,68700,68500,68700,4
2019.10.30,13:16,68600,68600,68500,68500,2
2019.10.30,13:17,68400,68400,68400,68400,1
2019.10.30,13:18,68500,68600,68400,68600,3
2019.10.30,13:19,68400,68500,68400,68500,2
2019.10.30,13:20,68600,68600,68600,68600,1
2019.10.30,13:21,68400,68400,68400,68400,1
2019.10.30,13:23,68500,68500,68400,68400,2
2019.10.30,13:25,68500,68600,68500,68600,2
2019.10.30,13:26,68700,68800,68700,68700,3
2019.10.30,13:27,68600,68600,68500,68500,2
2019.10.30,13:28,68700,68700,68400,68700,4
2019.10.30,13:29,68300,68600,68300,68600,4
2019.10.30,13:30,68300,68700,68300,68700,2
2019.10.30,13:31,68400,68800,68400,68800,2
2019.10.30,13:32,68500,68700,68500,68700,3
2019.10.30,13:34,68800,68800,68500,68800,7
2019.10.30,13:35,68900,68900,68500,68900,4
2019.10.30,13:36,68800,68900,68800,68900,2
2019.10.30,13:38,68700,69000,68700,69000,5
2019.10.30,13:39,68900,69000,68600,68700,6
2019.10.30,13:40,68600,68900,68600,68900,5
2019.10.30,13:42,68800,68800,68800,68800,1
2019.10.30,13:46,68700,68700,68700,68700,1
2019.10.30,13:50,68900,68900,68900,68900,1
2019.10.30,13:51,69000,69000,68900,69000,5
2019.10.30,13:52,69100,69200,69100,69200,2
2019.10.30,13:53,69100,69100,69000,69100,3
2019.10.30,13:54,69200,69500,69200,69500,5
2019.10.30,13:55,69600,69800,69600,69600,7
2019.10.30,13:56,69300,69300,69200,69200,2
2019.10.30,13:57,69100,69400,69000,69400,7
2019.10.30,13:58,69500,69900,69400,69800,10
2019.10.30,13:59,69700,69900,69700,69800,8
2019.10.30,14:00,69900,70200,69900,70200,8
2019.10.30,14:01,70500,70500,69500,70400,19
2019.10.30,14:02,69800,69900,69400,69900,5
2019.10.30,14:03,70000,70600,70000,70600,10
2019.10.30,14:04,70500,70600,70200,70600,15
2019.10.30,14:05,70500,70700,70100,70100,9
2019.10.30,14:06,70000,70000,69700,69900,8
2019.10.30,14:07,69800,70000,69800,70000,6
2019.10.30,14:08,69800,69900,69800,69900,2
2019.10.30,14:09,70000,70100,70000,70000,3
2019.10.30,14:10,70100,70100,70100,70100,1
2019.10.30,14:11,70000,70000,70000,70000,1
2019.10.30,14:12,70100,70300,70000,70300,4
2019.10.30,14:13,70100,70200,70100,70200,2
2019.10.30,14:14,70000,70100,70000,70000,3
2019.10.30,14:15,70100,70100,70100,70100,1
2019.10.30,14:16,70000,70000,69700,69700,8
2019.10.30,14:17,69800,69800,69700,69800,3
2019.10.30,14:18,69900,69900,69800,69800,2
2019.10.30,14:19,69900,69900,69800,69800,2
2019.10.30,14:20,69700,69800,69700,69800,2
2019.10.30,14:22,69900,70000,69900,70000,2
2019.10.30,14:24,69900,69900,69900,69900,1
2019.10.30,14:26,70000,70000,70000,70000,1
2019.10.30,14:28,69800,69900,69800,69800,3
2019.10.30,14:29,69900,69900,69900,69900,1
2019.10.30,14:30,70000,70000,69900,69900,2
2019.10.30,14:32,70000,70000,70000,70000,1
2019.10.30,14:33,69900,69900,69900,69900,1
2019.10.30,14:34,70000,70200,70000,70100,6
2019.10.30,14:35,70200,70300,70100,70100,4
2019.10.30,14:36,70200,70400,70200,70400,3
2019.10.30,14:37,70500,70700,70500,70700,5
2019.10.30,14:38,70500,70600,70100,70600,5
2019.10.30,14:39,70100,70100,70100,70100,1
2019.10.30,14:40,70200,70200,70100,70100,2
2019.10.30,14:41,70300,70300,70100,70100,2
2019.10.30,14:42,70300,70300,70200,70200,2
2019.10.30,14:43,70100,70100,70100,70100,1
2019.10.30,14:44,70000,70000,69900,70000,3
2019.10.30,14:45,70100,70200,70100,70100,3
2019.10.30,14:46,70000,70200,69800,70100,5
2019.10.30,14:48,69900,70000,69900,70000,2
2019.10.30,14:49,69800,69800,69800,69800,1
2019.10.30,14:50,70000,70100,70000,70100,2
2019.10.30,14:52,70000,70000,70000,70000,1
2019.10.30,14:57,69800,69800,69800,69800,1
2019.10.30,14:58,70000,70000,70000,70000,1
2019.10.30,14:59,69900,70000,69900,69900,3
2019.10.30,15:00,70000,70000,69900,69900,2
2019.10.30,15:04,70000,70000,69900,69900,2
2019.10.30,15:06,69800,69900,69800,69800,3
2019.10.30,15:07,69900,69900,69800,69900,5
2019.10.30,15:08,69800,69900,69800,69800,3
2019.10.30,15:10,69900,70000,69900,70000,2
2019.10.30,15:11,69900,69900,69900,69900,1
2019.10.30,15:12,69800,69800,69800,69800,1
2019.10.30,15:13,69900,70000,69800,70000,4
2019.10.30,15:14,69900,69900,69900,69900,1
2019.10.30,15:15,70000,70000,70000,70000,1
2019.10.30,15:18,69900,69900,69900,69900,1
2019.10.30,15:22,70000,70000,70000,70000,1
2019.10.30,15:24,69900,69900,69900,69900,1
2019.10.30,15:26,69800,70100,69800,70100,4
2019.10.30,15:27,70200,70200,70100,70100,2
2019.10.30,15:28,70200,70200,70200,70200,1
2019.10.30,15:30,70100,70200,70100,70200,2
2019.10.30,15:31,70000,70000,70000,70000,1
2019.10.30,15:32,70100,70100,70100,70100,1
2019.10.30,15:34,70200,70200,70200,70200,1
2019.10.30,15:38,70100,70500,70100,70500,4
2019.10.30,15:39,70400,70400,70300,70300,2
2019.10.30,15:40,70200,70200,70200,70200,1
2019.10.30,15:43,70300,70300,70100,70100,4
2019.10.30,15:45,70200,70300,70200,70300,2
2019.10.30,15:46,70200,70300,70200,70300,2
2019.10.30,15:47,70400,70500,70400,70500,2
2019.10.30,15:48,70400,70400,70400,70400,1
2019.10.30,15:49,70300,70300,70100,70100,3
2019.10.30,15:50,70000,70000,70000,70000,1
2019.10.30,15:51,69900,70100,69900,69900,4
2019.10.30,15:52,70000,70000,69900,69900,4
2019.10.30,15:53,69800,70000,69800,69800,5
2019.10.30,15:54,69900,69900,69800,69800,4
2019.10.30,15:55,69900,69900,69800,69800,6
2019.10.30,15:56,69900,69900,69800,69800,2
2019.10.30,15:59,69900,70000,69900,70000,2
2019.10.30,16:00,70100,70100,69900,69900,3
2019.10.30,16:01,70000,70000,70000,70000,1
2019.10.30,16:02,69900,69900,69900,69900,1
2019.10.30,16:03,69800,69900,69800,69900,2
2019.10.30,16:04,69800,69800,69700,69700,2
2019.10.30,16:05,69800,69800,69800,69800,1
2019.10.30,16:07,69700,69800,69700,69800,2
2019.10.30,16:09,69700,69800,69700,69700,5
2019.10.30,16:10,69600,69600,69600,69600,1
2019.10.30,16:11,69700,69700,69600,69700,3
2019.10.30,16:12,69600,69600,69500,69500,2
2019.10.30,16:13,69400,69400,69100,69100,8
2019.10.30,16:14,69000,69000,69000,69000,1
2019.10.30,16:15,68900,68900,68600,68800,8
2019.10.30,16:16,68900,68900,68700,68700,3
2019.10.30,16:17,68600,68700,68500,68500,8
2019.10.30,16:18,68600,68600,68400,68500,3
2019.10.30,16:19,68600,68600,68500,68500,4
2019.10.30,16:20,68600,68700,68600,68700,2
2019.10.30,16:21,68800,68800,68600,68600,2
2019.10.30,16:22,68500,68600,68500,68500,3
2019.10.30,16:23,68600,68600,68500,68500,4
2019.10.30,16:24,68700,68700,68600,68600,2
2019.10.30,16:25,68700,68800,68700,68800,4
2019.10.30,16:26,68700,68700,68700,68700,1
2019.10.30,16:27,68600,68600,68500,68500,2
2019.10.30,16:28,68600,68600,68600,68600,1
2019.10.30,16:29,68500,68500,68500,68500,1
2019.10.30,16:30,68400,68400,68300,68400,3
2019.10.30,16:31,68300,68500,68300,68400,5
2019.10.30,16:32,68500,68500,68500,68500,1
2019.10.30,16:33,68600,68600,68500,68500,2
2019.10.30,16:34,68700,68700,68600,68600,2
2019.10.30,16:36,68700,68700,68700,68700,1
2019.10.30,16:38,68900,69000,68900,68900,3
2019.10.30,16:39,68800,68800,68800,68800,1
2019.10.30,16:40,68900,68900,68900,68900,1
2019.10.30,16:41,69000,69000,69000,69000,1
2019.10.30,16:42,68900,68900,68900,68900,1
2019.10.30,16:43,69000,69100,69000,69100,2
2019.10.30,16:44,68900,68900,68900,68900,1
2019.10.30,16:45,69000,69100,69000,69100,4
2019.10.30,16:46,69000,69100,68900,68900,3
2019.10.30,16:47,69100,69200,69100,69200,2
2019.10.30,16:48,69000,69000,69000,69000,1
2019.10.30,16:49,68900,68900,68600,68700,7
2019.10.30,16:50,68600,68700,68400,68400,9
2019.10.30,16:51,68300,68400,68300,68400,2
2019.10.30,16:52,68500,68600,68500,68600,2
2019.10.30,16:53,68700,69000,68400,68400,8
2019.10.30,16:54,68700,68700,68300,68400,9
2019.10.30,16:55,68700,68700,68700,68700,1
2019.10.30,16:56,68400,68400,68400,68400,1
2019.10.30,16:57,68500,68500,68500,68500,1
2019.10.30,16:58,68400,68500,68400,68400,3
2019.10.30,16:59,68300,68300,68300,68300,1
2019.10.31,10:30,68900,69000,68400,68400,5
2019.10.31,10:31,68900,69200,68900,69200,7
2019.10.31,10:32,69300,69400,69000,69400,5
2019.10.31,10:33,69300,70000,69300,69500,13
2019.10.31,10:34,69400,69400,69200,69200,2
2019.10.31,10:35,69300,69300,69100,69100,3
2019.10.31,10:36,69000,69000,69000,69000,1
2019.10.31,10:37,69100,69400,69100,69400,4
2019.10.31,10:38,69500,69600,69500,69500,3
2019.10.31,10:39,69700,69800,69700,69700,3
2019.10.31,10:40,69600,69700,69500,69500,5
2019.10.31,10:41,69600,69900,69600,69700,4
2019.10.31,10:43,69600,69600,69600,69600,1
2019.10.31,10:44,69500,69700,69500,69700,2
2019.10.31,10:45,69800,69800,69800,69800,1
2019.10.31,10:46,69900,69900,69700,69800,7
2019.10.31,10:48,69700,69800,69700,69800,2
2019.10.31,10:49,69700,69700,69700,69700,1
2019.10.31,10:51,69600,69900,69600,69900,4
2019.10.31,10:53,70000,70300,70000,70300,6
2019.10.31,10:54,70200,70300,70200,70300,4
2019.10.31,10:55,70200,70500,70200,70400,4
2019.10.31,10:56,70300,70300,70300,70300,1
2019.10.31,10:57,70400,70400,70400,70400,1
2019.10.31,10:58,70300,70300,70100,70100,3
2019.10.31,10:59,70200,70300,70200,70200,3
2019.10.31,11:00,70100,70300,70100,70200,4
2019.10.31,11:01,70300,70400,70200,70200,3
2019.10.31,11:02,70300,70400,70200,70400,5
2019.10.31,11:03,70300,70500,70200,70500,4
2019.10.31,11:04,70400,70500,70300,70500,6
2019.10.31,11:05,70600,71000,70600,71000,9
2019.10.31,11:06,70900,71100,70900,71000,4
2019.10.31,11:07,70900,71300,70900,71100,5
2019.10.31,11:08,71300,71600,71100,71400,7
2019.10.31,11:09,71200,71400,71200,71200,3
2019.10.31,11:10,71400,71400,71200,71300,3
2019.10.31,11:11,71200,71200,71100,71100,2
2019.10.31,11:12,71400,71400,71300,71300,2
2019.10.31,11:13,71100,71200,70900,71000,7
2019.10.31,11:14,71100,71100,71000,71000,2
2019.10.31,11:15,70900,70900,70900,70900,1
2019.10.31,11:16,71000,71000,70900,71000,3
2019.10.31,11:17,70800,70900,70800,70800,3
2019.10.31,11:18,70900,70900,70700,70700,2
2019.10.31,11:19,70600,70600,70500,70500,2
2019.10.31,11:20,70400,70500,70000,70000,7
2019.10.31,11:21,69900,70000,69700,69900,9
2019.10.31,11:22,70000,70200,70000,70000,3
2019.10.31,11:24,70200,70300,69900,70000,4
2019.10.31,11:26,69900,70000,69900,69900,3
2019.10.31,11:27,70000,70000,69800,69800,3
2019.10.31,11:28,69900,69900,69800,69800,2
2019.10.31,11:29,69900,70000,69900,70000,2
2019.10.31,11:30,70100,70100,70100,70100,1
2019.10.31,11:31,70200,70200,70100,70200,3
2019.10.31,11:33,70300,70300,70300,70300,1
2019.10.31,11:34,70400,70400,70400,70400,1
2019.10.31,11:35,70500,70600,70500,70600,2
2019.10.31,11:36,70500,70500,70500,70500,1
2019.10.31,11:38,70400,70500,70400,70500,2
2019.10.31,11:39,70400,70400,70400,70400,1
2019.10.31,11:40,70500,70600,70500,70600,2
2019.10.31,11:41,70500,70600,70500,70600,2
2019.10.31,11:42,70700,70900,70600,70900,5
2019.10.31,11:43,71000,71000,70800,70800,3
2019.10.31,11:44,71000,71000,71000,71000,1
2019.10.31,11:45,70900,70900,70900,70900,1
2019.10.31,11:47,70800,70800,70700,70700,2
2019.10.31,11:48,70600,70600,70600,70600,1
2019.10.31,11:49,70700,70700,70700,70700,1
2019.10.31,11:50,70800,71300,70800,71200,7
2019.10.31,11:51,71300,71400,71200,71400,7
2019.10.31,11:52,71500,71700,71500,71700,3
2019.10.31,11:53,71800,72100,71800,71800,8
2019.10.31,11:54,71500,71600,71400,71400,4
2019.10.31,11:55,71300,71300,71200,71200,4
2019.10.31,11:56,71300,71300,71200,71300,3
2019.10.31,11:58,71400,71400,71300,71300,2
2019.10.31,11:59,71200,71200,71200,71200,1
2019.10.31,12:00,71300,71300,71200,71200,4
2019.10.31,12:01,71300,71300,71300,71300,1
2019.10.31,12:02,71400,71400,71300,71300,2
2019.10.31,12:04,71400,71500,71300,71400,4
2019.10.31,12:05,71500,71500,71400,71500,3
2019.10.31,12:06,71400,71400,71400,71400,1
2019.10.31,12:07,71300,71500,71300,71300,3
2019.10.31,12:09,71500,71500,71500,71500,1
2019.10.31,12:10,71400,71400,71400,71400,1
2019.10.31,12:12,71500,71600,71500,71600,2
2019.10.31,12:14,71500,71500,71500,71500,1
2019.10.31,12:19,71400,71400,71400,71400,1
2019.10.31,12:24,71500,71500,71500,71500,1
2019.10.31,12:26,71600,71700,71600,71700,2
2019.10.31,12:27,71800,72000,71800,71900,8
2019.10.31,12:29,71800,71900,71800,71900,2
2019.10.31,12:30,71800,71800,71800,71800,1
2019.10.31,12:31,71700,71700,71700,71700,1
2019.10.31,12:32,71800,71800,71800,71800,1
2019.10.31,12:33,71700,71800,71700,71700,3
2019.10.31,12:34,71900,72000,71700,71900,5
2019.10.31,12:35,72000,72200,72000,72200,5
2019.10.31,12:36,72100,72200,71900,71900,6
2019.10.31,12:37,71800,72200,71800,72200,6
2019.10.31,12:38,72000,72200,72000,72200,3
2019.10.31,12:39,72100,72200,72100,72200,4
2019.10.31,12:40,72000,72100,72000,72100,2
2019.10.31,12:41,72000,72300,72000,72300,3
2019.10.31,12:42,72100,72300,72100,72300,2
2019.10.31,12:43,72200,72200,72100,72200,3
2019.10.31,12:44,72100,72300,72000,72100,6
2019.10.31,12:45,72300,72500,72300,72500,7
2019.10.31,12:46,72400,72500,72400,72500,4
2019.10.31,12:47,72400,72500,72400,72500,4
2019.10.31,12:49,72400,72400,72400,72400,1
2019.10.31,12:50,72500,72500,72500,72500,1
2019.10.31,12:51,72400,72500,72400,72400,3
2019.10.31,12:53,72500,72500,72500,72500,1
2019.10.31,12:54,72300,72300,72300,72300,1
2019.10.31,12:55,72400,72400,72400,72400,1
2019.10.31,12:57,72500,72500,72500,72500,1
2019.10.31,12:58,72400,72400,72300,72400,3
2019.10.31,12:59,72200,72200,72200,72200,1
2019.10.31,13:04,72100,72200,72100,72200,2
2019.10.31,13:05,72100,72100,72100,72100,1
2019.10.31,13:06,72000,72100,72000,72100,2
2019.10.31,13:08,72200,72200,72200,72200,1
2019.10.31,13:09,72300,72300,72200,72200,2
2019.10.31,13:10,72300,72400,72300,72400,2
2019.10.31,13:11,72500,72500,72500,72500,1
2019.10.31,13:15,72400,72400,72300,72400,5
2019.10.31,13:16,72300,72400,72300,72400,4
2019.10.31,13:17,72200,72200,72000,72100,7
2019.10.31,13:18,72200,72200,71900,71900,4
2019.10.31,13:19,72000,72000,71700,71700,3
2019.10.31,13:20,71800,72000,71800,72000,2
2019.10.31,13:23,72100,72100,72000,72000,4
2019.10.31,13:24,71900,71900,71900,71900,1
2019.10.31,13:25,72000,72000,71700,71700,2
2019.10.31,13:26,72000,72000,71900,71900,2
2019.10.31,13:27,72000,72100,72000,72000,3
2019.10.31,13:29,72100,72100,72100,72100,1
2019.10.31,13:31,72000,72100,72000,72100,2
2019.10.31,13:32,72200,72200,72200,72200,1
2019.10.31,13:33,72100,72100,72000,72000,2
2019.10.31,13:34,71900,71900,71900,71900,1
2019.10.31,13:35,72000,72100,72000,72100,2
2019.10.31,13:36,72200,72200,72200,72200,1
2019.10.31,13:37,72100,72200,72100,72200,4
2019.10.31,13:38,72100,72100,72000,72100,3
2019.10.31,13:41,72000,72000,72000,72000,1
2019.10.31,13:42,72200,72200,72200,72200,1
2019.10.31,13:45,72300,72300,72200,72300,3
2019.10.31,13:48,72100,72200,72100,72200,2
2019.10.31,13:49,72000,72000,72000,72000,1
2019.10.31,13:54,72100,72100,72100,72100,1
2019.10.31,13:58,72200,72200,72200,72200,1
2019.10.31,13:59,72300,72300,72200,72200,2
2019.10.31,14:03,72000,72000,72000,72000,1
2019.10.31,14:08,72100,72100,72100,72100,1
2019.10.31,14:10,72000,72000,72000,72000,1
2019.10.31,14:15,72100,72100,72000,72000,2
2019.10.31,14:17,72100,72100,72000,72000,2
2019.10.31,14:18,71900,71900,71900,71900,1
2019.10.31,14:19,72000,72000,72000,72000,1
2019.10.31,14:21,71900,71900,71900,71900,1
2019.10.31,14:25,72000,72000,72000,72000,1
2019.10.31,14:26,71900,71900,71900,71900,1
2019.10.31,14:28,72000,72100,72000,72100,2
2019.10.31,14:29,72200,72200,72100,72100,2
2019.10.31,14:41,72200,72300,72200,72300,2
2019.10.31,14:42,72400,72500,72400,72500,2
2019.10.31,14:44,72400,72400,72400,72400,1
2019.10.31,14:47,72500,72500,72500,72500,1
2019.10.31,14:48,72400,72400,72400,72400,1
2019.10.31,14:49,72300,72300,72300,72300,1
2019.10.31,14:50,72400,72400,72400,72400,1
2019.10.31,14:52,72200,72200,72200,72200,1
2019.10.31,14:54,72300,72300,72200,72300,3
2019.10.31,14:55,72200,72200,72200,72200,1
2019.10.31,14:58,72300,72300,72300,72300,1
2019.10.31,15:00,72400,72400,72400,72400,1
2019.10.31,15:03,72300,72300,72300,72300,1
2019.10.31,15:06,72200,72200,72200,72200,1
2019.10.31,15:08,72300,72300,72300,72300,1
2019.10.31,15:11,72200,72200,72200,72200,1
2019.10.31,15:21,72300,72300,72200,72200,2
2019.10.31,15:22,72300,72300,72300,72300,1
2019.10.31,15:23,72400,72400,72400,72400,1
2019.10.31,15:32,72500,72500,72500,72500,1
2019.10.31,15:44,72400,72400,72200,72300,4
2019.10.31,15:45,72200,72500,72200,72500,2
2019.11.02,10:30,74400,75500,74400,75400,18
2019.11.02,10:31,75500,75800,75400,75800,12
2019.11.02,10:32,75700,75800,75600,75600,4
2019.11.02,10:33,75700,75700,75700,75700,1
2019.11.02,10:34,75800,75800,75300,75300,7
2019.11.02,10:35,75700,75700,75300,75300,2
2019.11.02,10:36,75800,75800,75800,75800,1
2019.11.02,10:37,75500,75700,75100,75500,10
2019.11.02,10:38,75400,75700,75400,75700,5
2019.11.02,10:39,75600,75700,75500,75500,5
2019.11.02,10:40,75700,75700,75600,75600,2
2019.11.02,10:41,75700,75800,75700,75800,2
2019.11.02,10:44,75700,75800,75700,75800,2
2019.11.02,10:45,75700,75800,75700,75700,3
2019.11.02,10:46,75800,75800,75800,75800,1
2019.11.02,12:21,75700,75700,75700,75700,1
2019.11.02,12:22,75800,75800,75700,75800,7
2019.11.02,12:23,75700,75800,75700,75700,5
2019.11.02,12:24,75800,75800,75700,75800,3
2019.11.02,12:25,75700,75800,75700,75800,2
2019.11.02,14:16,75700,75800,75700,75800,2
2019.11.02,14:17,75700,75700,75600,75600,2
2019.11.02,14:18,75500,75500,75500,75500,1
2019.11.02,14:20,75400,75400,75400,75400,1
2019.11.02,14:21,75500,75500,75400,75400,2
2019.11.02,14:22,75500,75500,75200,75200,4
2019.11.02,14:23,75300,75300,75300,75300,1
2019.11.02,14:24,75200,75200,75100,75200,3
2019.11.02,14:25,75300,75300,75300,75300,1
2019.11.02,14:27,75400,75500,75400,75500,2
2019.11.02,14:28,75600,75800,75600,75800,5
2019.11.02,14:29,75700,75700,75600,75700,3
2019.11.02,14:31,75800,75800,75800,75800,1
2019.11.02,14:33,75700,75700,75700,75700,1
2019.11.02,14:34,75800,75800,75800,75800,1
2019.11.02,14:35,75700,75700,75600,75600,2
2019.11.02,14:36,75700,75700,75700,75700,1
2019.11.02,14:39,75600,75600,75500,75500,2
2019.11.02,14:40,75600,75600,75600,75600,1
2019.11.02,14:41,75500,75500,75500,75500,1
2019.11.02,14:42,75400,75500,75400,75500,2
2019.11.02,14:43,75400,75400,75400,75400,1
2019.11.02,14:45,75300,75300,75100,75100,3
2019.11.02,14:46,75200,75300,75200,75300,4
2019.11.02,14:47,75200,75200,75200,75200,1
2019.11.02,14:48,75300,75300,75100,75300,3
2019.11.02,14:50,75200,75200,75200,75200,1
2019.11.02,14:51,75100,75200,75000,75000,6
2019.11.02,14:52,74900,74900,74800,74900,3
2019.11.02,14:53,75000,75000,74900,74900,2
2019.11.02,14:54,74800,75300,74800,75300,7
2019.11.02,14:55,75200,75400,75100,75100,6
2019.11.02,14:56,75000,75100,75000,75100,2
2019.11.02,14:57,75200,75200,75000,75000,6
2019.11.02,14:58,75100,75100,75100,75100,1
2019.11.02,14:59,74900,75000,74900,75000,2
2019.11.02,15:00,75100,75200,75100,75200,2
2019.11.02,15:01,75100,75200,75100,75200,2
2019.11.02,15:02,75000,75000,75000,75000,1
2019.11.02,15:04,75100,75200,75100,75200,2
2019.11.02,15:05,75300,75400,75300,75400,2
2019.11.02,15:06,75500,75500,75500,75500,1
2019.11.02,15:07,75600,75600,75500,75500,2
2019.11.02,15:08,75400,75400,75400,75400,1
2019.11.02,15:09,75300,75300,75200,75200,2
2019.11.02,15:10,75100,75100,74900,74900,5
2019.11.02,15:11,75000,75000,74900,74900,4
2019.11.02,15:12,74800,74800,74600,74600,3
2019.11.02,15:13,74500,74800,74400,74400,6
2019.11.02,15:14,74300,74800,74300,74600,8
2019.11.02,15:15,74700,75000,74700,75000,3
2019.11.02,15:16,74800,74800,74600,74600,5
2019.11.02,15:17,74500,74700,74500,74700,2
2019.11.02,15:20,74800,74800,74600,74800,4
2019.11.02,15:21,74500,74800,74400,74500,8
2019.11.02,15:22,74700,74700,74500,74600,4
2019.11.02,15:23,74700,74700,74500,74500,3
2019.11.02,15:24,74300,74500,74300,74500,2
2019.11.02,15:25,74400,74400,74400,74400,1
2019.11.02,15:26,74300,74300,74100,74100,5
2019.11.02,15:27,74000,74100,73800,74000,10
2019.11.02,15:28,74100,74100,74000,74000,2
2019.11.02,15:29,74100,74300,74100,74300,5
2019.11.02,15:30,74400,74500,74300,74500,4
2019.11.02,15:31,74600,74600,74600,74600,1
2019.11.02,15:32,74500,74500,74400,74400,2
2019.11.02,15:33,74300,74500,74300,74500,2
2019.11.02,15:34,74600,74600,74500,74600,3
2019.11.02,15:35,74500,74600,74500,74500,3
2019.11.02,15:36,74400,74500,74400,74500,2
2019.11.02,15:37,74600,74600,74500,74500,2
2019.11.02,15:40,74600,74600,74000,74000,5
2019.11.02,15:41,73900,74200,73900,74100,5
2019.11.02,15:42,74200,74400,74200,74300,3
2019.11.02,15:43,74200,74200,74000,74000,2
2019.11.02,15:44,74300,74400,74300,74400,2
2019.11.02,15:45,74300,74500,74300,74500,2
2019.11.02,15:46,74600,74600,74600,74600,1
2019.11.02,15:47,74500,74500,74400,74400,2
2019.11.02,15:48,74500,74500,74300,74300,2
2019.11.02,15:49,74400,74400,74300,74300,2
2019.11.02,15:50,74400,74400,74400,74400,1
2019.11.02,15:53,74500,74500,74500,74500,1
2019.11.02,15:54,74600,74600,74600,74600,1
2019.11.02,15:55,74400,74400,74300,74300,2
2019.11.02,15:56,74200,74200,73900,73900,10
2019.11.02,15:57,73800,73900,73800,73900,2
2019.11.02,15:58,74000,74000,74000,74000,1
2019.11.02,15:59,73900,73900,73400,73400,4
2019.11.02,16:00,73600,73800,73400,73700,6
2019.11.02,16:01,73500,73800,73500,73800,3
2019.11.02,16:02,73600,73600,73500,73600,3
2019.11.02,16:03,73500,73600,73400,73500,4
2019.11.02,16:04,73400,73400,73300,73300,4
2019.11.02,16:05,73500,73500,73300,73300,3
2019.11.02,16:06,73400,73600,73400,73600,7
2019.11.02,16:07,73500,73600,73400,73600,3
2019.11.02,16:08,73400,73500,73400,73500,2
2019.11.02,16:09,73600,73600,73500,73500,2
2019.11.02,16:11,73600,73600,73600,73600,1
2019.11.02,16:12,73700,73700,73500,73500,2
2019.11.02,16:13,73600,73600,73500,73500,2
2019.11.02,16:14,73400,74000,73400,74000,5
2019.11.02,16:15,74100,74300,74100,74100,3
2019.11.02,16:16,74000,74200,73600,73600,9
2019.11.02,16:17,73700,73800,73600,73800,3
2019.11.02,16:18,73700,73800,73700,73800,2
2019.11.02,16:19,73700,73800,73700,73700,3
2019.11.02,16:20,73600,73900,73600,73900,2
2019.11.02,16:21,73700,73700,73600,73600,2
2019.11.02,16:22,73700,73700,73700,73700,1
2019.11.02,16:24,73800,74000,73800,74000,3
2019.11.02,16:25,74100,74300,74100,74300,3
2019.11.02,16:26,74200,74200,74200,74200,1
2019.11.02,16:27,74300,74300,74100,74100,3
2019.11.02,16:28,74300,74300,74100,74100,4
2019.11.02,16:29,74200,74400,74200,74400,3
2019.11.02,16:30,74500,74500,74200,74200,4
2019.11.02,16:31,74400,74400,74400,74400,1
2019.11.02,16:32,74300,74300,74300,74300,1
2019.11.02,16:33,74100,74200,74000,74200,4
2019.11.02,16:34,74300,74300,74300,74300,1
2019.11.02,16:35,74200,74200,74200,74200,1
2019.11.02,16:36,74300,74300,74300,74300,1
2019.11.02,16:38,74400,74500,74400,74500,2
2019.11.02,16:39,74400,74500,74400,74500,2
2019.11.02,16:41,74600,74800,74600,74800,2
2019.11.02,16:42,74600,74600,74500,74500,2
2019.11.02,16:43,74400,74500,74400,74500,2
2019.11.02,16:44,74400,74500,74400,74400,3
2019.11.02,16:47,74500,74500,74400,74400,2
2019.11.02,16:48,74500,74500,74500,74500,1
2019.11.02,16:49,74600,74600,74600,74600,1
2019.11.02,16:51,74700,74800,74700,74800,2
2019.11.02,16:52,74900,74900,74800,74800,2
2019.11.02,16:53,74900,74900,74900,74900,1
2019.11.02,16:54,74800,74900,74800,74900,4
2019.11.02,16:58,75000,75000,74800,74800,3
2019.11.02,16:59,74700,74700,74600,74600,2
2019.11.03,10:29,73600,73600,73600,73600,1
2019.11.03,10:30,74100,74100,73700,73900,6
2019.11.03,10:31,74000,74000,73400,73400,9
2019.11.03,10:32,73300,73300,72200,72500,12
2019.11.03,10:33,72400,72800,72200,72200,9
2019.11.03,10:34,72900,72900,72500,72800,10
2019.11.03,10:35,72900,73200,72800,73000,12
2019.11.03,10:36,72800,73300,72800,73300,8
2019.11.03,10:37,73200,73200,72700,72700,7
2019.11.03,10:38,72600,73000,72300,72900,8
2019.11.03,10:39,72800,73000,72700,73000,8
2019.11.03,10:40,72900,73100,72900,73100,5
2019.11.03,10:41,73000,73100,73000,73000,5
2019.11.03,10:43,72900,73000,72800,73000,6
2019.11.03,10:44,73100,73100,73000,73000,2
2019.11.03,10:45,73300,73300,73100,73100,2
2019.11.03,10:46,73200,73300,73200,73300,2
2019.11.03,10:47,73400,73400,73300,73300,2
2019.11.03,10:48,73500,73500,73200,73500,4
2019.11.03,10:49,73400,73400,73300,73300,2
2019.11.03,10:50,73200,73300,73200,73300,2
2019.11.03,10:51,73200,73300,73200,73200,3
2019.11.03,10:53,73100,73400,73100,73400,2
2019.11.03,10:54,73300,73400,73300,73300,3
2019.11.03,10:56,73200,73200,73100,73100,2
2019.11.03,10:57,73000,73000,72800,73000,4
2019.11.03,10:58,73200,73300,72900,73300,5
2019.11.03,10:59,73400,73400,73400,73400,1
2019.11.03,11:00,73300,73400,72800,72800,8
2019.11.03,11:01,73200,73300,72800,73300,3
2019.11.03,11:02,73200,73400,73200,73400,2
2019.11.03,11:03,73200,73300,73200,73300,2
2019.11.03,11:04,73400,73400,73400,73400,1
2019.11.03,11:05,73100,73100,73100,73100,1
2019.11.03,11:06,73200,73300,73000,73200,5
2019.11.03,11:07,73300,73300,73200,73200,2
2019.11.03,11:08,73300,73300,73100,73200,3
2019.11.03,11:09,73100,73100,73100,73100,1
2019.11.03,11:10,73200,73200,73100,73100,2
2019.11.03,11:11,73000,73000,73000,73000,1
2019.11.03,11:12,73100,73100,73100,73100,1
2019.11.03,11:14,73000,73000,72900,72900,2
2019.11.03,11:15,72800,73000,72800,72900,6
2019.11.03,11:16,72800,72900,72800,72800,3
2019.11.03,11:17,72700,72700,72700,72700,1
2019.11.03,11:18,72900,72900,72900,72900,1
2019.11.03,11:19,73000,73000,72900,73000,3
2019.11.03,11:21,72900,72900,72900,72900,1
2019.11.03,11:22,72700,73000,72600,72900,4
2019.11.03,11:23,73000,73000,73000,73000,1
2019.11.03,11:24,72800,72800,72800,72800,1
2019.11.03,11:25,72600,72600,72500,72500,2
2019.11.03,11:26,72900,72900,72900,72900,1
2019.11.03,11:27,72600,72600,72600,72600,1
2019.11.03,11:28,72700,72700,72600,72600,2
2019.11.03,11:29,72500,72500,72400,72400,2
2019.11.03,11:30,72300,72400,72300,72400,2
2019.11.03,11:31,72300,72300,72200,72200,2
2019.11.03,11:32,72300,72300,72000,72100,7
2019.11.03,11:33,72000,72100,71900,72100,4
2019.11.03,11:34,72000,72200,72000,72100,4
2019.11.03,11:35,72200,72200,72000,72000,2
2019.11.03,11:36,72100,72200,72000,72200,4
2019.11.03,11:37,72000,72100,72000,72100,6
2019.11.03,11:38,72000,72000,72000,72000,1
2019.11.03,11:39,72100,72200,72000,72200,4
2019.11.03,11:40,72300,72300,72300,72300,1
2019.11.03,11:41,72200,72300,72200,72300,2
2019.11.03,11:43,72200,72300,72200,72300,2
2019.11.03,11:44,72200,72200,72100,72100,2
2019.11.03,11:47,72200,72200,72200,72200,1
2019.11.03,11:49,72400,72400,72400,72400,1
2019.11.03,11:50,72300,72300,72200,72200,2
2019.11.03,11:51,72300,72300,72200,72300,3
2019.11.03,11:53,72200,72200,72200,72200,1
2019.11.03,11:54,72300,72500,72200,72500,3
2019.11.03,11:57,72300,72300,72300,72300,1
2019.11.03,11:58,72400,72400,72400,72400,1
2019.11.03,11:59,72500,72800,72500,72800,5
2019.11.03,12:00,72900,72900,72700,72900,7
2019.11.03,12:01,72800,73000,72800,73000,7
2019.11.03,12:02,73100,73100,73000,73000,2
2019.11.03,12:04,72900,72900,72700,72700,3
2019.11.03,12:05,72800,72800,72800,72800,1
2019.11.03,12:07,72700,72700,72700,72700,1
2019.11.03,12:08,72600,72600,72600,72600,1
2019.11.03,12:09,72800,72800,72800,72800,1
2019.11.03,12:10,72700,72800,72700,72800,2
2019.11.03,12:12,72900,72900,72800,72800,4
2019.11.03,12:14,72900,72900,72900,72900,1
2019.11.03,12:16,72800,72900,72800,72900,2
2019.11.03,12:17,72800,72800,72800,72800,1
2019.11.03,12:19,72900,72900,72800,72900,3
2019.11.03,12:20,73000,73000,73000,73000,1
2019.11.03,12:22,72900,73000,72900,73000,2
2019.11.03,12:23,72900,72900,72900,72900,1
2019.11.03,12:26,72800,72800,72700,72700,2
2019.11.03,12:27,72800,72800,72700,72800,3
2019.11.03,12:29,72900,73000,72900,72900,3
2019.11.03,12:30,73000,73000,73000,73000,1
2019.11.03,12:31,72900,72900,72900,72900,1
2019.11.03,12:34,73000,73000,73000,73000,1
2019.11.03,12:35,72900,72900,72900,72900,1
2019.11.03,12:36,72800,72800,72800,72800,1
2019.11.03,12:37,72900,72900,72900,72900,1
2019.11.03,12:40,72800,72800,72800,72800,1
2019.11.03,12:41,72900,72900,72900,72900,1
2019.11.03,12:43,72800,72900,72800,72900,2
2019.11.03,12:44,72800,72800,72800,72800,1
2019.11.03,12:45,72900,72900,72800,72800,2
2019.11.03,12:47,72900,72900,72800,72800,2
2019.11.03,12:48,72900,72900,72900,72900,1
2019.11.03,12:50,72800,72800,72800,72800,1
2019.11.03,12:51,72900,72900,72900,72900,1
2019.11.03,12:54,72800,72800,72800,72800,1
2019.11.03,12:55,72900,72900,72900,72900,1
2019.11.03,12:56,72800,72800,72800,72800,1
2019.11.03,12:58,72700,72900,72700,72700,5
2019.11.03,12:59,72800,72800,72800,72800,1
2019.11.03,13:00,72900,72900,72900,72900,1
2019.11.03,13:02,72800,72800,72800,72800,1
2019.11.03,13:10,72700,72700,72700,72700,1
2019.11.03,13:16,72600,72700,72600,72600,3
2019.11.03,13:17,72500,72700,72500,72700,3
2019.11.03,13:18,72600,72900,72600,72900,3
2019.11.03,13:19,73000,73000,73000,73000,1
2019.11.03,13:20,72900,73000,72900,73000,2
2019.11.03,13:23,72900,72900,72900,72900,1
2019.11.03,13:25,72800,72800,72800,72800,1
2019.11.03,13:26,72700,72700,72700,72700,1
2019.11.03,13:29,72600,72800,72600,72800,2
2019.11.03,13:30,72700,72900,72700,72900,3
2019.11.03,13:31,72600,72600,72600,72600,1
2019.11.03,13:32,72800,72800,72800,72800,1
2019.11.03,13:33,72600,72600,72600,72600,1
2019.11.03,13:35,72800,72800,72700,72800,3
2019.11.03,13:36,72900,72900,72900,72900,1
2019.11.03,13:37,72800,72800,72800,72800,1
2019.11.03,13:38,72700,72700,72700,72700,1
2019.11.03,13:39,72800,72800,72700,72700,2
2019.11.03,13:40,72600,72600,72600,72600,1
2019.11.03,13:41,72700,72700,72700,72700,1
2019.11.03,13:45,72600,72600,72600,72600,1
2019.11.03,13:47,72700,72800,72700,72800,2
2019.11.03,13:50,72700,72700,72700,72700,1
2019.11.03,13:52,72600,72600,72500,72500,2
2019.11.03,13:54,72600,72800,72600,72800,3
2019.11.03,13:55,72600,72600,72600,72600,1
2019.11.03,13:59,72900,73000,72900,73000,2
2019.11.03,14:01,72900,72900,72900,72900,1
2019.11.03,14:02,72800,72800,72800,72800,1
2019.11.03,14:03,72900,72900,72900,72900,1
2019.11.03,14:04,72800,72800,72700,72700,2
2019.11.03,14:05,72800,72800,72800,72800,1
2019.11.03,14:06,72700,72700,72700,72700,1
2019.11.03,14:13,72800,72800,72800,72800,1
2019.11.03,14:21,72700,72700,72700,72700,1
2019.11.03,14:22,72800,72800,72800,72800,1
2019.11.03,14:23,72900,72900,72800,72800,2
2019.11.03,14:24,72900,72900,72900,72900,1
2019.11.03,14:25,73000,73000,73000,73000,1
2019.11.03,14:26,72800,72800,72800,72800,1
2019.11.03,14:32,72900,72900,72800,72800,2
2019.11.03,14:33,72900,72900,72900,72900,1
2019.11.03,14:34,72800,72900,72800,72900,2
2019.11.03,14:36,72800,72800,72800,72800,1
2019.11.03,14:42,72900,72900,72800,72800,2
2019.11.03,14:44,72700,72700,72700,72700,1
2019.11.03,14:45,72600,72600,72600,72600,1
2019.11.03,14:46,72500,72500,72500,72500,1
2019.11.03,14:47,72400,72400,72400,72400,1
2019.11.03,14:49,72300,72300,72300,72300,1
2019.11.03,14:50,72200,72200,72100,72100,2
2019.11.03,14:51,72200,72200,72200,72200,1
2019.11.03,14:52,72300,72300,72300,72300,1
2019.11.03,14:57,72200,72400,72200,72200,3
2019.11.03,14:58,72300,72300,72300,72300,1
2019.11.03,14:59,72200,72200,72000,72000,2
2019.11.03,15:00,72100,72200,72100,72200,2
2019.11.03,15:02,72300,72400,72300,72400,2
2019.11.03,15:03,72300,72400,72300,72400,2
2019.11.03,15:04,72300,72300,72200,72200,2
2019.11.03,15:06,72300,72300,72300,72300,1
2019.11.03,15:07,72200,72200,72200,72200,1
2019.11.03,15:08,72300,72300,72300,72300,1
2019.11.03,15:10,72200,72200,72200,72200,1
2019.11.03,15:11,72100,72100,72100,72100,1
2019.11.03,15:12,72200,72200,72200,72200,1
2019.11.03,15:13,72100,72100,72000,72000,2
2019.11.03,15:14,71900,71900,71700,71800,6
2019.11.03,15:15,72000,72000,71900,71900,2
2019.11.03,15:16,71800,72000,71800,72000,2
2019.11.03,15:17,71800,72000,71600,71600,6
2019.11.03,15:18,71700,71700,71400,71600,5
2019.11.03,15:19,71500,71600,71500,71600,4
2019.11.03,15:20,71700,71700,71700,71700,1
2019.11.03,15:23,71800,71800,71400,71500,4
2019.11.03,15:24,71700,71700,71700,71700,1
2019.11.03,15:25,71500,71500,71500,71500,1
2019.11.03,15:26,71400,71600,71400,71400,3
2019.11.03,15:27,71700,71700,71600,71700,3
2019.11.03,15:28,71800,71900,71600,71600,3
2019.11.03,15:29,71500,71500,71500,71500,1
2019.11.03,15:30,71400,71500,71400,71400,3
2019.11.03,15:31,71300,71500,71300,71500,2
2019.11.03,15:32,71400,71400,71100,71100,4
2019.11.03,15:33,71000,71200,70600,70600,8
2019.11.03,15:34,70500,70700,70500,70700,5
2019.11.03,15:36,70800,70800,70800,70800,1
2019.11.03,15:37,70900,71000,70800,71000,4
2019.11.03,15:38,70900,70900,70900,70900,1
2019.11.03,15:39,71000,71000,71000,71000,1
2019.11.03,15:41,70900,70900,70500,70500,7
2019.11.03,15:42,70600,70700,70600,70600,5
2019.11.03,15:43,70700,70900,70700,70900,2
2019.11.03,15:44,70700,70700,70600,70600,2
2019.11.03,15:45,70700,70800,70600,70800,4
2019.11.03,15:47,70700,70800,70700,70800,2
2019.11.03,15:48,70900,70900,70900,70900,1
2019.11.03,15:49,71000,71000,70900,70900,2
2019.11.03,15:50,71000,71000,71000,71000,1
2019.11.03,15:53,70900,71100,70900,71100,4
2019.11.03,15:54,70900,70900,70900,70900,1
2019.11.03,15:56,71000,71000,70900,70900,2
2019.11.03,15:57,71000,71100,71000,71100,2
2019.11.03,15:58,71000,71000,70900,70900,2
2019.11.03,16:00,71000,71100,71000,71100,2
2019.11.03,16:01,71200,71200,71000,71200,5
2019.11.03,16:02,71100,71200,71100,71200,4
2019.11.03,16:03,71300,71500,71300,71500,5
2019.11.03,16:05,71400,71500,71400,71500,4
2019.11.03,16:06,71400,71400,71400,71400,1
2019.11.03,16:08,71500,71500,71500,71500,1
2019.11.03,16:09,71300,71300,71200,71200,2
2019.11.03,16:10,71300,71300,71300,71300,1
2019.11.03,16:11,71100,71200,71100,71200,2
2019.11.03,16:14,71100,71100,71000,71000,4
2019.11.03,16:15,70900,71200,70900,71200,2
2019.11.03,16:17,71300,71300,71300,71300,1
2019.11.03,16:18,71200,71200,71200,71200,1
2019.11.03,16:19,71300,71300,71300,71300,1
2019.11.03,16:20,71400,71400,71300,71400,3
2019.11.03,16:21,71300,71500,71200,71200,3
2019.11.03,16:22,71300,71500,71200,71200,6
2019.11.03,16:23,71400,71400,71200,71300,4
2019.11.03,16:25,71100,71100,71000,71000,2
2019.11.03,16:26,71300,71300,71200,71200,2
2019.11.03,16:27,71300,71300,71100,71100,3
2019.11.03,16:28,71000,71100,71000,71100,2
2019.11.03,16:29,71200,71200,71200,71200,1
2019.11.03,16:33,71300,71300,71000,71300,3
2019.11.03,16:34,71200,71200,71100,71100,2
2019.11.03,16:36,71200,71200,71200,71200,1
2019.11.03,16:37,71100,71200,71100,71200,2
2019.11.03,16:38,71100,71100,71100,71100,1
2019.11.03,16:40,71200,71200,71200,71200,1
2019.11.03,16:41,71300,71300,71300,71300,1
2019.11.03,16:42,71200,71300,71100,71100,3
2019.11.03,16:43,71000,71300,71000,71300,2
2019.11.03,16:45,71200,71300,71200,71300,8
2019.11.03,16:46,71200,71200,71200,71200,1
2019.11.03,16:47,71100,71200,71100,71100,3
2019.11.03,16:48,71200,71200,71200,71200,1
2019.11.03,16:50,71300,71300,71200,71200,2
2019.11.03,16:51,71300,71300,71200,71300,3
2019.11.03,16:52,71200,71400,71200,71400,3
2019.11.03,16:54,71500,71500,71300,71400,4
2019.11.03,16:57,71300,71400,71300,71400,4
2019.11.03,16:58,71300,71400,71300,71400,2
2019.11.03,16:59,71300,71400,71200,71300,5
2019.11.04,10:30,70300,71200,70300,71200,11
2019.11.04,10:31,71100,71200,70800,71200,6
2019.11.04,10:32,70800,71000,70800,71000,2
2019.11.04,10:33,71100,71300,71000,71300,4
2019.11.04,10:34,71200,71200,71200,71200,1
2019.11.04,10:35,71100,71100,71000,71000,2
2019.11.04,10:36,71100,71200,71000,71200,6
2019.11.04,10:37,71300,71300,71200,71200,2
2019.11.04,10:40,70900,71000,70900,71000,4
2019.11.04,10:41,70800,70900,70800,70900,2
2019.11.04,10:43,70800,70800,70800,70800,1
2019.11.04,10:44,70700,70700,70500,70600,5
2019.11.04,10:45,70500,70600,70000,70100,8
2019.11.04,10:46,70000,70000,70000,70000,1
2019.11.04,10:47,70100,70300,70000,70000,4
2019.11.04,10:48,69900,70000,69700,69700,7
2019.11.04,10:49,69600,69600,69400,69400,7
2019.11.04,10:50,69500,69500,68900,68900,9
2019.11.04,10:51,68800,69100,68800,69100,2
2019.11.04,10:52,69300,69400,69200,69400,4
2019.11.04,10:53,69300,69300,69300,69300,1
2019.11.04,10:54,69400,69400,69300,69300,2
2019.11.04,10:55,69400,69700,69400,69700,4
2019.11.04,10:56,69600,69600,69400,69600,5
2019.11.04,10:57,69500,69800,69400,69700,6
2019.11.04,10:58,69500,69800,69500,69800,3
2019.11.04,10:59,69900,70200,69900,70100,7
2019.11.04,11:00,70000,70000,70000,70000,1
2019.11.04,11:01,70200,70200,69900,69900,2
2019.11.04,11:02,70000,70100,70000,70100,2
2019.11.04,11:03,70000,70500,70000,70500,3
2019.11.04,11:04,70300,70300,70100,70100,2
2019.11.04,11:07,70000,70100,69900,69900,4
2019.11.04,11:08,69800,69800,69800,69800,1
2019.11.04,11:09,69700,69700,69700,69700,1
2019.11.04,11:10,69800,69800,69600,69600,2
2019.11.04,11:12,69700,69700,69700,69700,1
2019.11.04,11:13,69800,69900,69800,69900,2
2019.11.04,11:14,70000,70000,70000,70000,1
2019.11.04,11:15,69800,70000,69800,70000,6
2019.11.04,11:16,69800,69900,69800,69900,2
2019.11.04,11:17,70000,70000,69800,69900,4
2019.11.04,11:18,69800,69800,69800,69800,1
2019.11.04,11:20,69900,69900,69800,69900,5
2019.11.04,11:21,69800,69900,69800,69900,4
2019.11.04,11:22,69800,69800,69800,69800,1
2019.11.04,11:23,69700,69700,69600,69600,2
2019.11.04,11:24,69500,69600,69500,69600,2
2019.11.04,11:25,69700,69700,69700,69700,1
2019.11.04,11:26,69800,69800,69800,69800,1
2019.11.04,11:27,69700,69800,69700,69800,2
2019.11.04,11:28,69900,69900,69900,69900,1
2019.11.04,11:29,69800,69800,69800,69800,1
2019.11.04,11:30,69700,69700,69700,69700,1
2019.11.04,11:31,69800,70000,69800,70000,3
2019.11.04,11:32,69900,70000,69900,70000,2
2019.11.04,11:33,69900,69900,69900,69900,1
2019.11.04,11:34,69800,69800,69800,69800,1
2019.11.04,11:35,70000,70000,70000,70000,1
2019.11.04,11:36,70100,70100,69900,69900,2
2019.11.04,11:37,70000,70000,69900,69900,6
2019.11.04,11:38,69800,70000,69800,70000,2
2019.11.04,11:40,70100,70100,70100,70100,1
2019.11.04,11:42,70000,70100,70000,70100,2
2019.11.04,11:43,70000,70000,70000,70000,1
2019.11.04,11:46,70100,70100,70100,70100,1
2019.11.04,11:48,70000,70100,70000,70100,2
2019.11.04,11:50,70000,70000,69900,69900,2
2019.11.04,11:51,70000,70000,70000,70000,1
2019.11.04,11:52,69900,69900,69900,69900,1
2019.11.04,11:53,70000,70000,70000,70000,1
2019.11.04,11:54,70100,70100,70000,70100,3
2019.11.04,11:55,70000,70000,69800,69800,2
2019.11.04,11:56,69900,69900,69800,69800,2
2019.11.04,11:57,70000,70000,70000,70000,1
2019.11.04,12:00,69900,70100,69900,70100,3
2019.11.04,12:01,70000,70100,70000,70100,4
2019.11.04,12:03,70000,70200,70000,70000,4
2019.11.04,12:04,70100,70200,70100,70200,2
2019.11.04,12:06,70300,70300,70200,70200,2
2019.11.04,12:08,70300,70400,70300,70400,2
2019.11.04,12:10,70500,70600,70500,70600,2
2019.11.04,12:11,70500,70600,70500,70600,2
2019.11.04,12:12,70700,70700,70700,70700,1
2019.11.04,12:15,70600,70600,70600,70600,1
2019.11.04,12:17,70500,70600,70500,70600,2
2019.11.04,12:18,70500,70500,70500,70500,1
2019.11.04,12:20,70600,70600,70600,70600,1
2019.11.04,12:21,70700,70700,70700,70700,1
2019.11.04,12:23,70600,70600,70600,70600,1
2019.11.04,12:24,70500,70800,70500,70800,3
2019.11.04,12:25,70700,70800,70700,70700,3
2019.11.04,12:26,70800,70800,70700,70800,3
2019.11.04,12:30,70700,70700,70700,70700,1
2019.11.04,12:31,70800,70800,70700,70700,2
2019.11.04,12:33,70800,70800,70800,70800,1
2019.11.04,12:34,70600,70600,70600,70600,1
2019.11.04,12:35,70700,70700,70700,70700,1
2019.11.04,12:36,70900,71300,70900,71300,5
2019.11.04,12:37,71200,71400,71200,71300,8
2019.11.04,12:38,71500,71500,71000,71000,4
2019.11.04,12:39,70800,71300,70700,71000,5
2019.11.04,12:40,71200,71200,71100,71200,3
2019.11.04,12:41,71000,71000,71000,71000,1
2019.11.04,12:42,71100,71100,71100,71100,1
2019.11.04,12:44,71000,71000,70900,70900,2
2019.11.04,12:45,71000,71000,70800,71000,3
2019.11.04,12:46,71100,71100,71100,71100,1
2019.11.04,12:47,71000,71000,71000,71000,1
2019.11.04,12:48,71100,71100,71100,71100,1
2019.11.04,12:50,71200,71200,71200,71200,1
2019.11.04,12:52,71100,71100,71100,71100,1
2019.11.04,12:53,70900,70900,70900,70900,1
2019.11.04,12:55,71100,71100,71100,71100,1
2019.11.04,12:56,70800,70800,70800,70800,1
2019.11.04,12:57,70700,70700,70700,70700,1
2019.11.04,12:58,70800,70800,70800,70800,1
2019.11.04,12:59,70900,71000,70900,71000,2
2019.11.04,13:01,70900,71100,70900,71100,2
2019.11.04,13:02,71200,71200,71200,71200,1
2019.11.04,13:03,71300,71400,71300,71300,3
2019.11.04,13:04,71200,71300,71200,71300,2
2019.11.04,13:05,71100,71100,71000,71000,2
2019.11.04,13:06,70900,71000,70900,71000,2
2019.11.04,13:07,71100,71100,71100,71100,1
2019.11.04,13:09,71000,71000,71000,71000,1
2019.11.04,13:10,71100,71200,71100,71100,3
2019.11.04,13:12,71000,71100,70900,70900,3
2019.11.04,13:13,71000,71100,71000,71100,4
2019.11.04,13:14,71200,71200,71100,71100,2
2019.11.04,13:17,71200,71200,71200,71200,1
2019.11.04,13:19,71300,71300,71200,71200,2
2019.11.04,13:20,71100,71100,71100,71100,1
2019.11.04,13:21,71000,71000,71000,71000,1
2019.11.04,13:23,70900,70900,70900,70900,1
2019.11.04,13:25,71100,71100,71100,71100,1
2019.11.04,13:26,71000,71000,71000,71000,1
2019.11.04,13:27,71100,71200,71000,71000,4
2019.11.04,13:28,71200,71200,71000,71000,2
2019.11.04,13:30,70900,70900,70900,70900,1
2019.11.04,13:31,71000,71100,71000,71000,3
2019.11.04,13:39,70800,70800,70800,70800,1
2019.11.04,13:40,70900,70900,70900,70900,1
2019.11.04,13:42,71000,71000,71000,71000,1
2019.11.04,13:43,71100,71100,71000,71000,2
2019.11.04,13:44,71100,71100,71100,71100,1
2019.11.04,13:45,71000,71100,71000,71100,4
2019.11.04,13:46,71200,71200,71200,71200,1
2019.11.04,13:47,71100,71200,71100,71200,2
2019.11.04,13:48,71300,71300,71100,71100,4
2019.11.04,13:50,71300,71300,71300,71300,1
2019.11.04,13:51,71200,71200,71100,71200,3
2019.11.04,13:54,71300,71300,71300,71300,1
2019.11.04,13:56,71400,71400,71400,71400,1
2019.11.04,13:57,71300,71300,71300,71300,1
2019.11.04,13:58,71200,71300,71200,71200,3
2019.11.04,13:59,71100,71200,71000,71200,3
2019.11.04,14:00,71100,71100,70900,70900,3
2019.11.04,14:01,71000,71000,71000,71000,1
2019.11.04,14:03,70900,71000,70900,70900,3
2019.11.04,14:05,71000,71000,71000,71000,1
2019.11.04,14:06,71100,71100,71100,71100,1
2019.11.04,14:07,70900,70900,70900,70900,1
2019.11.04,14:08,71000,71000,71000,71000,1
2019.11.04,14:09,70900,70900,70900,70900,1
2019.11.04,14:10,70800,70800,70800,70800,1
2019.11.04,14:12,70900,70900,70800,70800,2
2019.11.04,14:14,70900,70900,70900,70900,1
2019.11.04,14:16,71000,71000,71000,71000,1
2019.11.04,14:19,71100,71100,71100,71100,1
2019.11.04,14:25,71000,71000,71000,71000,1
2019.11.04,14:28,70900,70900,70900,70900,1
2019.11.04,14:29,71000,71000,71000,71000,1
2019.11.04,14:30,70900,70900,70700,70700,4
2019.11.04,14:31,70600,70600,70400,70400,3
2019.11.04,14:32,70300,70300,70300,70300,1
2019.11.04,14:33,70400,70600,70300,70600,5
2019.11.04,14:34,70500,70700,70400,70400,4
2019.11.04,14:35,70700,70700,70400,70400,3
2019.11.04,14:37,70300,70400,70300,70400,2
2019.11.04,14:38,70500,70500,70500,70500,1
2019.11.04,14:39,70600,70700,70600,70700,2
2019.11.04,14:40,70600,70600,70600,70600,1
2019.11.04,14:41,70500,70500,70500,70500,1
2019.11.04,14:42,70600,70600,70400,70400,3
2019.11.04,14:44,70600,70600,70600,70600,1
2019.11.04,14:47,70700,70700,70700,70700,1
2019.11.04,14:51,70500,70600,70400,70600,3
2019.11.04,14:54,70500,70600,70500,70600,2
2019.11.04,14:57,70700,70700,70600,70600,2
2019.11.04,14:58,70700,70700,70700,70700,1
2019.11.04,15:00,70800,70800,70800,70800,1
2019.11.04,15:01,70700,70700,70700,70700,1
2019.11.04,15:02,70900,70900,70700,70700,2
2019.11.04,15:03,70800,70900,70800,70900,2
2019.11.04,15:04,70600,70900,70600,70900,2
2019.11.04,15:05,70700,70700,70700,70700,1
2019.11.04,15:08,70900,70900,70900,70900,1
2019.11.04,15:12,70800,70800,70800,70800,1
2019.11.04,15:15,70700,70700,70600,70600,2
2019.11.04,15:17,70800,70800,70500,70800,3
2019.11.04,15:18,70700,70800,70700,70700,3
2019.11.04,15:19,70800,70800,70700,70700,2
2019.11.04,15:21,70800,70800,70800,70800,1
2019.11.04,15:23,70700,70700,70700,70700,1
2019.11.04,15:27,70600,70600,70500,70600,3
2019.11.04,15:28,70500,70500,70500,70500,1
2019.11.04,15:29,70600,70700,70400,70700,3
2019.11.04,15:30,70500,70700,70500,70500,3
2019.11.04,15:31,70600,70600,70600,70600,1
2019.11.04,15:33,70500,70500,70400,70400,2
2019.11.04,15:34,70500,70500,70400,70400,2
2019.11.04,15:37,70600,70600,70600,70600,1
2019.11.04,15:38,70400,70400,70400,70400,1
2019.11.04,15:42,70300,70400,70300,70300,3
2019.11.04,15:43,70400,70400,70400,70400,1
2019.11.04,15:45,70500,70500,70500,70500,1
2019.11.04,15:46,70600,70600,70600,70600,1
2019.11.04,15:47,70500,70500,70300,70400,4
2019.11.04,15:48,70300,70600,70300,70600,3
2019.11.04,15:49,70400,70400,70400,70400,1
2019.11.04,15:50,70300,70600,69400,69900,8
2019.11.04,15:51,69300,69900,69300,69800,4
2019.11.04,15:52,70000,70000,70000,70000,1
2019.11.04,15:54,69800,69900,69800,69900,2
2019.11.04,15:55,69800,69900,69800,69900,2
2019.11.04,15:57,69800,69800,69800,69800,1
2019.11.04,15:58,69900,69900,69900,69900,1
2019.11.04,15:59,70000,70000,70000,70000,1
2019.11.04,16:00,70100,70100,70100,70100,1
2019.11.04,16:04,70000,70100,70000,70100,2
2019.11.04,16:06,70200,70200,70000,70000,2
2019.11.04,16:11,69900,70000,69900,70000,2
2019.11.04,16:12,69900,69900,69800,69800,2
2019.11.04,16:16,69900,69900,69800,69800,2
2019.11.04,16:17,69700,69700,69500,69500,3
2019.11.04,16:18,69400,69600,69400,69600,3
2019.11.04,16:19,69500,69500,69300,69300,3
2019.11.04,16:20,69200,69200,69100,69200,3
2019.11.04,16:21,69100,69400,69100,69100,7
2019.11.04,16:22,69400,69400,69100,69100,2
2019.11.04,16:23,69000,69000,69000,69000,1
2019.11.04,16:25,69200,69500,69100,69400,10
2019.11.04,16:26,69700,69800,69700,69800,2
2019.11.04,16:27,69700,69800,69700,69700,3
2019.11.04,16:28,69800,69800,69600,69700,3
2019.11.04,16:31,69800,69800,69600,69600,2
2019.11.04,16:32,69800,69800,69800,69800,1
2019.11.04,16:34,69900,69900,69900,69900,1
2019.11.04,16:37,70000,70000,69700,69700,2
2019.11.04,16:38,69500,69500,69300,69300,2
2019.11.04,16:39,69400,69400,69400,69400,1
2019.11.04,16:41,69700,69900,69700,69900,4
2019.11.04,16:45,69800,69800,69800,69800,1
2019.11.04,16:46,69900,69900,69900,69900,1
2019.11.04,16:47,69700,69700,69500,69500,3
2019.11.04,16:48,69400,69400,69300,69400,3
2019.11.04,16:49,69300,69300,69000,69000,10
2019.11.04,16:50,69100,69100,69000,69000,4
2019.11.04,16:51,69100,69100,68900,68900,5
2019.11.04,16:52,68800,68900,68700,68900,4
2019.11.04,16:53,68800,69200,68800,69200,5
2019.11.04,16:54,69300,69700,69300,69600,5
2019.11.04,16:56,69500,69500,69500,69500,1
2019.11.04,16:58,69600,69600,69600,69600,1
2019.11.04,16:59,69500,69600,69500,69500,3
2019.11.05,10:30,69800,70100,69800,70000,5
2019.11.05,10:31,69900,70000,69900,70000,6
2019.11.05,10:32,69900,70200,69900,70200,7
2019.11.05,10:33,69900,70000,69900,70000,4
2019.11.05,10:35,70100,70200,70100,70200,2
2019.11.05,10:36,70000,70100,70000,70000,3
2019.11.05,10:37,70200,70300,70100,70300,4
2019.11.05,10:38,70200,70300,70200,70300,2
2019.11.05,10:39,70200,70200,70100,70200,5
2019.11.05,10:41,70300,70300,70300,70300,1
2019.11.05,10:43,70400,70500,70300,70400,7
2019.11.05,10:44,70500,70700,70400,70700,9
2019.11.05,10:45,70600,70700,70500,70700,3
2019.11.05,10:46,70500,70500,70500,70500,1
2019.11.05,10:47,70600,70600,70600,70600,1
2019.11.05,10:48,70400,70400,70300,70300,2
2019.11.05,10:50,70200,70200,70100,70100,2
2019.11.05,10:51,70000,70000,69900,70000,3
2019.11.05,10:53,70200,70300,70200,70300,2
2019.11.05,10:55,70200,70200,70200,70200,1
2019.11.05,10:56,70300,70300,70300,70300,1
2019.11.05,10:58,70200,70200,70200,70200,1
2019.11.05,10:59,70000,70000,70000,70000,1
2019.11.05,11:02,70100,70100,70000,70000,2
2019.11.05,11:03,70100,70100,70100,70100,1
2019.11.05,11:04,70000,70000,69900,70000,3
2019.11.05,11:06,69900,70000,69900,70000,2
2019.11.05,11:07,69900,69900,69900,69900,1
2019.11.05,11:08,70000,70100,70000,70000,3
2019.11.05,11:09,69900,69900,69800,69900,3
2019.11.05,11:10,69800,69900,69800,69900,2
2019.11.05,11:11,69800,69900,69800,69900,2
2019.11.05,11:12,69800,69800,69700,69800,3
2019.11.05,11:13,69700,69700,69700,69700,1
2019.11.05,11:14,69800,69800,69700,69800,3
2019.11.05,11:15,69700,69700,69700,69700,1
2019.11.05,11:16,69800,69800,69700,69700,2
2019.11.05,11:17,69800,69800,69800,69800,1
2019.11.05,11:19,69900,69900,69900,69900,1
2019.11.05,11:21,70000,70000,69900,69900,2
2019.11.05,11:22,70000,70000,70000,70000,1
2019.11.05,11:25,69800,69900,69800,69900,2
2019.11.05,11:26,69800,69800,69800,69800,1
2019.11.05,11:27,69700,69700,69700,69700,1
2019.11.05,11:29,69800,69900,69800,69900,2
2019.11.05,11:30,70000,70000,70000,70000,1
2019.11.05,11:33,69800,69800,69800,69800,1
2019.11.05,11:34,69700,69700,69700,69700,1
2019.11.05,11:36,69800,69800,69700,69700,2
2019.11.05,11:37,69900,69900,69600,69600,2
2019.11.05,11:38,69700,69700,69700,69700,1
2019.11.05,11:39,69600,69700,69600,69700,2
2019.11.05,11:40,69900,69900,69900,69900,1
2019.11.05,11:41,69800,69800,69700,69700,2
2019.11.05,11:42,69800,69800,69800,69800,1
2019.11.05,11:44,69900,69900,69800,69800,2
2019.11.05,11:48,69900,69900,69900,69900,1
2019.11.05,11:49,69800,69900,69800,69900,2
2019.11.05,11:50,70000,70000,70000,70000,1
2019.11.05,11:51,70100,70100,70000,70000,2
2019.11.05,11:54,70100,70100,70000,70100,3
2019.11.05,11:55,70000,70200,70000,70000,4
2019.11.05,11:56,70100,70100,70100,70100,1
2019.11.05,11:57,70000,70200,70000,70000,3
2019.11.05,11:59,70100,70100,70100,70100,1
2019.11.05,12:00,70000,70100,70000,70100,2
2019.11.05,12:01,70200,70200,70200,70200,1
2019.11.05,12:02,70100,70100,70100,70100,1
2019.11.05,12:03,69900,69900,69900,69900,1
2019.11.05,12:06,70100,70200,70100,70200,2
2019.11.05,12:07,70000,70000,70000,70000,1
2019.11.05,12:08,70300,70300,70300,70300,1
2019.11.05,12:09,70400,70400,70400,70400,1
2019.11.05,12:10,70200,70400,70200,70400,2
2019.11.05,12:12,70300,70500,70300,70500,3
2019.11.05,12:13,70600,70600,70500,70500,2
2019.11.05,12:14,70600,70600,70500,70600,3
2019.11.05,12:16,70700,70700,70700,70700,1
2019.11.05,12:17,70600,70700,70600,70600,3
2019.11.05,12:18,70700,70700,70600,70600,4
2019.11.05,12:19,70700,70700,70300,70300,3
2019.11.05,12:20,70400,70500,70400,70500,2
2019.11.05,12:22,70600,70700,70600,70700,2
2019.11.05,12:23,70500,70500,70500,70500,1
2019.11.05,12:24,70400,70400,70200,70200,3
2019.11.05,12:26,70600,70600,70600,70600,1
2019.11.05,12:27,70700,70700,70700,70700,1
2019.11.05,12:28,70800,70800,70800,70800,1
2019.11.05,12:30,70700,70800,70700,70800,2
2019.11.05,12:31,70900,70900,70600,70600,4
2019.11.05,12:32,70900,70900,70600,70800,3
2019.11.05,12:33,70900,70900,70900,70900,1
2019.11.05,12:35,70800,71000,70800,70900,4
2019.11.05,12:36,70700,70900,70700,70900,4
2019.11.05,12:37,70700,70900,70500,70900,5
2019.11.05,12:39,70800,70900,70800,70800,3
2019.11.05,12:40,70900,70900,70900,70900,1
2019.11.05,12:42,71000,71000,71000,71000,1
2019.11.05,12:43,70900,70900,70900,70900,1
2019.11.05,12:44,70800,70800,70800,70800,1
2019.11.05,12:45,70700,70700,70600,70700,5
2019.11.05,12:46,70500,70900,70500,70900,4
2019.11.05,12:47,71000,71000,70900,70900,2
2019.11.05,12:48,71000,71000,70900,70900,2
2019.11.05,12:50,71000,71000,70900,70900,2
2019.11.05,12:51,70800,70800,70800,70800,1
2019.11.05,12:52,70900,70900,70900,70900,1
2019.11.05,12:54,70800,70900,70700,70700,3
2019.11.05,12:55,70900,70900,70900,70900,1
2019.11.05,12:59,70800,71000,70800,71000,3
2019.11.05,13:01,70900,71000,70900,71000,2
2019.11.05,13:02,71100,71100,71000,71000,4
2019.11.05,13:03,71100,71100,71100,71100,1
2019.11.05,13:08,71000,71000,71000,71000,1
2019.11.05,13:09,70900,70900,70900,70900,1
2019.11.05,13:17,70800,70900,70800,70900,2
2019.11.05,13:18,70800,70800,70800,70800,1
2019.11.05,13:19,70900,70900,70900,70900,1
2019.11.05,13:20,71000,71000,70900,70900,2
2019.11.05,13:22,71000,71000,71000,71000,1
2019.11.05,13:25,70800,70800,70800,70800,1
2019.11.05,13:26,71000,71000,71000,71000,1
2019.11.05,13:27,71100,71100,71100,71100,1
2019.11.05,13:29,71200,71300,71200,71300,2
2019.11.05,13:30,71400,71400,71400,71400,1
2019.11.05,13:31,71300,71300,71200,71200,2
2019.11.05,13:32,71100,71100,71100,71100,1
2019.11.05,13:39,71000,71000,70900,70900,2
2019.11.05,13:41,71000,71000,71000,71000,1
2019.11.05,13:45,71100,71100,71100,71100,1
2019.11.05,13:46,71200,71300,71200,71300,2
2019.11.05,13:48,71400,71500,71400,71500,2
2019.11.05,13:49,71400,71400,71400,71400,1
2019.11.05,13:51,71300,71300,71300,71300,1
2019.11.05,13:57,71200,71200,71200,71200,1
2019.11.05,13:58,71100,71100,71100,71100,1
2019.11.05,14:01,71000,71000,71000,71000,1
2019.11.05,14:02,70900,70900,70900,70900,1
2019.11.05,14:04,70800,70800,70700,70700,2
2019.11.05,14:05,70600,70600,70400,70400,3
2019.11.05,14:07,70700,70700,70700,70700,1
2019.11.05,14:09,70500,70500,70500,70500,1
2019.11.05,14:11,70400,70400,70300,70300,2
2019.11.05,14:12,70200,70600,70000,70600,4
2019.11.05,14:13,70200,70200,70200,70200,1
2019.11.05,14:14,70100,70100,70100,70100,1
2019.11.05,14:15,70000,70400,70000,70000,3
2019.11.05,14:16,70100,70100,70100,70100,1
2019.11.05,14:18,70300,70400,70300,70400,2
2019.11.05,14:21,70300,70300,70300,70300,1
2019.11.05,14:23,70100,70100,70000,70000,2
2019.11.05,14:25,70100,70100,70100,70100,1
2019.11.05,14:27,70000,70000,70000,70000,1
2019.11.05,14:29,70100,70100,70100,70100,1
2019.11.05,14:31,70000,70200,70000,70100,4
2019.11.05,14:32,70000,70300,70000,70300,2
2019.11.05,14:34,70100,70100,70000,70000,2
2019.11.05,14:35,70200,70200,70200,70200,1
2019.11.05,14:36,70300,70400,70000,70400,4
2019.11.05,14:37,70100,70300,70100,70300,2
2019.11.05,14:40,70100,70100,70100,70100,1
2019.11.05,14:42,70000,70000,70000,70000,1
2019.11.05,14:43,69900,70000,69900,70000,2
2019.11.05,14:44,70100,70100,70100,70100,1
2019.11.05,14:52,70200,70200,70200,70200,1
2019.11.05,14:56,70100,70100,70100,70100,1
2019.11.05,14:57,70200,70200,70200,70200,1
2019.11.05,15:02,70300,70300,70300,70300,1
2019.11.05,15:04,70200,70200,70200,70200,1
2019.11.05,15:12,70100,70100,70100,70100,1
2019.11.05,15:13,70200,70200,70200,70200,1
2019.11.05,15:16,70300,70300,70100,70100,2
2019.11.05,15:17,70000,70000,70000,70000,1
2019.11.05,15:19,70100,70100,70100,70100,1
2019.11.05,15:20,70000,70100,70000,70100,2
2019.11.05,15:37,70000,70000,70000,70000,1
2019.11.05,15:39,70200,70200,70200,70200,1
2019.11.05,15:59,70100,70100,70100,70100,1
2019.11.05,16:03,70000,70000,70000,70000,1
2019.11.05,16:05,70100,70100,70100,70100,1
2019.11.05,16:07,70000,70000,70000,70000,1
2019.11.05,16:11,69900,69900,69900,69900,1
2019.11.05,16:15,70000,70000,70000,70000,1
2019.11.05,16:19,70200,70200,70200,70200,1
2019.11.05,16:26,70100,70100,70100,70100,1
2019.11.05,16:28,70000,70000,70000,70000,1
2019.11.05,16:32,69900,69900,69900,69900,1
2019.11.05,16:34,69800,69800,69800,69800,1
2019.11.05,16:35,69900,69900,69900,69900,1
2019.11.05,16:39,69800,69800,69800,69800,1
2019.11.05,16:43,69900,69900,69900,69900,1
2019.11.05,16:44,70000,70000,70000,70000,1
2019.11.05,16:46,70100,70100,70100,70100,1
2019.11.05,16:47,70000,70000,70000,70000,1
2019.11.05,16:54,70100,70100,70000,70000,2
2019.11.05,16:59,70100,70100,70000,70000,2
2019.11.07,10:30,70400,70400,70100,70200,4
2019.11.07,10:33,70100,70200,70100,70200,2
2019.11.07,10:34,70300,70300,70300,70300,1
2019.11.07,10:38,70400,70400,70400,70400,1
2019.11.07,10:39,70500,70600,70500,70600,2
2019.11.07,10:40,70800,70800,70700,70800,3
2019.11.07,10:41,70600,70600,70600,70600,1
2019.11.07,10:48,70700,70700,70700,70700,1
2019.11.07,10:49,70600,70700,70600,70700,4
2019.11.07,10:50,70600,70600,70600,70600,1
2019.11.07,10:53,70500,70500,70300,70300,3
2019.11.07,10:55,70200,70200,70000,70000,3
2019.11.07,10:57,70300,70300,70300,70300,1
2019.11.07,11:03,70200,70200,70000,70000,5
2019.11.07,11:04,69900,69900,69800,69800,2
2019.11.07,11:05,69700,69800,69600,69600,4
2019.11.07,11:06,69500,69600,69500,69600,2
2019.11.07,11:07,69700,69700,69700,69700,1
2019.11.07,11:09,69600,69600,69600,69600,1
2019.11.07,11:10,69500,69500,69500,69500,1
2019.11.07,11:11,69600,69600,69600,69600,1
2019.11.07,11:14,69700,69900,69700,69900,2
2019.11.07,11:16,69800,69800,69800,69800,1
2019.11.07,11:18,69900,69900,69700,69700,2
2019.11.07,11:19,69900,69900,69600,69900,3
2019.11.07,11:21,70000,70000,70000,70000,1
2019.11.07,11:23,69900,69900,69900,69900,1
2019.11.07,11:24,70000,70000,70000,70000,1
2019.11.07,11:26,69900,70000,69800,69800,3
2019.11.07,11:33,70000,70000,70000,70000,1
2019.11.07,11:40,69900,69900,69900,69900,1
2019.11.07,11:47,69800,69800,69800,69800,1
2019.11.07,11:48,69700,69700,69700,69700,1
2019.11.07,11:51,70000,70100,70000,70100,2
2019.11.07,11:52,70000,70000,70000,70000,1
2019.11.07,11:57,69900,70100,69900,70100,2
2019.11.07,12:02,70000,70000,70000,70000,1
2019.11.07,12:06,69900,70000,69900,70000,2
2019.11.07,12:14,70100,70100,70100,70100,1
2019.11.07,12:15,70000,70000,70000,70000,1
2019.11.07,12:18,70100,70100,70100,70100,1
2019.11.07,12:32,70000,70000,70000,70000,1
2019.11.07,12:38,69900,69900,69900,69900,1
2019.11.07,12:45,69800,69800,69800,69800,1
2019.11.07,12:46,69900,69900,69900,69900,1
2019.11.07,12:55,70000,70000,70000,70000,1
2019.11.07,13:06,70100,70100,70100,70100,1
2019.11.07,13:17,70200,70200,70200,70200,1
2019.11.07,13:20,70300,70300,70300,70300,1
2019.11.07,13:22,70400,70400,70400,70400,1
2019.11.07,13:24,70200,70200,70200,70200,1
2019.11.07,13:26,70300,70300,70300,70300,1
2019.11.07,13:28,70200,70200,70200,70200,1
2019.11.07,13:31,70400,70500,70400,70500,2
2019.11.07,13:32,70300,70400,70300,70400,2
2019.11.07,13:33,70300,70300,70300,70300,1
2019.11.07,13:35,70200,70300,70200,70300,2
2019.11.07,13:38,70400,70400,70400,70400,1
2019.11.07,13:39,70300,70300,70300,70300,1
2019.11.07,13:40,70400,70400,70400,70400,1
2019.11.07,13:46,70300,70300,70300,70300,1
2019.11.07,13:56,70400,70400,70400,70400,1
2019.11.07,14:00,70300,70300,70300,70300,1
2019.11.07,14:10,70200,70200,70200,70200,1
2019.11.07,14:13,70100,70200,70100,70200,2
2019.11.07,14:19,70300,70300,70200,70200,2
2019.11.07,14:22,70300,70300,70300,70300,1
2019.11.07,14:24,70200,70200,70200,70200,1
2019.11.07,14:33,70300,70300,70300,70300,1
2019.11.07,14:36,70200,70200,70200,70200,1
2019.11.07,14:42,70300,70300,70300,70300,1
2019.11.07,14:47,70400,70400,70300,70300,2
2019.11.07,14:48,70200,70200,70200,70200,1
2019.11.07,14:54,70300,70300,70300,70300,1
2019.11.07,15:02,70200,70200,70200,70200,1
2019.11.07,15:03,70100,70100,70100,70100,1
2019.11.07,15:05,70200,70200,70200,70200,1
2019.11.07,15:08,70100,70100,70100,70100,1
2019.11.07,15:09,70300,70400,70100,70400,3
2019.11.07,15:10,70100,70100,70100,70100,1
2019.11.07,15:11,70000,70000,70000,70000,1
2019.11.07,15:19,70100,70100,70100,70100,1
2019.11.07,15:25,70200,70200,70200,70200,1
2019.11.07,15:26,70100,70100,70100,70100,1
2019.11.07,15:38,70200,70200,70200,70200,1
2019.11.07,15:39,70100,70100,70100,70100,1
2019.11.07,15:42,70200,70200,70200,70200,1
2019.11.07,15:45,70300,70300,70300,70300,1
2019.11.07,15:46,70400,70400,70300,70400,3
2019.11.07,15:47,70300,70300,70200,70200,2
2019.11.07,15:49,70100,70100,70000,70000,2
2019.11.07,15:50,69900,69900,69900,69900,1
2019.11.07,15:51,69800,69800,69800,69800,1
2019.11.07,15:57,69900,69900,69900,69900,1
2019.11.07,15:59,70100,70200,70100,70200,2
2019.11.09,10:29,70600,70600,70600,70600,1
2019.11.09,10:31,70400,70400,70400,70400,1
2019.11.09,10:32,70500,70600,70500,70600,2
2019.11.09,10:34,70200,70500,70200,70500,2
2019.11.09,10:35,70200,70200,70000,70000,2
2019.11.09,10:36,70200,70400,70200,70400,2
2019.11.09,10:37,70300,70300,70300,70300,1
2019.11.09,10:38,70400,70500,70000,70400,6
2019.11.09,10:40,70100,70300,70100,70300,2
2019.11.09,10:41,70200,70200,70200,70200,1
2019.11.09,10:43,70000,70300,70000,70000,5
2019.11.09,10:44,69900,70200,69900,70200,3
2019.11.09,10:45,70300,70300,69900,69900,2
2019.11.09,10:46,70100,70100,70100,70100,1
2019.11.09,10:47,69900,70000,69900,70000,2
2019.11.09,10:48,69800,69800,69800,69800,1
2019.11.09,10:50,69700,69700,69700,69700,1
2019.11.09,10:51,69600,69600,69600,69600,1
2019.11.09,10:52,69500,69500,69400,69400,4
2019.11.09,10:53,69500,69800,69300,69700,4
2019.11.09,10:54,69600,69700,69500,69600,4
2019.11.09,10:55,69500,69500,69500,69500,1
2019.11.09,10:57,69400,69400,69300,69300,2
2019.11.09,10:58,69200,69400,69200,69400,3
2019.11.09,11:02,69500,69600,69500,69600,2
2019.11.09,11:03,69700,69700,69700,69700,1
2019.11.09,11:04,69800,69800,69700,69700,2
2019.11.09,11:05,69500,69500,69500,69500,1
2019.11.09,11:06,69700,69700,69700,69700,1
2019.11.09,11:07,69300,69700,69300,69700,2
2019.11.09,11:08,69300,69300,69300,69300,1
2019.11.09,11:11,69500,69500,69500,69500,1
2019.11.09,11:12,69600,69600,69600,69600,1
2019.11.09,11:13,69700,69700,69700,69700,1
2019.11.09,11:15,69800,69800,69800,69800,1
2019.11.09,11:16,69700,69800,69700,69800,2
2019.11.09,11:18,69900,69900,69900,69900,1
2019.11.09,11:20,69800,69800,69800,69800,1
2019.11.09,11:22,69700,69700,69700,69700,1
2019.11.09,11:24,69600,69600,69600,69600,1
2019.11.09,11:25,69500,69500,69500,69500,1
2019.11.09,11:27,69700,69700,69400,69700,3
2019.11.09,11:29,69500,69500,69500,69500,1
2019.11.09,11:31,69600,69700,69600,69700,2
2019.11.09,11:35,69400,69600,69400,69600,2
2019.11.09,11:36,69700,69700,69400,69700,5
2019.11.09,11:38,69600,69600,69600,69600,1
2019.11.09,11:39,69700,69700,69500,69500,4
2019.11.09,11:40,69800,69800,69700,69700,2
2019.11.09,11:41,69800,69900,69800,69900,4
2019.11.09,11:43,69700,69700,69700,69700,1
2019.11.09,11:44,69500,69700,69500,69700,2
2019.11.09,11:45,69600,69700,69600,69700,2
2019.11.09,11:46,69800,69800,69800,69800,1
2019.11.09,11:50,69700,69700,69700,69700,1
2019.11.09,11:51,69800,69800,69800,69800,1
2019.11.09,11:54,69700,69800,69700,69800,2
2019.11.09,11:56,69700,69800,69700,69800,2
2019.11.09,11:57,69700,69800,69700,69800,2
2019.11.09,12:00,69700,69700,69700,69700,1
2019.11.09,12:01,69800,70100,69800,70100,4
2019.11.09,12:02,69900,70200,69900,70200,2
2019.11.09,12:03,70300,70300,70200,70200,2
2019.11.09,12:05,70100,70200,70100,70200,2
2019.11.09,12:06,70300,70300,70300,70300,1
2019.11.09,12:09,70000,70000,70000,70000,1
2019.11.09,12:16,69900,69900,69800,69800,2
2019.11.09,12:19,69900,69900,69900,69900,1
2019.11.09,12:21,69800,69800,69800,69800,1
2019.11.09,12:22,69900,69900,69800,69800,2
2019.11.09,12:24,69900,69900,69900,69900,1
2019.11.09,12:28,70000,70000,70000,70000,1
2019.11.09,12:32,70100,70100,70000,70100,3
2019.11.09,12:33,70000,70000,70000,70000,1
2019.11.09,12:35,70100,70100,70100,70100,1
2019.11.09,12:36,70000,70000,70000,70000,1
2019.11.09,12:38,70100,70100,70000,70000,2
2019.11.09,12:41,70100,70100,70100,70100,1
2019.11.09,12:45,70000,70000,70000,70000,1
2019.11.09,12:48,69900,70000,69900,70000,2
2019.11.09,12:50,70100,70100,70000,70000,4
2019.11.09,12:51,70100,70200,70000,70200,4
2019.11.09,12:52,70100,70200,70000,70000,3
2019.11.09,12:53,70100,70100,70100,70100,1
2019.11.09,12:54,70200,70200,70100,70100,2
2019.11.09,12:58,70200,70200,70200,70200,1
2019.11.09,12:59,70100,70200,70100,70100,5
2019.11.09,13:00,70000,70100,70000,70100,2
2019.11.09,13:02,70000,70200,70000,70200,2
2019.11.09,13:04,70000,70200,70000,70200,3
2019.11.09,13:06,70100,70100,70100,70100,1
2019.11.09,13:07,70200,70200,70200,70200,1
2019.11.09,13:08,70100,70100,70100,70100,1
2019.11.09,13:12,70000,70100,70000,70100,2
2019.11.09,13:13,70000,70100,70000,70100,2
2019.11.09,13:14,70000,70000,70000,70000,1
2019.11.09,13:15,70100,70100,70100,70100,1
2019.11.09,13:16,70200,70200,70200,70200,1
2019.11.09,13:17,70100,70100,70100,70100,1
2019.11.09,13:18,70200,70200,70100,70100,2
2019.11.09,13:19,70200,70200,70100,70100,2
2019.11.09,13:24,70200,70200,70200,70200,1
2019.11.09,13:25,70100,70200,70100,70200,2
2019.11.09,13:26,70100,70100,70100,70100,1
2019.11.09,13:33,70200,70200,70100,70200,3
2019.11.09,13:36,70100,70100,70100,70100,1
2019.11.09,13:42,70200,70200,70100,70100,2
2019.11.09,13:43,70200,70300,70200,70300,2
2019.11.09,13:44,70400,70400,70300,70300,2
2019.11.09,13:45,70400,70400,70200,70200,2
2019.11.09,13:51,70300,70300,70300,70300,1
2019.11.09,13:52,70100,70100,70100,70100,1
2019.11.09,13:56,70200,70200,70100,70100,2
2019.11.09,13:59,70200,70200,70100,70100,2
2019.11.09,14:04,70000,70000,70000,70000,1
2019.11.09,14:06,70100,70200,70100,70200,2
2019.11.09,14:08,70100,70100,70100,70100,1
2019.11.09,14:10,70200,70200,70200,70200,1
2019.11.09,14:11,70100,70100,70100,70100,1
2019.11.09,14:14,70000,70000,70000,70000,1
2019.11.09,14:15,70100,70100,70100,70100,1
2019.11.09,14:17,70200,70200,70200,70200,1
2019.11.09,14:19,70300,70300,70100,70300,3
2019.11.09,14:20,70200,70300,70200,70300,2
2019.11.09,14:21,70200,70200,70200,70200,1
2019.11.09,14:22,70300,70300,70300,70300,1
2019.11.09,14:24,70200,70200,70200,70200,1
2019.11.09,14:25,70100,70200,70100,70100,3
2019.11.09,14:26,70300,70300,70300,70300,1
2019.11.09,14:28,70200,70200,70200,70200,1
2019.11.09,14:29,70300,70300,70300,70300,1
2019.11.09,14:30,70400,70400,70300,70300,2
2019.11.09,14:32,70200,70200,70200,70200,1
2019.11.09,14:33,70300,70400,70300,70400,2
2019.11.09,14:34,70300,70400,70300,70400,2
2019.11.09,14:35,70300,70300,70300,70300,1
2019.11.09,14:36,70200,70200,70200,70200,1
2019.11.09,14:38,70300,70300,70200,70300,3
2019.11.09,14:39,70200,70200,70200,70200,1
2019.11.09,14:40,70300,70300,70300,70300,1
2019.11.09,14:41,70200,70400,70200,70200,3
2019.11.09,14:42,70400,70400,70200,70200,2
2019.11.09,14:43,70300,70300,70200,70200,2
2019.11.09,14:44,70300,70400,70300,70400,2
2019.11.09,14:47,70300,70300,70300,70300,1
2019.11.09,14:48,70400,70400,70300,70300,2
2019.11.09,14:50,70400,70400,70300,70400,3
2019.11.09,14:51,70300,70300,70300,70300,1
2019.11.09,14:52,70400,70400,70300,70300,2
2019.11.09,14:54,70200,70300,70200,70300,2
2019.11.09,14:57,70400,70400,70400,70400,1
2019.11.09,14:58,70300,70500,70300,70500,3
2019.11.09,14:59,70400,70400,70300,70300,2
2019.11.09,15:01,70400,70400,70300,70300,4
2019.11.09,15:02,70400,70400,70400,70400,1
2019.11.09,15:03,70300,70300,70300,70300,1
2019.11.09,15:05,70200,70300,70200,70300,2
2019.11.09,15:07,70200,70200,70200,70200,1
2019.11.09,15:08,70400,70400,70300,70300,2
2019.11.09,15:11,70200,70200,70200,70200,1
2019.11.09,15:14,70100,70100,70100,70100,1
2019.11.09,15:15,70200,70300,70200,70200,3
2019.11.09,15:16,70100,70100,70100,70100,1
2019.11.09,15:18,70000,70000,70000,70000,1
2019.11.09,15:19,69900,69900,69900,69900,1
2019.11.09,15:20,70000,70000,70000,70000,1
2019.11.09,15:23,70100,70100,70000,70100,3
2019.11.09,15:24,70000,70100,70000,70100,2
2019.11.09,15:27,70000,70000,70000,70000,1
